claim_nbr,order_nbr,contract,license,name,addr,city,state,gpo,invoice_date,invoice_nbr,part,ship_qty,uom,sale,rebate
,2309383972,R705T1,R152,UNIVERSITY OF ROCHESTER/STRONG (BUL,601 ELMWOOD AVE,ROCHESTER,NY,MEDASSETS,02/28/2024,2309383972,656,1.0,CS,139.89,0.0
,2309445050,R705T2,LCAC,UNIV CINCINNATI-WESTCHESTER (LUM),7700 UNIVERSITY DR,WEST CHESTER,OH,MEDASSETS,02/28/2024,2309445050,974,0.2,CS,43.14,0.0
,2309466154,R705T1,W5ZF,VANDERBILT IMAGING (BULK),2000 RICHARD JONES RD STE 270,NASHVILLE,TN,MEDASSETS,02/09/2024,2309466154,656,1.0,CS,139.89,0.0
,2309454825,R705T1,JKFF,NCH MD-HEALTHCARE SYSTEM,350 7TH ST N,NAPLES,FL,MEDASSETS,02/28/2024,2309454825,648,1.0,CS,155.04,0.0
,2309383709,R705T2,LCAC,UNIV CINCINNATI-WESTCHESTER,7700 UNIVERSITY DR,WEST CHESTER,OH,MEDASSETS,02/26/2024,2309383709,974,2.0,CS,431.4,0.0
,2309466155,R705T1,W5ZF,VANDERBILT IMAGING (BULK),2000 RICHARD JONES RD STE 270,NASHVILLE,TN,MEDASSETS,02/28/2024,2309466155,656,1.0,CS,139.89,0.0
,2309469717,R705T1,Q7QB,WMC - LUM ON PALLETS,100 WOODS RD,VALHALLA,NY,MEDASSETS,02/27/2024,2309469717,974,1.0,CS,220.01,0.0
,2309396680,R705T2,6RYB,PROMEDICA CHARLES & VIRG HICK (LUM),5640 N ADRIAN HWY,ADRIAN,MI,MEDASSETS,02/28/2024,2309396680,957,0.3,CS,37.71,0.0
,2309383972,R705T1,R152,UNIVERSITY OF ROCHESTER/STRONG (BUL,601 ELMWOOD AVE,ROCHESTER,NY,MEDASSETS,02/28/2024,2309383972,648,1.0,CS,155.0,0.0
,2309428686,R705T1,BAIR,WESTCHESTER MEDICAL CENTER - LUM CA,100 WOODS RD,VALHALLA,NY,MEDASSETS,02/28/2024,2309428686,946,0.3,CS,48.150000000000006,0.0
,2309558378,R705T1,HFNW,CHILDRENS NATIONAL HOSPITAL(LUM),111 MICHIGAN AVE NW,WASHINGTON,DC,MEDASSETS,02/28/2024,2309558378,646,0.8,CS,101.12,0.0
,2309584564,R705T1,HD25,GRAND RIVER HOSPITAL DISTRICT,501 AIRPORT RD,RIFLE,CO,MEDASSETS,03/01/2024,2309584564,649,1.0,CS,155.09,0.0
,2309503186,R705T1,ECHZ,WILSON MEMORIAL HOSPITAL (LUM),33-57 HARRISON ST,JOHNSON CITY,NY,MEDASSETS,02/27/2024,2309503186,648,0.2,CS,31.02,0.0
,2309562180,R705T2,LCAC,UNIV CINCINNATI-WESTCHESTER,7700 UNIVERSITY DR,WEST CHESTER,OH,MEDASSETS,02/20/2024,2309562180,974,1.0,CS,215.7,0.0
,2309503827,R705T2,KPN9,GRADY HEALTH SYSTEM LUM CARTS,80 JESSE HILL JR DR SE,ATLANTA,GA,MEDASSETS,02/28/2024,2309503827,648,0.2,CS,30.4,0.0
,2309563609,R705T1,HFNW,CHILDRENS NATIONAL HOSPITAL(LUM),111 MICHIGAN AVE NW,WASHINGTON,DC,MEDASSETS,02/29/2024,2309563609,646,0.5,CS,63.2,0.0
,2309500938,R705T1,52FU,IRESEARCH SAVANNAH LLC,6349 ABERCORN ST,SAVANNAH,GA,MEDASSETS,02/02/2024,2309500938,974,1.0,CS,220.01,0.0
,2309503199,R705T2,KPN9,GRADY HEALTH SYSTEM LUM CARTS,80 JESSE HILL JR DR SE,ATLANTA,GA,MEDASSETS,02/28/2024,2309503199,648,0.6,CS,91.19999999999999,0.0
,2309605163,R705T1,XOEL,KECK HOSPITAL OF USC (BULK),1500 SAN PABLO ST,LOS ANGELES,CA,MEDASSETS,02/29/2024,2309605163,956,2.0,CS,316.0,0.0
,2309619536,R705T2,LCAC,UNIV CINCINNATI-WESTCHESTER (LUM),7700 UNIVERSITY DR,WEST CHESTER,OH,MEDASSETS,02/29/2024,2309619536,974,0.2,CS,43.14,0.0
,2309608100,R705T2,SUBS,UNIV CINCINNATI-BCW,3200 BURNET AVE,CINCINNATI,OH,MEDASSETS,02/21/2024,2309608100,974,5.0,CS,1078.5,0.0
,2309656883,R705T1,ECFX,UNIVERSITY OF ROCHESTER/STRONG (LUM,601 ELMWOOD AVE,ROCHESTER,NY,MEDASSETS,02/29/2024,2309656883,646,0.1,CS,12.64,0.0
,2309656872,R705T1,ECFX,UNIVERSITY OF ROCHESTER/STRONG (LUM,601 ELMWOOD AVE,ROCHESTER,NY,MEDASSETS,02/29/2024,2309656872,648,0.3,CS,46.5,0.0
,2309656846,R705T1,ECFX,UNIVERSITY OF ROCHESTER/STRONG (LUM,601 ELMWOOD AVE,ROCHESTER,NY,MEDASSETS,02/29/2024,2309656846,648,0.2,CS,31.02,0.0
,2309656848,R705T1,ECFX,UNIVERSITY OF ROCHESTER/STRONG (LUM,601 ELMWOOD AVE,ROCHESTER,NY,MEDASSETS,02/29/2024,2309656848,648,0.2,CS,31.02,0.0
,2309655243,R705T1,R158,HIGHLAND HOSPITAL-ROCHESTER (LUM),1000 SOUTH AVE,ROCHESTER,NY,MEDASSETS,02/29/2024,2309655243,648,0.1,CS,15.5,0.0
,2309656846,R705T1,ECFX,UNIVERSITY OF ROCHESTER/STRONG (LUM,601 ELMWOOD AVE,ROCHESTER,NY,MEDASSETS,02/29/2024,2309656846,645,0.6,CS,86.94,0.0
,2309656881,R705T1,ECFX,UNIVERSITY OF ROCHESTER/STRONG (LUM,601 ELMWOOD AVE,ROCHESTER,NY,MEDASSETS,02/29/2024,2309656881,648,0.3,CS,46.5,0.0
,2309728646,R705T2,6RYB,PROMEDICA CHARLES & VIRG HICK (LUM),5640 N ADRIAN HWY,ADRIAN,MI,MEDASSETS,03/01/2024,2309728646,957,0.2,CS,25.14,0.0
,2309731436,R705T1,ECFX,UNIVERSITY OF ROCHESTER/STRONG (LUM,601 ELMWOOD AVE,ROCHESTER,NY,MEDASSETS,03/02/2024,2309731436,648,0.5,CS,77.5,0.0
,2309731441,R705T1,ECFX,UNIVERSITY OF ROCHESTER/STRONG (LUM,601 ELMWOOD AVE,ROCHESTER,NY,MEDASSETS,03/02/2024,2309731441,645,0.2,CS,29.0,0.0
,2309733554,R705T1,3NFT,UNIVERSITY OF ROCHESTER-STRONG W (L,156 WEST AVE,BROCKPORT,NY,MEDASSETS,03/02/2024,2309733554,648,0.5,CS,77.5,0.0
,2309786454,R705T1,BAIR,WESTCHESTER MEDICAL CENTER - LUM CA,100 WOODS RD,VALHALLA,NY,MEDASSETS,03/03/2024,2309786454,974,0.2,CS,44.0,0.0
,2309787464,R705T2,KPN9,GRADY HEALTH SYSTEM LUM CARTS,80 JESSE HILL JR DR SE,ATLANTA,GA,MEDASSETS,03/02/2024,2309787464,646,0.1,CS,12.39,0.0
,2309786421,R705T1,BAIR,WESTCHESTER MEDICAL CENTER - LUM CA,100 WOODS RD,VALHALLA,NY,MEDASSETS,03/03/2024,2309786421,974,0.2,CS,44.0,0.0
,2309818201,R705T1,BAIR,WESTCHESTER MEDICAL CENTER - LUM CA,100 WOODS RD,VALHALLA,NY,MEDASSETS,03/04/2024,2309818201,974,0.2,CS,44.0,0.0
,2309828032,R705T1,R152,UNIVERSITY OF ROCHESTER/STRONG (BUL,601 ELMWOOD AVE,ROCHESTER,NY,MEDASSETS,03/03/2024,2309828032,648,0.5,CS,77.5,0.0
,2309788018,R705T2,KPN9,GRADY HEALTH SYSTEM LUM CARTS,80 JESSE HILL JR DR SE,ATLANTA,GA,MEDASSETS,03/02/2024,2309788018,648,0.2,CS,30.4,0.0
,2309871853,R705T1,ECFX,UNIVERSITY OF ROCHESTER/STRONG (LUM,601 ELMWOOD AVE,ROCHESTER,NY,MEDASSETS,03/03/2024,2309871853,646,0.2,CS,25.28,0.0
,2309977805,R705T1,BAIR,WESTCHESTER MEDICAL CENTER - LUM CA,100 WOODS RD,VALHALLA,NY,MEDASSETS,03/05/2024,2309977805,974,0.1,CS,22.0,0.0
,2310005144,R705T1,ECFX,UNIVERSITY OF ROCHESTER/STRONG (LUM,601 ELMWOOD AVE,ROCHESTER,NY,MEDASSETS,03/04/2024,2310005144,645,0.2,CS,29.0,0.0
,2310001572,R705T1,ECFX,UNIVERSITY OF ROCHESTER/STRONG (LUM,601 ELMWOOD AVE,ROCHESTER,NY,MEDASSETS,03/04/2024,2310001572,648,0.5,CS,77.5,0.0
,2309972655,R705T1,BAIR,WESTCHESTER MEDICAL CENTER - LUM CA,100 WOODS RD,VALHALLA,NY,MEDASSETS,03/04/2024,2309972655,946,0.5,CS,80.25,0.0
,2309986486,R705T1,ECHZ,WILSON MEMORIAL HOSPITAL (LUM),33-57 HARRISON ST,JOHNSON CITY,NY,MEDASSETS,03/04/2024,2309986486,648,0.2,CS,31.02,0.0
,2309988600,R705T1,ECHZ,WILSON MEMORIAL HOSPITAL (LUM),33-57 HARRISON ST,JOHNSON CITY,NY,MEDASSETS,03/04/2024,2309988600,648,0.2,CS,31.02,0.0
,2309920567,R705T2,SUBS,UNIV CINCINNATI-BCW,3200 BURNET AVE,CINCINNATI,OH,MEDASSETS,03/04/2024,2309920567,656,2.0,CS,274.3,0.0
,2309986486,R705T1,ECHZ,WILSON MEMORIAL HOSPITAL (LUM),33-57 HARRISON ST,JOHNSON CITY,NY,MEDASSETS,03/04/2024,2309986486,646,0.2,CS,25.28,0.0
,2310046613,R705T1,JKFF,NCH MD-HEALTHCARE SYSTEM,350 7TH ST N,NAPLES,FL,MEDASSETS,03/04/2024,2310046613,648,1.0,CS,155.04,0.0
,2310060134,R705T1,YF19,BROWARD HEALTH MEDICAL CENTER,1600 S ANDREWS AVE,FORT LAUDERDALE,FL,MEDASSETS,02/27/2024,2310060134,646,1.0,CS,126.38,0.0
,2310051233,R705T1,YAZK,THEDACARE REG MED CTR-APPLETON(LUM),1818 N MEADE ST,APPLETON,WI,MEDASSETS,03/04/2024,2310051233,956,1.0,CS,158.0,0.0
,2310072334,R705T1,HFNW,CHILDRENS NATIONAL HOSPITAL(LUM),111 MICHIGAN AVE NW,WASHINGTON,DC,MEDASSETS,03/04/2024,2310072334,648,0.5,CS,77.5,0.0
,2310073987,R705T2,DT9K,UNIVERSITY OF CINCINNATI - UCMC,331 ALBERT SABIN WAY,CINCINNATI,OH,MEDASSETS,03/01/2024,2310073987,974,1.0,CS,215.7,0.0
,2310109143,R705T2,RBBA,PROMEDICA TOLEDO HOSPITAL (LUM),2142 N COVE BLVD,TOLEDO,OH,MEDASSETS,03/05/2024,2310109143,946,0.2,CS,31.48,0.0
,2310163743,R705T1,ZA8B,CASPER MEDICAL IMAGING,419 S WASHINGTON ST STE 101,CASPER,WY,MEDASSETS,03/05/2024,2310163743,648B,1.0,CS,139.94,0.0
,2310169709,R705T1,Q0WK,KENT COUNTY MEMORIAL HOSPITAL,455 TOLL GATE RD,WARWICK,RI,MEDASSETS,03/06/2024,2310169709,648,1.0,CS,155.0,0.0
,2310185288,R705T1,BAIR,WESTCHESTER MEDICAL CENTER - LUM CA,100 WOODS RD,VALHALLA,NY,MEDASSETS,03/05/2024,2310185288,946,1.0,CS,160.5,0.0
,2310160916,R705T1,ECFX,UNIVERSITY OF ROCHESTER/STRONG (LUM,601 ELMWOOD AVE,ROCHESTER,NY,MEDASSETS,03/05/2024,2310160916,648,0.2,CS,31.02,0.0
,2310153838,R705T1,R152,UNIVERSITY OF ROCHESTER/STRONG (BUL,601 ELMWOOD AVE,ROCHESTER,NY,MEDASSETS,03/05/2024,2310153838,648,1.0,CS,155.0,0.0
,2310161125,R705T1,ECHZ,WILSON MEMORIAL HOSPITAL (LUM),33-57 HARRISON ST,JOHNSON CITY,NY,MEDASSETS,03/05/2024,2310161125,646,0.2,CS,25.28,0.0
,2310162402,R705T2,KPN9,GRADY HEALTH SYSTEM LUM CARTS,80 JESSE HILL JR DR SE,ATLANTA,GA,MEDASSETS,03/06/2024,2310162402,648,0.6,CS,91.19999999999999,0.0
,2310155495,R705T2,KPN9,GRADY HEALTH SYSTEM LUM CARTS,80 JESSE HILL JR DR SE,ATLANTA,GA,MEDASSETS,03/05/2024,2310155495,648,0.2,CS,30.4,0.0
,2310095374,R705T1,HDIH,THE UNIVERSITY OF TEXAS SW MEDICAL,6201 HARRY HINES BLVD,DALLAS,TX,MEDASSETS,03/05/2024,2310095374,648,4.0,CS,620.16,0.0
,2310155447,R705T2,KPN9,GRADY HEALTH SYSTEM LUM CARTS,80 JESSE HILL JR DR SE,ATLANTA,GA,MEDASSETS,03/04/2024,2310155447,648,0.2,CS,30.4,0.0
,2310111598,R705T1,QTFA,MADIGAN ARMY MEDICAL CENTER,9040 FITZSIMMONS DR,TACOMA,WA,MEDASSETS,02/27/2024,2310111598,974,3.0,CS,660.03,0.0
,2310164203,R705T1,R998,SILVER CROSS HOSPITAL,1900 SILVER CROSS BLVD,NEW LENOX,IL,MEDASSETS,03/05/2024,2310164203,648,1.0,CS,155.04,0.0
,2310209951,R705T1,JZ5Y,CHS-ST FRANCIS HOSPITAL,100 PORT WASHINGTON BLVD,ROSLYN,NY,MEDASSETS,03/04/2024,2310209951,648,1.0,CS,155.04,0.0
,2310241871,R705T1,5K02,CURE 4 THE KIDS FOUNDATION,1 BREAKTHROUGH WAY STE 300,LAS VEGAS,NV,MEDASSETS,03/05/2024,2310241871,646,3.0,CS,379.14,0.0
,2310251995,R705T1,DYQE,GENESIS HEALTHCARE SYSTEM,2951 MAPLE AVE,ZANESVILLE,OH,MEDASSETS,03/05/2024,2310251995,648,2.0,CS,310.08,0.0
,2310185298,R705T1,BAIR,WESTCHESTER MEDICAL CENTER - LUM CA,100 WOODS RD,VALHALLA,NY,MEDASSETS,03/06/2024,2310185298,974,0.1,CS,22.0,0.0
,2310336854,R705T1,ECHZ,WILSON MEMORIAL HOSPITAL (LUM),33-57 HARRISON ST,JOHNSON CITY,NY,MEDASSETS,03/06/2024,2310336854,648,0.2,CS,31.02,0.0
,2310347686,R705T1,BAIR,WESTCHESTER MEDICAL CENTER - LUM CA,100 WOODS RD,VALHALLA,NY,MEDASSETS,03/06/2024,2310347686,946,1.0,CS,160.5,0.0
,2310260429,R705T1,HFNW,CHILDRENS NATIONAL HOSPITAL(LUM),111 MICHIGAN AVE NW,WASHINGTON,DC,MEDASSETS,03/05/2024,2310260429,646,4.0,CS,505.6,0.0
,2310342810,R705T1,ECFX,UNIVERSITY OF ROCHESTER/STRONG (LUM,601 ELMWOOD AVE,ROCHESTER,NY,MEDASSETS,03/06/2024,2310342810,648,0.2,CS,31.02,0.0
,2310352710,R705T1,DUCM,HIGHLAND HOSPITAL,1000 SOUTH AVE,ROCHESTER,NY,MEDASSETS,03/06/2024,2310352710,645,0.1,CS,14.49,0.0
,2310358638,R705T1,AUJC,HARRISON MEMORIAL HOSPITAL,1210 KY HIGHWAY 36 E,CYNTHIANA,KY,MEDASSETS,03/05/2024,2310358638,648,0.1,CS,15.5,0.0
,2310345403,R705T1,XMYH,FF THOMPSON HEALTH SYSTEM INC (BULK,350 PARRISH ST,CANANDAIGUA,NY,MEDASSETS,03/06/2024,2310345403,645,0.7,CS,101.43,0.0
,2310266049,R705T1,Q7QB,WMC - LUM ON PALLETS,100 WOODS RD,VALHALLA,NY,MEDASSETS,03/05/2024,2310266049,974,1.0,CS,220.01,0.0
,2310326445,R705T2,RBBA,PROMEDICA TOLEDO HOSPITAL (LUM),2142 N COVE BLVD,TOLEDO,OH,MEDASSETS,03/06/2024,2310326445,946,0.2,CS,31.48,0.0
,2310342816,R705T1,ECFX,UNIVERSITY OF ROCHESTER/STRONG (LUM,601 ELMWOOD AVE,ROCHESTER,NY,MEDASSETS,03/06/2024,2310342816,646,0.3,CS,37.92,0.0
,2310366408,R705T1,T821,BUNKIE GENERAL HOSPITAL,427 EVERGREEN ST,BUNKIE,LA,MEDASSETS,03/07/2024,2310366408,649B,1.0,CS,139.94,0.0
,2310389676,R705T1,6D93,UMUC AT ABERDEEN,660 MCHENRY RD,ABERDEEN,MD,MEDASSETS,03/07/2024,2310389676,656,1.0,CS,139.89,0.0
,2310400285,R705T2,LCAC,UNIV CINCINNATI-WESTCHESTER (LUM),7700 UNIVERSITY DR,WEST CHESTER,OH,MEDASSETS,03/06/2024,2310400285,974,1.0,CS,215.7,0.0
,2310416846,R705T2,SUBS,UNIV CINCINNATI-BCW,3200 BURNET AVE,CINCINNATI,OH,MEDASSETS,03/06/2024,2310416846,974,4.0,CS,862.8,0.0
,2310395133,R705T1,5LRQ,AKRON CHILDRENS HOSPITAL,1 PERKINS SQ,AKRON,OH,MEDASSETS,03/06/2024,2310395133,646,2.0,CS,252.76,0.0
,2310405754,R705T1,JKFF,NCH MD-HEALTHCARE SYSTEM,350 7TH ST N,NAPLES,FL,MEDASSETS,03/07/2024,2310405754,648,1.0,CS,155.04,0.0
,2310405777,R705T1,JKFF,NCH MD-HEALTHCARE SYSTEM,350 7TH ST N,NAPLES,FL,MEDASSETS,03/06/2024,2310405777,648,1.0,CS,155.04,0.0
,2310428620,R705T1,X917,COREWELL HEALTH FARMINGTON HILLS HO,28050 GRAND RIVER AVE,FARMINGTON HILLS,MI,MEDASSETS,03/05/2024,2310428620,656,1.0,CS,139.89,0.0
,2310402928,R705T2,LCAC,UNIV CINCINNATI-WESTCHESTER (LUM),7700 UNIVERSITY DR,WEST CHESTER,OH,MEDASSETS,03/06/2024,2310402928,974,0.2,CS,43.14,0.0
,2310407690,R705T1,Q611,FISHER TITUS MEDICAL CENTER,272 BENEDICT AVE,NORWALK,OH,MEDASSETS,03/06/2024,2310407690,957,1.0,CS,128.21,0.0
,2310411971,R705T1,JBCP,TAMPA GENERAL HOSPITAL-SPD,1 TAMPA GENERAL CIR,TAMPA,FL,MEDASSETS,03/07/2024,2310411971,656,1.2,CS,167.88,0.0
,2310390564,R705T2,W479,UPPER VALLEY MEDICAL CENTER,3130 N COUNTY ROAD 25A,TROY,OH,MEDASSETS,02/26/2024,2310390564,957,3.0,CS,377.1,0.0
,2310407686,R705T1,Q611,FISHER TITUS MEDICAL CENTER,272 BENEDICT AVE,NORWALK,OH,MEDASSETS,02/22/2024,2310407686,957,1.0,CS,128.21,0.0
,2310410955,R705T2,Q641,PROMEDICA FLOWER HOSPITAL,5200 HARROUN RD,SYLVANIA,OH,MEDASSETS,03/06/2024,2310410955,957,1.0,CS,125.7,0.0
,2310447778,R705T1,KN7M,ST LUKES CHESTERFIELD,232 S WOODS MILL RD,CHESTERFIELD,MO,MEDASSETS,03/07/2024,2310447778,956,1.0,CS,158.0,0.0
,2310502241,R705T1,RQL9,EMANUEL HOSPITAL,2801 N GANTENBEIN AVE,PORTLAND,OR,MEDASSETS,03/08/2024,2310502241,646,2.0,CS,252.76,0.0
,2310497442,R705T1,BAIR,WESTCHESTER MEDICAL CENTER - LUM CA,100 WOODS RD,VALHALLA,NY,MEDASSETS,03/07/2024,2310497442,946,1.0,CS,160.5,0.0
,2310563733,R705T1,6NHJ,JOHNSTON SMITHFIELD,514 N BRIGHTLEAF BLVD,SMITHFIELD,NC,MEDASSETS,03/07/2024,2310563733,648,1.0,CS,155.04,0.0
,2310564648,R705T2,LCAC,UNIV CINCINNATI-WESTCHESTER (LUM),7700 UNIVERSITY DR,WEST CHESTER,OH,MEDASSETS,03/07/2024,2310564648,974,0.2,CS,43.14,0.0
,2310583368,R705T1,S779,HUNTERDON MEDICAL CENTER,2100 WESCOTT DR,FLEMINGTON,NJ,MEDASSETS,03/06/2024,2310583368,946,1.0,CS,160.5,0.0
,2310453546,R705T2,KPN9,GRADY HEALTH SYSTEM LUM CARTS,80 JESSE HILL JR DR SE,ATLANTA,GA,MEDASSETS,03/07/2024,2310453546,648,1.0,CS,152.0,0.0
,2310590362,R705T1,JC6V,WESTCHESTER COUNTY MEDICAL CTR,100 WOODS RD,VALHALLA,NY,MEDASSETS,03/07/2024,2310590362,974,0.2,CS,44.0,0.0
,2310622017,R705T2,RBBA,PROMEDICA TOLEDO HOSPITAL,2142 N COVE BLVD,TOLEDO,OH,MEDASSETS,03/07/2024,2310622017,956,2.0,CS,309.8,0.0
,2310624187,R705T1,HFNW,CHILDRENS NATIONAL HOSPITAL(LUM),111 MICHIGAN AVE NW,WASHINGTON,DC,MEDASSETS,03/07/2024,2310624187,648,0.3,CS,46.5,0.0
,2310519283,R705T1,UQIF,COURSEY ENTERPRISES INC,1259 S LYNN LN,IDABEL,OK,MEDASSETS,03/08/2024,2310519283,648,3.0,CS,465.12,0.0
,2310525436,R705T1,ECHZ,WILSON MEMORIAL HOSPITAL (LUM),33-57 HARRISON ST,JOHNSON CITY,NY,MEDASSETS,03/07/2024,2310525436,648,0.5,CS,77.5,0.0
,2310450120,R705T1,R152,UNIVERSITY OF ROCHESTER/STRONG (BUL,601 ELMWOOD AVE,ROCHESTER,NY,MEDASSETS,03/06/2024,2310450120,656,1.0,CS,139.89,0.0
,2310509577,R705T1,ECFX,UNIVERSITY OF ROCHESTER/STRONG (LUM,601 ELMWOOD AVE,ROCHESTER,NY,MEDASSETS,03/07/2024,2310509577,648,0.2,CS,31.02,0.0
,2310624130,R705T1,HFNW,CHILDRENS NATIONAL HOSPITAL(LUM),111 MICHIGAN AVE NW,WASHINGTON,DC,MEDASSETS,03/07/2024,2310624130,645,0.8,CS,115.92,0.0
,2310701759,R705T1,BAIR,WESTCHESTER MEDICAL CENTER - LUM CA,100 WOODS RD,VALHALLA,NY,MEDASSETS,03/08/2024,2310701759,974,0.3,CS,66.0,0.0
,2310679364,R705T1,ECFX,UNIVERSITY OF ROCHESTER/STRONG (LUM,601 ELMWOOD AVE,ROCHESTER,NY,MEDASSETS,03/09/2024,2310679364,648,0.2,CS,31.02,0.0
,2310685810,R705T1,ECHZ,WILSON MEMORIAL HOSPITAL (LUM),33-57 HARRISON ST,JOHNSON CITY,NY,MEDASSETS,03/08/2024,2310685810,648,0.2,CS,31.02,0.0
,2310675611,R705T1,JKFF,NCH MD-HEALTHCARE SYSTEM,350 7TH ST N,NAPLES,FL,MEDASSETS,03/08/2024,2310675611,648,1.0,CS,155.04,0.0
,2310701759,R705T1,BAIR,WESTCHESTER MEDICAL CENTER - LUM CA,100 WOODS RD,VALHALLA,NY,MEDASSETS,03/08/2024,2310701759,946,0.2,CS,32.1,0.0
,2310705987,R705T2,KPN9,GRADY HEALTH SYSTEM LUM CARTS,80 JESSE HILL JR DR SE,ATLANTA,GA,MEDASSETS,03/08/2024,2310705987,646,0.1,CS,12.39,0.0
,2310720273,R705T1,HFNW,CHILDRENS NATIONAL HOSPITAL(LUM),111 MICHIGAN AVE NW,WASHINGTON,DC,MEDASSETS,03/08/2024,2310720273,648,0.5,CS,77.5,0.0
,2310703262,R705T2,LCAC,UNIV CINCINNATI-WESTCHESTER (LUM),7700 UNIVERSITY DR,WEST CHESTER,OH,MEDASSETS,03/08/2024,2310703262,974,0.2,CS,43.14,0.0
,2310713720,R705T2,KPN9,GRADY HEALTH SYSTEM LUM CARTS,80 JESSE HILL JR DR SE,ATLANTA,GA,MEDASSETS,03/10/2024,2310713720,648,0.6,CS,91.19999999999999,0.0
,2310710667,R705T2,KPN9,GRADY HEALTH SYSTEM LUM CARTS,80 JESSE HILL JR DR SE,ATLANTA,GA,MEDASSETS,03/09/2024,2310710667,648,0.2,CS,30.4,0.0
,2310707300,R705T1,XOEL,KECK HOSPITAL OF USC (BULK),1500 SAN PABLO ST,LOS ANGELES,CA,MEDASSETS,03/08/2024,2310707300,956,2.0,CS,316.0,0.0
,2310708800,R705T2,KPN9,GRADY HEALTH SYSTEM LUM CARTS,80 JESSE HILL JR DR SE,ATLANTA,GA,MEDASSETS,03/08/2024,2310708800,648,0.4,CS,60.8,0.0
,2310714648,R705T2,RBBA,PROMEDICA TOLEDO HOSPITAL (LUM),2142 N COVE BLVD,TOLEDO,OH,MEDASSETS,03/08/2024,2310714648,957,0.3,CS,37.71,0.0
,2310711924,R705T2,KPN9,GRADY HEALTH SYSTEM LUM CARTS,80 JESSE HILL JR DR SE,ATLANTA,GA,MEDASSETS,03/09/2024,2310711924,646,0.1,CS,12.39,0.0
,2310790579,R705T1,MLBP,PHOEBE PUTNEY MEMORIAL HOSPITAL,1008 N MONROE ST,ALBANY,GA,MEDASSETS,03/11/2024,2310790579,957,1.0,CS,128.21,0.0
,2310776563,R705T1,RQXM,MIDHUDSON REGIONAL HOSPITAL LUM,241 NORTH RD,POUGHKEEPSIE,NY,MEDASSETS,03/08/2024,2310776563,974,0.4,CS,88.0,0.0
,2310798594,R705T1,R152,UNIVERSITY OF ROCHESTER/STRONG (BUL,601 ELMWOOD AVE,ROCHESTER,NY,MEDASSETS,03/10/2024,2310798594,648,0.5,CS,77.5,0.0
,2310776563,R705T1,RQXM,MIDHUDSON REGIONAL HOSPITAL LUM,241 NORTH RD,POUGHKEEPSIE,NY,MEDASSETS,03/08/2024,2310776563,946,0.5,CS,80.25,0.0
,2310774950,R705T1,RQXM,MIDHUDSON REGIONAL HOSPITAL LUM,241 NORTH RD,POUGHKEEPSIE,NY,MEDASSETS,03/08/2024,2310774950,974,0.2,CS,44.0,0.0
,2310821407,R705T1,ZNPV,HUTCHINSON CLINIC,2211 N WALDRON ST,HUTCHINSON,KS,MEDASSETS,03/11/2024,2310821407,648,1.0,CS,155.04,0.0
,2310779010,R705T2,KPN9,GRADY HEALTH SYSTEM LUM CARTS,80 JESSE HILL JR DR SE,ATLANTA,GA,MEDASSETS,03/10/2024,2310779010,648,0.2,CS,30.4,0.0
,2310787781,R705T1,ECFX,UNIVERSITY OF ROCHESTER/STRONG (LUM,601 ELMWOOD AVE,ROCHESTER,NY,MEDASSETS,03/10/2024,2310787781,646,0.6,CS,75.84,0.0
,2310842967,R705T1,S186,KENT - LUM ON UBOAT (LUM),455 TOLL GATE RD,WARWICK,RI,MEDASSETS,03/11/2024,2310842967,648,0.4,CS,62.04,0.0
,2310925593,R705T1,ECFX,UNIVERSITY OF ROCHESTER/STRONG (LUM,601 ELMWOOD AVE,ROCHESTER,NY,MEDASSETS,03/11/2024,2310925593,648,0.1,CS,15.5,0.0
,2310959013,R705T2,LCAC,UNIV CINCINNATI-WESTCHESTER (LUM),7700 UNIVERSITY DR,WEST CHESTER,OH,MEDASSETS,03/12/2024,2310959013,974,1.0,CS,215.7,0.0
,2310941773,R705T2,WFAZ,PMR WILDWOOD,2865 N REYNOLDS RD STE 170,TOLEDO,OH,MEDASSETS,03/06/2024,2310941773,957,10.0,CS,1257.0,0.0
,2310904918,R705T1,HDIH,THE UNIVERSITY OF TEXAS SW MEDICAL,6201 HARRY HINES BLVD,DALLAS,TX,MEDASSETS,03/12/2024,2310904918,648,4.0,CS,620.16,0.0
,2310914715,R705T1,X917,COREWELL HEALTH FARMINGTON HILLS HO,28050 GRAND RIVER AVE,FARMINGTON HILLS,MI,MEDASSETS,03/11/2024,2310914715,656,1.0,CS,139.89,0.0
,2310992166,R705T1,S779,HUNTERDON MEDICAL CENTER,2100 WESCOTT DR,FLEMINGTON,NJ,MEDASSETS,03/12/2024,2310992166,974,1.0,CS,220.01,0.0
,2311089413,R705T1,EPDO,NICKLAUS CHILDRENS HOSPITAL,6150 SW 30TH ST,MIAMI,FL,MEDASSETS,03/13/2024,2311089413,646,4.0,CS,505.52,0.0
,2311094445,R705T2,RBBA,PROMEDICA TOLEDO HOSPITAL (LUM),2142 N COVE BLVD,TOLEDO,OH,MEDASSETS,03/12/2024,2311094445,946,0.3,CS,47.22,0.0
,2310972396,R705T1,JKFF,NCH MD-HEALTHCARE SYSTEM,350 7TH ST N,NAPLES,FL,MEDASSETS,03/12/2024,2310972396,648,1.0,CS,155.04,0.0
,2311032463,R705T2,SUBS,UNIV CINCINNATI-BCW,3200 BURNET AVE,CINCINNATI,OH,MEDASSETS,03/12/2024,2311032463,656,2.0,CS,274.3,0.0
,2310972397,R705T1,JKFF,NCH MD-HEALTHCARE SYSTEM,350 7TH ST N,NAPLES,FL,MEDASSETS,03/12/2024,2310972397,648,1.0,CS,155.04,0.0
,2311000764,R705T2,LCAC,UNIV CINCINNATI-WESTCHESTER,7700 UNIVERSITY DR,WEST CHESTER,OH,MEDASSETS,03/12/2024,2311000764,656,3.0,CS,411.45000000000005,0.0
,2311085927,R705T1,HFNW,CHILDRENS NATIONAL HOSPITAL(LUM),111 MICHIGAN AVE NW,WASHINGTON,DC,MEDASSETS,03/12/2024,2311085927,648,0.5,CS,77.5,0.0
,2311076376,R705T2,KPN9,GRADY HEALTH SYSTEM LUM CARTS,80 JESSE HILL JR DR SE,ATLANTA,GA,MEDASSETS,03/11/2024,2311076376,648,0.2,CS,30.4,0.0
,2311080921,R705T1,VXE3,JOHNS HOPKINS ALL CHILDRENS HOSPITA,501 6TH AVE S,SAINT PETERSBURG,FL,MEDASSETS,03/12/2024,2311080921,645,2.0,CS,289.88,0.0
,2311095101,R705T1,KOGP,REDLANDS COMMUNITY HOSPITAL (BULK),350 TERRACINA BLVD,REDLANDS,CA,MEDASSETS,03/12/2024,2311095101,645,0.1,CS,14.49,0.0
,2311110496,R705T1,R152,UNIVERSITY OF ROCHESTER/STRONG (BUL,601 ELMWOOD AVE,ROCHESTER,NY,MEDASSETS,03/12/2024,2311110496,656,1.0,CS,139.89,0.0
,2311142539,R705T1,HFNW,CHILDRENS NATIONAL HOSPITAL(BULK),111 MICHIGAN AVE NW,WASHINGTON,DC,MEDASSETS,03/12/2024,2311142539,646,1.0,CS,126.38,0.0
,2311168309,R705T1,Q7QB,WMC - LUM ON PALLETS,100 WOODS RD,VALHALLA,NY,MEDASSETS,03/13/2024,2311168309,974,1.0,CS,220.01,0.0
,2311274502,R705T1,R152,UNIVERSITY OF ROCHESTER/STRONG (BUL,601 ELMWOOD AVE,ROCHESTER,NY,MEDASSETS,03/13/2024,2311274502,648,1.0,CS,155.0,0.0
,2311288960,R705T1,29WN,EAST OHIO REGIONAL HOSPITAL,90 N 4TH ST,MARTINS FERRY,OH,MEDASSETS,03/13/2024,2311288960,648,1.0,CS,155.04,0.0
,2311197299,R705T1,CUS2,UNIV OF MARYLAND MED CTR LUM,621 W REDWOOD ST,BALTIMORE,MD,MEDASSETS,03/12/2024,2311197299,957,1.0,CS,128.21,0.0
,2311199537,R705T1,OLWT,WILSON HEALTH,915 W MICHIGAN ST,SIDNEY,OH,MEDASSETS,03/11/2024,2311199537,974,0.2,CS,44.0,0.0
,2311237342,R705T1,ECFX,UNIVERSITY OF ROCHESTER/STRONG (LUM,601 ELMWOOD AVE,ROCHESTER,NY,MEDASSETS,03/13/2024,2311237342,648,0.2,CS,31.02,0.0
,2311246958,R705T1,EPDO,NICKLAUS CHILDRENS HOSPITAL,6150 SW 30TH ST,MIAMI,FL,MEDASSETS,02/28/2024,2311246958,646,9.0,CS,1137.42,0.0
,2311270613,R705T2,RBBA,PROMEDICA TOLEDO HOSPITAL (LUM),2142 N COVE BLVD,TOLEDO,OH,MEDASSETS,03/13/2024,2311270613,946,0.2,CS,31.48,0.0
,2311250748,R705T2,KPN9,GRADY HEALTH SYSTEM LUM CARTS,80 JESSE HILL JR DR SE,ATLANTA,GA,MEDASSETS,03/13/2024,2311250748,648,0.2,CS,30.4,0.0
,2311307850,R705T1,6NHJ,JOHNSTON SMITHFIELD,514 N BRIGHTLEAF BLVD,SMITHFIELD,NC,MEDASSETS,03/02/2024,2311307850,647,1.0,CS,154.84,0.0
,2311351914,R705T1,AUJC,HARRISON MEMORIAL HOSPITAL,1210 KY HIGHWAY 36 E,CYNTHIANA,KY,MEDASSETS,03/14/2024,2311351914,648,0.3,CS,46.5,0.0
,2311461859,R705T2,KPN9,GRADY HEALTH SYSTEM LUM CARTS,80 JESSE HILL JR DR SE,ATLANTA,GA,MEDASSETS,03/13/2024,2311461859,648,0.1,CS,15.2,0.0
,2311467789,R705T2,DT9K,UNIVERSITY OF CINCINNATI - UCMC,331 ALBERT SABIN WAY,CINCINNATI,OH,MEDASSETS,03/14/2024,2311467789,974,1.0,CS,215.7,0.0
,2311351054,R705T1,KGJM,UNIVER OF MD-ST JOSEPH MED CTR-TRIA,7601 OSLER DR,TOWSON,MD,MEDASSETS,03/13/2024,2311351054,648,1.0,CS,155.04,0.0
,2311364454,R705T1,MKSO,BELLIN MEMORIAL HOSPITAL INC,905 CASS ST,GREEN BAY,WI,MEDASSETS,03/13/2024,2311364454,648,1.0,CS,155.04,0.0
,2311394659,R705T1,KN7T,WHITE COUNTY MEDICAL CENTER,3214 E RACE AVE,SEARCY,AR,MEDASSETS,03/14/2024,2311394659,656,1.0,CS,139.89,0.0
,2311465800,R705T2,KPN9,GRADY HEALTH SYSTEM LUM CARTS,80 JESSE HILL JR DR SE,ATLANTA,GA,MEDASSETS,03/14/2024,2311465800,648,0.2,CS,30.4,0.0
,2311489942,R705T1,3KWC,CRYSTAL RUN TRANSFORMATION SERVICES,155 CRYSTAL RUN RD,MIDDLETOWN,NY,MEDASSETS,03/14/2024,2311489942,648,0.5,CS,77.5,0.0
,2311554156,R705T1,ECFX,UNIVERSITY OF ROCHESTER/STRONG (LUM,601 ELMWOOD AVE,ROCHESTER,NY,MEDASSETS,03/16/2024,2311554156,645,0.2,CS,29.0,0.0
,2311465854,R705T2,KPN9,GRADY HEALTH SYSTEM LUM CARTS,80 JESSE HILL JR DR SE,ATLANTA,GA,MEDASSETS,03/14/2024,2311465854,648,0.2,CS,30.4,0.0
,2311463536,R705T1,HFNW,CHILDRENS NATIONAL HOSPITAL(LUM),111 MICHIGAN AVE NW,WASHINGTON,DC,MEDASSETS,03/14/2024,2311463536,648,0.3,CS,46.5,0.0
,2311554155,R705T1,ECFX,UNIVERSITY OF ROCHESTER/STRONG (LUM,601 ELMWOOD AVE,ROCHESTER,NY,MEDASSETS,03/16/2024,2311554155,645,0.2,CS,29.0,0.0
,2311515850,R705T2,W479,UPPER VALLEY MEDICAL CENTER,3130 N COUNTY ROAD 25A,TROY,OH,MEDASSETS,03/14/2024,2311515850,957,3.0,CS,377.1,0.0
,2309532025,R705T1,6S37,LAC-USC MEDICAL CENTER (BULK),2053 MARENGO ST,LOS ANGELES,CA,MEDASSETS,02/21/2024,2309532025,976,-1.0,CS,-203.08,0.0
,2311554185,R705T1,ECFX,UNIVERSITY OF ROCHESTER/STRONG (LUM,601 ELMWOOD AVE,ROCHESTER,NY,MEDASSETS,03/16/2024,2311554185,648,0.3,CS,46.5,0.0
,2311517826,R705T1,LRII,UNIV OF KANSAS HS-INDIAN CREEK,10710 NALL AVE,OVERLAND PARK,KS,MEDASSETS,03/09/2024,2311517826,974,2.0,CS,440.02,0.0
,2311554138,R705T1,ECFX,UNIVERSITY OF ROCHESTER/STRONG (LUM,601 ELMWOOD AVE,ROCHESTER,NY,MEDASSETS,03/16/2024,2311554138,648,0.2,CS,31.02,0.0
,2311554178,R705T1,ECFX,UNIVERSITY OF ROCHESTER/STRONG (LUM,601 ELMWOOD AVE,ROCHESTER,NY,MEDASSETS,03/16/2024,2311554178,648,0.2,CS,31.02,0.0
,2311546689,R705T1,JKFF,NCH MD-HEALTHCARE SYSTEM,350 7TH ST N,NAPLES,FL,MEDASSETS,03/13/2024,2311546689,648,1.0,CS,155.04,0.0
,2311575860,R705T1,X917,COREWELL HEALTH FARMINGTON HILLS HO,28050 GRAND RIVER AVE,FARMINGTON HILLS,MI,MEDASSETS,03/15/2024,2311575860,656,1.0,CS,139.89,0.0
,2311555877,R705T2,6RYB,PROMEDICA CHARLES & VIRG HICK (LUM),5640 N ADRIAN HWY,ADRIAN,MI,MEDASSETS,03/15/2024,2311555877,957,0.3,CS,37.71,0.0
,2311577026,R705T1,ME21,EMORY 100 WOODRUFF CIR NE,100 WOODRUFF CIR NE,ATLANTA,GA,MEDASSETS,03/14/2024,2311577026,648,1.0,CS,155.04,0.0
,2311602959,R705T2,LCAC,UNIV CINCINNATI-WESTCHESTER,7700 UNIVERSITY DR,WEST CHESTER,OH,MEDASSETS,03/15/2024,2311602959,656,1.0,CS,137.15,0.0
,2311624840,R705T1,P115,WASHINGTON REGIONAL MEDICAL CENTER,3215 N NORTHHILLS BLVD,FAYETTEVILLE,AR,MEDASSETS,03/18/2024,2311624840,975,2.0,CS,440.44,0.0
,2311633842,R705T1,U733,WINNESHIEK MEDICAL CENTER,901 MONTGOMERY ST,DECORAH,IA,MEDASSETS,03/18/2024,2311633842,648,0.1,CS,15.5,0.0
,2311656901,R705T1,VXE3,JOHNS HOPKINS ALL CHILDRENS HOSPITA,501 6TH AVE S,SAINT PETERSBURG,FL,MEDASSETS,03/18/2024,2311656901,645,2.0,CS,289.88,0.0
,2311556707,R705T2,6RYB,PROMEDICA CHARLES & VIRG HICK (LUM),5640 N ADRIAN HWY,ADRIAN,MI,MEDASSETS,03/15/2024,2311556707,946,0.1,CS,15.74,0.0
,2311586111,R705T1,V57S,MERCY MEDICAL CENTER,701 10TH ST SE,CEDAR RAPIDS,IA,MEDASSETS,03/15/2024,2311586111,648,1.0,CS,155.04,0.0
,2311584460,R705T1,S156,RUSH COPLEY MEDICAL CENTER,2000 OGDEN AVE,AURORA,IL,MEDASSETS,03/15/2024,2311584460,957,2.0,CS,256.42,0.0
,2311640295,R705T1,RQL9,EMANUEL HOSPITAL,2801 N GANTENBEIN AVE,PORTLAND,OR,MEDASSETS,03/17/2024,2311640295,656,1.0,CS,139.89,0.0
,2311598609,R705T1,5DHG,VASCULAR AND INTERVENTIONAL PARTNER,22455 N MILLER RD STE B100,SCOTTSDALE,AZ,MEDASSETS,03/12/2024,2311598609,648,1.0,CS,155.04,0.0
,2311602959,R705T2,LCAC,UNIV CINCINNATI-WESTCHESTER,7700 UNIVERSITY DR,WEST CHESTER,OH,MEDASSETS,03/15/2024,2311602959,656,1.0,CS,137.15,0.0
,2311602452,R705T1,RQL9,EMANUEL HOSPITAL,2801 N GANTENBEIN AVE,PORTLAND,OR,MEDASSETS,03/17/2024,2311602452,648,2.0,CS,310.08,0.0
,2311697717,R705T1,R152,UNIVERSITY OF ROCHESTER/STRONG (BUL,601 ELMWOOD AVE,ROCHESTER,NY,MEDASSETS,03/17/2024,2311697717,648,1.0,CS,155.0,0.0
,2311776959,R705T1,W5ZF,VANDERBILT IMAGING (BULK),2000 RICHARD JONES RD STE 270,NASHVILLE,TN,MEDASSETS,03/14/2024,2311776959,656,1.0,CS,139.89,0.0
,2311776962,R705T1,W5ZF,VANDERBILT IMAGING (BULK),2000 RICHARD JONES RD STE 270,NASHVILLE,TN,MEDASSETS,03/18/2024,2311776962,656,1.0,CS,139.89,0.0
,2311774777,R705T1,P035,FORREST COUNTY GENERAL HOSPITAL,6051 U S HIGHWAY 49,HATTIESBURG,MS,MEDASSETS,03/19/2024,2311774777,956,1.0,CS,158.0,0.0
,2311779344,R705T2,WFAZ,PMR WILDWOOD,2865 N REYNOLDS RD STE 170,TOLEDO,OH,MEDASSETS,03/13/2024,2311779344,957,12.0,CS,1508.4,0.0
,2311790134,R705T1,QTFA,MADIGAN ARMY MEDICAL CENTER,9040 FITZSIMMONS DR,TACOMA,WA,MEDASSETS,02/27/2024,2311790134,974,-2.0,CS,-440.02,0.0
,2311773066,R705T1,K7NK,SUMMIT MEDICAL GROUP,150 PARK AVE,FLORHAM PARK,NJ,MEDASSETS,03/15/2024,2311773066,648,1.0,CS,155.04,0.0
,2311775554,R705T1,R326,CAYUGA MEDICAL CENTER-AT ITHACA,101 DATES DR,ITHACA,NY,MEDASSETS,03/18/2024,2311775554,649,1.0,CS,155.09,0.0
,2311862900,R705T2,DT9K,UNIVERSITY OF CINCINNATI - UCMC,331 ALBERT SABIN WAY,CINCINNATI,OH,MEDASSETS,03/18/2024,2311862900,974,1.0,CS,215.7,0.0
,2311835628,R705T1,JKFF,NCH MD-HEALTHCARE SYSTEM,350 7TH ST N,NAPLES,FL,MEDASSETS,03/18/2024,2311835628,648,1.0,CS,155.04,0.0
,2311863970,R705T1,5LRQ,AKRON CHILDRENS HOSPITAL,1 PERKINS SQ,AKRON,OH,MEDASSETS,03/18/2024,2311863970,646,2.0,CS,252.76,0.0
,2311862909,R705T2,DT9K,UNIVERSITY OF CINCINNATI - UCMC,331 ALBERT SABIN WAY,CINCINNATI,OH,MEDASSETS,03/18/2024,2311862909,974,1.0,CS,215.7,0.0
,2311821395,R705T1,S156,RUSH COPLEY MEDICAL CENTER,2000 OGDEN AVE,AURORA,IL,MEDASSETS,03/15/2024,2311821395,956,1.0,CS,158.0,0.0
,2311810270,R705T1,GC6Q,LUTHERAN MC-SCL HEALTH FRONT RANGE,8300 W 38TH AVE,WHEAT RIDGE,CO,MEDASSETS,03/06/2024,2311810270,645,1.0,CS,144.94,0.0
,2311851990,R705T1,HFNW,CHILDRENS NATIONAL HOSPITAL(LUM),111 MICHIGAN AVE NW,WASHINGTON,DC,MEDASSETS,03/18/2024,2311851990,646,4.0,CS,505.6,0.0
,2311893193,R705T1,BAIR,WESTCHESTER MEDICAL CENTER - LUM CA,100 WOODS RD,VALHALLA,NY,MEDASSETS,03/19/2024,2311893193,974,0.2,CS,44.0,0.0
,2311937832,R705T1,QTFA,MADIGAN ARMY MEDICAL CENTER,9040 FITZSIMMONS DR,TACOMA,WA,MEDASSETS,03/15/2024,2311937832,974,3.0,CS,660.03,0.0
,2311958455,R705T1,BAIR,WESTCHESTER MEDICAL CENTER - LUM CA,100 WOODS RD,VALHALLA,NY,MEDASSETS,03/20/2024,2311958455,946,0.3,CS,48.150000000000006,0.0
,2311958588,R705T2,RBBA,PROMEDICA TOLEDO HOSPITAL (LUM),2142 N COVE BLVD,TOLEDO,OH,MEDASSETS,03/19/2024,2311958588,946,0.2,CS,31.48,0.0
,2311894069,R705T2,KPN9,GRADY HEALTH SYSTEM LUM CARTS,80 JESSE HILL JR DR SE,ATLANTA,GA,MEDASSETS,03/18/2024,2311894069,648,1.2,CS,182.39999999999998,0.0
,2311943790,R705T1,R152,UNIVERSITY OF ROCHESTER/STRONG (BUL,601 ELMWOOD AVE,ROCHESTER,NY,MEDASSETS,03/19/2024,2311943790,648,1.0,CS,155.0,0.0
,2311957059,R705T1,ECFX,UNIVERSITY OF ROCHESTER/STRONG (LUM,601 ELMWOOD AVE,ROCHESTER,NY,MEDASSETS,03/19/2024,2311957059,646,0.1,CS,12.64,0.0
,2311958455,R705T1,BAIR,WESTCHESTER MEDICAL CENTER - LUM CA,100 WOODS RD,VALHALLA,NY,MEDASSETS,03/20/2024,2311958455,974,0.2,CS,44.0,0.0
,2312025025,R705T2,LCAC,UNIV CINCINNATI-WESTCHESTER (LUM),7700 UNIVERSITY DR,WEST CHESTER,OH,MEDASSETS,03/19/2024,2312025025,974,1.0,CS,215.7,0.0
,2312038637,R705T1,3KWC,CRYSTAL RUN TRANSFORMATION SERVICES,155 CRYSTAL RUN RD,MIDDLETOWN,NY,MEDASSETS,03/19/2024,2312038637,648,0.3,CS,46.5,0.0
,2312066537,R705T1,Q882,DOYLESTOWN HOSPITAL,595 W STATE ST,DOYLESTOWN,PA,MEDASSETS,03/19/2024,2312066537,648,1.0,CS,155.04,0.0
,2312007911,R705T1,MKSO,BELLIN MEMORIAL HOSPITAL INC,905 CASS ST,GREEN BAY,WI,MEDASSETS,03/19/2024,2312007911,648,1.0,CS,155.04,0.0
,2312022925,R705T1,YFZS,NEUROSCIENCE GROUP,1305 W AMERICAN DR,NEENAH,WI,MEDASSETS,03/19/2024,2312022925,648,2.0,CS,310.08,0.0
,2312052782,R705T1,X917,COREWELL HEALTH FARMINGTON HILLS HO,28050 GRAND RIVER AVE,FARMINGTON HILLS,MI,MEDASSETS,03/18/2024,2312052782,656,1.0,CS,139.89,0.0
,2312133376,R705T1,VO33,ROGER WILLIAMS MEDICAL CENTER,825 CHALKSTONE AVE,PROVIDENCE,RI,MEDASSETS,03/20/2024,2312133376,648,1.0,CS,155.04,0.0
,2312162877,R705T2,KPN9,GRADY HEALTH SYSTEM LUM CARTS,80 JESSE HILL JR DR SE,ATLANTA,GA,MEDASSETS,03/20/2024,2312162877,648,0.6,CS,91.19999999999999,0.0
,2312137455,R705T1,R326,CAYUGA MEDICAL CENTER-AT ITHACA,101 DATES DR,ITHACA,NY,MEDASSETS,03/21/2024,2312137455,646,0.1,CS,12.64,0.0
,2312138609,R705T1,ECHZ,WILSON MEMORIAL HOSPITAL (LUM),33-57 HARRISON ST,JOHNSON CITY,NY,MEDASSETS,03/20/2024,2312138609,648,0.3,CS,46.5,0.0
,2312162958,R705T1,R152,UNIVERSITY OF ROCHESTER/STRONG (BUL,601 ELMWOOD AVE,ROCHESTER,NY,MEDASSETS,03/20/2024,2312162958,656,1.0,CS,139.89,0.0
,2312167628,R705T1,BAIR,WESTCHESTER MEDICAL CENTER - LUM CA,100 WOODS RD,VALHALLA,NY,MEDASSETS,03/21/2024,2312167628,946,0.3,CS,48.150000000000006,0.0
,2312182713,R705T1,ECFX,UNIVERSITY OF ROCHESTER/STRONG (LUM,601 ELMWOOD AVE,ROCHESTER,NY,MEDASSETS,03/20/2024,2312182713,646,0.3,CS,37.92,0.0
,2312182709,R705T1,ECFX,UNIVERSITY OF ROCHESTER/STRONG (LUM,601 ELMWOOD AVE,ROCHESTER,NY,MEDASSETS,03/20/2024,2312182709,648,0.2,CS,31.02,0.0
,2312201830,R705T1,UOL7,ARNOT-OGDEN MEDICAL CENTER,600 ROE AVE,ELMIRA,NY,MEDASSETS,03/19/2024,2312201830,648,1.0,CS,155.04,0.0
,2312098380,R705T1,HFNW,CHILDRENS NATIONAL HOSPITAL(LUM),111 MICHIGAN AVE NW,WASHINGTON,DC,MEDASSETS,03/20/2024,2312098380,648,0.3,CS,46.5,0.0
,2312162682,R705T1,BAIR,WESTCHESTER MEDICAL CENTER - LUM CA,100 WOODS RD,VALHALLA,NY,MEDASSETS,03/20/2024,2312162682,946,0.3,CS,48.150000000000006,0.0
,2312167628,R705T1,BAIR,WESTCHESTER MEDICAL CENTER - LUM CA,100 WOODS RD,VALHALLA,NY,MEDASSETS,03/21/2024,2312167628,974,0.2,CS,44.0,0.0
,2312296561,R705T2,SUBS,UNIV CINCINNATI-BCW,3200 BURNET AVE,CINCINNATI,OH,MEDASSETS,03/13/2024,2312296561,974,4.0,CS,862.8,0.0
,2312326078,R705T1,MF5W,GOOD SAMARITAN HOSPITAL,1015 NW 22ND AVE,PORTLAND,OR,MEDASSETS,03/22/2024,2312326078,648,1.0,CS,155.04,0.0
,2312296558,R705T2,SUBS,UNIV CINCINNATI-BCW,3200 BURNET AVE,CINCINNATI,OH,MEDASSETS,03/12/2024,2312296558,656,1.0,CS,137.15,0.0
,2312336351,R705T1,JBCP,TAMPA GENERAL HOSPITAL-SPD,1 TAMPA GENERAL CIR,TAMPA,FL,MEDASSETS,03/22/2024,2312336351,656,1.0,CS,139.9,0.0
,2312320877,R705T1,RQL9,EMANUEL HOSPITAL,2801 N GANTENBEIN AVE,PORTLAND,OR,MEDASSETS,03/22/2024,2312320877,646,2.0,CS,252.76,0.0
,2312348657,R705T1,R326,CAYUGA MEDICAL CENTER-AT ITHACA,101 DATES DR,ITHACA,NY,MEDASSETS,03/20/2024,2312348657,646,0.1,CS,12.64,0.0
,2312222201,R705T1,X6IX,UNIV OF KANSAS HS-BELL DOCK,2015 W 39TH ST,KANSAS CITY,KS,MEDASSETS,03/21/2024,2312222201,956,1.0,CS,158.0,0.0
,2312273932,R705T1,P115,WASHINGTON REGIONAL MEDICAL CENTER,3215 N NORTHHILLS BLVD,FAYETTEVILLE,AR,MEDASSETS,03/16/2024,2312273932,656,1.0,CS,139.89,0.0
,2312287426,R705T1,ECFX,UNIVERSITY OF ROCHESTER/STRONG (LUM,601 ELMWOOD AVE,ROCHESTER,NY,MEDASSETS,03/21/2024,2312287426,648,0.2,CS,31.02,0.0
,2312289577,R705T1,JKFF,NCH MD-HEALTHCARE SYSTEM,350 7TH ST N,NAPLES,FL,MEDASSETS,03/21/2024,2312289577,648,1.0,CS,155.04,0.0
,2312287053,R705T1,5R0F,MEDSTAR RADIOLOGY NETW ROCKVILLE,3202 TOWER OAKS BLVD STE 120,ROCKVILLE,MD,MEDASSETS,03/21/2024,2312287053,656,2.0,CS,279.78,0.0
,2312343029,R705T1,EPDO,NICKLAUS CHILDRENS HOSPITAL,6150 SW 30TH ST,MIAMI,FL,MEDASSETS,02/28/2024,2312343029,646,1.0,CS,126.38,0.0
,2312343032,R705T1,EPDO,NICKLAUS CHILDRENS HOSPITAL,6150 SW 30TH ST,MIAMI,FL,MEDASSETS,03/21/2024,2312343032,646,4.0,CS,505.52,0.0
,2312423479,R705T2,6RYB,PROMEDICA CHARLES & VIRG HICK (LUM),5640 N ADRIAN HWY,ADRIAN,MI,MEDASSETS,03/22/2024,2312423479,957,0.2,CS,25.14,0.0
,2312343030,R705T1,EPDO,NICKLAUS CHILDRENS HOSPITAL,6150 SW 30TH ST,MIAMI,FL,MEDASSETS,03/13/2024,2312343030,646,6.0,CS,758.28,0.0
,2312416272,R705T2,RBBA,PROMEDICA TOLEDO HOSPITAL (LUM),2142 N COVE BLVD,TOLEDO,OH,MEDASSETS,03/22/2024,2312416272,957,0.6,CS,75.42,0.0
,2312429087,R705T1,R158,HIGHLAND HOSPITAL-ROCHESTER (LUM),1000 SOUTH AVE,ROCHESTER,NY,MEDASSETS,03/23/2024,2312429087,648,0.2,CS,31.02,0.0
,2312425012,R705T1,ECFX,UNIVERSITY OF ROCHESTER/STRONG (LUM,601 ELMWOOD AVE,ROCHESTER,NY,MEDASSETS,03/23/2024,2312425012,648,0.4,CS,62.04,0.0
,2312459866,R705T1,BAIR,WESTCHESTER MEDICAL CENTER - LUM CA,100 WOODS RD,VALHALLA,NY,MEDASSETS,03/22/2024,2312459866,946,0.3,CS,48.150000000000006,0.0
,2312463897,R705T2,XNYW,PROMEDICA COLDWATER REGIONAL HOSPIT,274 E CHICAGO ST,COLDWATER,MI,MEDASSETS,03/22/2024,2312463897,957,1.0,CS,125.7,0.0
,2312462624,R705T1,BAIR,WESTCHESTER MEDICAL CENTER - LUM CA,100 WOODS RD,VALHALLA,NY,MEDASSETS,03/24/2024,2312462624,974,0.2,CS,44.0,0.0
,2312462624,R705T1,BAIR,WESTCHESTER MEDICAL CENTER - LUM CA,100 WOODS RD,VALHALLA,NY,MEDASSETS,03/24/2024,2312462624,946,0.3,CS,48.150000000000006,0.0
,2312467064,R705T1,HFNW,CHILDRENS NATIONAL HOSPITAL(LUM),111 MICHIGAN AVE NW,WASHINGTON,DC,MEDASSETS,03/22/2024,2312467064,645,0.8,CS,115.92,0.0
,2312425022,R705T1,ECFX,UNIVERSITY OF ROCHESTER/STRONG (LUM,601 ELMWOOD AVE,ROCHESTER,NY,MEDASSETS,03/23/2024,2312425022,648,0.4,CS,62.04,0.0
,2312445680,R705T1,ME21,EMORY 100 WOODRUFF CIR NE,100 WOODRUFF CIR NE,ATLANTA,GA,MEDASSETS,03/14/2024,2312445680,648,1.0,CS,155.04,0.0
,2312453505,R705T1,DYQE,GENESIS HEALTHCARE SYSTEM,2951 MAPLE AVE,ZANESVILLE,OH,MEDASSETS,03/22/2024,2312453505,648,2.0,CS,310.08,0.0
,2312494885,R705T1,R152,UNIVERSITY OF ROCHESTER/STRONG (BUL,601 ELMWOOD AVE,ROCHESTER,NY,MEDASSETS,03/24/2024,2312494885,648,0.4,CS,62.04,0.0
,2312498257,R705T1,6D93,UMUC AT ABERDEEN,660 MCHENRY RD,ABERDEEN,MD,MEDASSETS,03/25/2024,2312498257,648,2.0,CS,310.08,0.0
,2312513403,R705T1,ECFX,UNIVERSITY OF ROCHESTER/STRONG (LUM,601 ELMWOOD AVE,ROCHESTER,NY,MEDASSETS,03/14/2024,2312513403,648,0.4,CS,62.04,0.0
,2312459866,R705T1,BAIR,WESTCHESTER MEDICAL CENTER - LUM CA,100 WOODS RD,VALHALLA,NY,MEDASSETS,03/22/2024,2312459866,974,0.2,CS,44.0,0.0
,2312531290,R705T1,C2ZD,NORTH TEXAS INSTITUTE OF NEUROLOGY,5150 WARREN PKWY BLDG 8,FRISCO,TX,MEDASSETS,03/25/2024,2312531290,647,1.0,CS,154.84,0.0
,2312551638,R705T1,ECHZ,WILSON MEMORIAL HOSPITAL,33-57 HARRISON ST,JOHNSON CITY,NY,MEDASSETS,03/22/2024,2312551638,646,0.2,CS,25.28,0.0
,2312574799,R705T1,HDIH,THE UNIVERSITY OF TEXAS SW MEDICAL,6201 HARRY HINES BLVD,DALLAS,TX,MEDASSETS,03/25/2024,2312574799,648,4.0,CS,620.16,0.0
,2312653348,R705T2,KPN9,GRADY HEALTH SYSTEM LUM CARTS,80 JESSE HILL JR DR SE,ATLANTA,GA,MEDASSETS,03/22/2024,2312653348,648,1.0,CS,152.0,0.0
,2312658532,R705T2,RBBA,PROMEDICA TOLEDO HOSPITAL (LUM),2142 N COVE BLVD,TOLEDO,OH,MEDASSETS,03/26/2024,2312658532,946,0.3,CS,47.22,0.0
,2312595014,R705T1,EPDO,NICKLAUS CHILDRENS HOSPITAL,6150 SW 30TH ST,MIAMI,FL,MEDASSETS,03/21/2024,2312595014,646,3.0,CS,379.14,0.0
,2312629040,R705T1,Q7QB,WMC - LUM ON PALLETS,100 WOODS RD,VALHALLA,NY,MEDASSETS,03/25/2024,2312629040,974,2.0,CS,440.02,0.0
,2312653628,R705T2,RBBA,PROMEDICA TOLEDO HOSPITAL (LUM),2142 N COVE BLVD,TOLEDO,OH,MEDASSETS,03/25/2024,2312653628,957,0.6,CS,75.42,0.0
,2312573014,R705T1,R326,CAYUGA MEDICAL CENTER-AT ITHACA,101 DATES DR,ITHACA,NY,MEDASSETS,03/25/2024,2312573014,646,0.1,CS,12.64,0.0
,2312679374,R705T2,LCAC,UNIV CINCINNATI-WESTCHESTER,7700 UNIVERSITY DR,WEST CHESTER,OH,MEDASSETS,03/25/2024,2312679374,974,3.0,CS,647.0999999999999,0.0
,2312711057,R705T1,CVBH,ANN AND ROBERT H LURIE CHILDRENS,200 E SUPERIOR ST,CHICAGO,IL,MEDASSETS,03/25/2024,2312711057,650,2.0,CS,270.82,0.0
,2312709475,R705T1,BAIR,WESTCHESTER MEDICAL CENTER - LUM CA,100 WOODS RD,VALHALLA,NY,MEDASSETS,03/26/2024,2312709475,974,0.2,CS,44.0,0.0
,2312685961,R705T1,5LRQ,AKRON CHILDRENS HOSPITAL,1 PERKINS SQ,AKRON,OH,MEDASSETS,03/25/2024,2312685961,646,2.0,CS,252.76,0.0
,2312706280,R705T1,BAIR,WESTCHESTER MEDICAL CENTER - LUM CA,100 WOODS RD,VALHALLA,NY,MEDASSETS,03/25/2024,2312706280,974,0.2,CS,44.0,0.0
,2312717972,R705T2,SUBS,UNIV CINCINNATI-BCW,3200 BURNET AVE,CINCINNATI,OH,MEDASSETS,03/25/2024,2312717972,656,1.0,CS,137.15,0.0
,2312717984,R705T2,SUBS,UNIV CINCINNATI-BCW,3200 BURNET AVE,CINCINNATI,OH,MEDASSETS,03/26/2024,2312717984,974,3.0,CS,647.0999999999999,0.0
,2312685508,R705T2,WFAZ,PMR WILDWOOD,2865 N REYNOLDS RD STE 170,TOLEDO,OH,MEDASSETS,03/20/2024,2312685508,957,15.0,CS,1885.5,0.0
,2312707245,R705T1,O57X,MAGRUDER HOSPITAL,615 FULTON ST,PORT CLINTON,OH,MEDASSETS,03/25/2024,2312707245,648,0.3,CS,46.5,0.0
,2312706280,R705T1,BAIR,WESTCHESTER MEDICAL CENTER - LUM CA,100 WOODS RD,VALHALLA,NY,MEDASSETS,03/25/2024,2312706280,946,0.3,CS,48.150000000000006,0.0
,2312709475,R705T1,BAIR,WESTCHESTER MEDICAL CENTER - LUM CA,100 WOODS RD,VALHALLA,NY,MEDASSETS,03/26/2024,2312709475,946,0.3,CS,48.150000000000006,0.0
,2312784803,R705T1,P363,HUNTSVILLE HOSPITAL,101 SIVLEY RD SW,HUNTSVILLE,AL,MEDASSETS,03/19/2024,2312784803,946,2.0,CS,321.0,0.0
,2312800926,R705T1,R998,SILVER CROSS HOSPITAL,1900 SILVER CROSS BLVD,NEW LENOX,IL,MEDASSETS,03/26/2024,2312800926,648,1.0,CS,155.04,0.0
,2312816551,R705T1,ECFX,UNIVERSITY OF ROCHESTER/STRONG (LUM,601 ELMWOOD AVE,ROCHESTER,NY,MEDASSETS,03/26/2024,2312816551,648,0.2,CS,31.02,0.0
,2312827738,R705T1,ECHZ,WILSON MEMORIAL HOSPITAL (LUM),33-57 HARRISON ST,JOHNSON CITY,NY,MEDASSETS,03/26/2024,2312827738,648,0.2,CS,31.02,0.0
,2312853867,R705T1,JZ5Y,CHS-ST FRANCIS HOSPITAL,100 PORT WASHINGTON BLVD,ROSLYN,NY,MEDASSETS,03/26/2024,2312853867,648,1.0,CS,155.04,0.0
,2312755269,R705T1,U5DE,ST PETERS HOSPITAL,2475 E BROADWAY ST,HELENA,MT,MEDASSETS,03/26/2024,2312755269,974,2.0,CS,440.02,0.0
,2312896137,R705T1,HFNS,INOVA FAIRFAX HOSPITAL,3300 GALLOWS RD,FALLS CHURCH,VA,MEDASSETS,03/12/2024,2312896137,656,2.0,CS,279.78,0.0
,2312856826,R705T2,KPN9,GRADY HEALTH SYSTEM LUM CARTS,80 JESSE HILL JR DR SE,ATLANTA,GA,MEDASSETS,03/26/2024,2312856826,646,0.1,CS,12.39,0.0
,2312834295,R705T2,RBBA,PROMEDICA TOLEDO HOSPITAL (LUM),2142 N COVE BLVD,TOLEDO,OH,MEDASSETS,03/26/2024,2312834295,957,0.3,CS,37.71,0.0
,2312896137,R705T1,HFNS,INOVA FAIRFAX HOSPITAL,3300 GALLOWS RD,FALLS CHURCH,VA,MEDASSETS,03/12/2024,2312896137,656,2.0,CS,279.78,0.0
,2313004216,R705T1,HFNW,CHILDRENS NATIONAL HOSPITAL(LUM),111 MICHIGAN AVE NW,WASHINGTON,DC,MEDASSETS,03/27/2024,2313004216,648,0.5,CS,77.5,0.0
,2313017344,R705T1,X917,COREWELL HEALTH FARMINGTON HILLS HO,28050 GRAND RIVER AVE,FARMINGTON HILLS,MI,MEDASSETS,03/27/2024,2313017344,656,2.0,CS,279.78,0.0
,2312890582,R705T1,BAIR,WESTCHESTER MEDICAL CENTER - LUM CA,100 WOODS RD,VALHALLA,NY,MEDASSETS,03/26/2024,2312890582,974,0.5,CS,110.0,0.0
,2312890595,R705T1,BAIR,WESTCHESTER MEDICAL CENTER - LUM CA,100 WOODS RD,VALHALLA,NY,MEDASSETS,03/27/2024,2312890595,974,0.2,CS,44.0,0.0
,2312890595,R705T1,BAIR,WESTCHESTER MEDICAL CENTER - LUM CA,100 WOODS RD,VALHALLA,NY,MEDASSETS,03/27/2024,2312890595,946,0.3,CS,48.150000000000006,0.0
,2312955972,R705T1,P363,HUNTSVILLE HOSPITAL,101 SIVLEY RD SW,HUNTSVILLE,AL,MEDASSETS,03/19/2024,2312955972,946,1.0,CS,160.5,0.0
,2313014700,R705T1,JKFF,NCH MD-HEALTHCARE SYSTEM,350 7TH ST N,NAPLES,FL,MEDASSETS,03/27/2024,2313014700,648,1.0,CS,155.04,0.0
,2313017345,R705T1,X917,COREWELL HEALTH FARMINGTON HILLS HO,28050 GRAND RIVER AVE,FARMINGTON HILLS,MI,MEDASSETS,03/27/2024,2313017345,656,2.0,CS,279.78,0.0
,2312890582,R705T1,BAIR,WESTCHESTER MEDICAL CENTER - LUM CA,100 WOODS RD,VALHALLA,NY,MEDASSETS,03/26/2024,2312890582,946,0.5,CS,80.25,0.0
,2312913360,R705T1,VZK4,MT HOOD MEDICAL CENTER,24800 SE STARK ST,GRESHAM,OR,MEDASSETS,03/26/2024,2312913360,648,1.0,CS,155.04,0.0
,2313066242,R705T1,R158,HIGHLAND HOSPITAL-ROCHESTER (LUM),1000 SOUTH AVE,ROCHESTER,NY,MEDASSETS,03/27/2024,2313066242,648,0.4,CS,62.04,0.0
,2313000666,R705T1,HFNW,CHILDRENS NATIONAL HOSPITAL(LUM),111 MICHIGAN AVE NW,WASHINGTON,DC,MEDASSETS,03/26/2024,2313000666,648,0.3,CS,46.5,0.0
,2313038863,R705T1,BAIR,WESTCHESTER MEDICAL CENTER - LUM CA,100 WOODS RD,VALHALLA,NY,MEDASSETS,03/28/2024,2313038863,946,0.3,CS,48.150000000000006,0.0
,2313038888,R705T1,BAIR,WESTCHESTER MEDICAL CENTER - LUM CA,100 WOODS RD,VALHALLA,NY,MEDASSETS,03/28/2024,2313038888,974,0.1,CS,22.0,0.0
,2313038863,R705T1,BAIR,WESTCHESTER MEDICAL CENTER - LUM CA,100 WOODS RD,VALHALLA,NY,MEDASSETS,03/28/2024,2313038863,974,0.2,CS,44.0,0.0
,2313123382,R705T1,ECFX,UNIVERSITY OF ROCHESTER/STRONG (LUM,601 ELMWOOD AVE,ROCHESTER,NY,MEDASSETS,03/28/2024,2313123382,645,0.2,CS,29.0,0.0
,2313130235,R705T1,ECIA,BINGHAMTON GENERAL HOSPITAL (LUM),10-42 MITCHELL AVE,BINGHAMTON,NY,MEDASSETS,03/28/2024,2313130235,648,0.1,CS,15.5,0.0
,2313135007,R705T1,ECHZ,WILSON MEMORIAL HOSPITAL (LUM),33-57 HARRISON ST,JOHNSON CITY,NY,MEDASSETS,03/28/2024,2313135007,648,0.2,CS,31.02,0.0
,2313133428,R705T1,ECHZ,WILSON MEMORIAL HOSPITAL (LUM),33-57 HARRISON ST,JOHNSON CITY,NY,MEDASSETS,03/28/2024,2313133428,648,0.5,CS,77.5,0.0
,2313124308,R705T1,ECFX,UNIVERSITY OF ROCHESTER/STRONG (LUM,601 ELMWOOD AVE,ROCHESTER,NY,MEDASSETS,03/28/2024,2313124308,645,0.5,CS,72.45,0.0
,2313135005,R705T1,ECHZ,WILSON MEMORIAL HOSPITAL (LUM),33-57 HARRISON ST,JOHNSON CITY,NY,MEDASSETS,03/28/2024,2313135005,648,0.2,CS,31.02,0.0
,2313185615,R705T1,HFNW,CHILDRENS NATIONAL HOSPITAL(LUM),111 MICHIGAN AVE NW,WASHINGTON,DC,MEDASSETS,03/28/2024,2313185615,646,0.5,CS,63.2,0.0
,2313226313,R705T2,Q641,PROMEDICA FLOWER HOSPITAL,5200 HARROUN RD,SYLVANIA,OH,MEDASSETS,03/28/2024,2313226313,957,1.0,CS,125.7,0.0
,2313257256,R705T1,R152,UNIVERSITY OF ROCHESTER/STRONG (BUL,601 ELMWOOD AVE,ROCHESTER,NY,MEDASSETS,03/30/2024,2313257256,656,1.0,CS,139.89,0.0
,2313129855,R705T1,S1G1,HELEN NEWBERRY JOY HOSPITAL,310 W AVENUE A,NEWBERRY,MI,MEDASSETS,03/29/2024,2313129855,649,1.0,CS,155.09,0.0
,2313140972,R705T1,R152,UNIVERSITY OF ROCHESTER/STRONG (BUL,601 ELMWOOD AVE,ROCHESTER,NY,MEDASSETS,03/28/2024,2313140972,648,1.0,CS,155.0,0.0
,2313147118,R705T2,RBAK,PROMEDICA BAY PARK HOSPITAL (LUM),2801 BAY PARK DR,OREGON,OH,MEDASSETS,03/28/2024,2313147118,946,0.2,CS,31.48,0.0
,2313180482,R705T1,HFNW,CHILDRENS NATIONAL HOSPITAL(LUM),111 MICHIGAN AVE NW,WASHINGTON,DC,MEDASSETS,03/27/2024,2313180482,646,4.0,CS,505.6,0.0
,2313187047,R705T1,HFNW,CHILDRENS NATIONAL HOSPITAL(LUM),111 MICHIGAN AVE NW,WASHINGTON,DC,MEDASSETS,03/29/2024,2313187047,645,0.8,CS,115.92,0.0
,2313200199,R705T1,JY7Z,LEGACY SALMON CREEK HOSPITAL,2211 NE 139TH ST,VANCOUVER,WA,MEDASSETS,03/29/2024,2313200199,648,3.0,CS,465.12,0.0
,2313201683,R705T2,DT9K,UNIVERSITY OF CINCINNATI - UCMC,331 ALBERT SABIN WAY,CINCINNATI,OH,MEDASSETS,03/29/2024,2313201683,974,1.0,CS,215.7,0.0
,2313256002,R705T1,HFNW,CHILDRENS NATIONAL HOSPITAL(LUM),111 MICHIGAN AVE NW,WASHINGTON,DC,MEDASSETS,03/29/2024,2313256002,645,0.8,CS,115.92,0.0
,2313215509,R705T1,YAZK,THEDACARE REG MED CTR-APPLETON(LUM),1818 N MEADE ST,APPLETON,WI,MEDASSETS,03/28/2024,2313215509,956,1.0,CS,158.0,0.0
,2313273267,R705T1,5LRQ,AKRON CHILDRENS HOSPITAL,1 PERKINS SQ,AKRON,OH,MEDASSETS,03/29/2024,2313273267,646,2.0,CS,252.76,0.0
,2313290826,R705T1,ECHZ,WILSON MEMORIAL HOSPITAL (LUM),33-57 HARRISON ST,JOHNSON CITY,NY,MEDASSETS,03/29/2024,2313290826,646,0.6,CS,75.84,0.0
,2313288232,R705T1,X917,COREWELL HEALTH FARMINGTON HILLS HO,28050 GRAND RIVER AVE,FARMINGTON HILLS,MI,MEDASSETS,03/29/2024,2313288232,656,4.0,CS,559.56,0.0
,2313279967,R705T1,BAIR,WESTCHESTER MEDICAL CENTER - LUM CA,100 WOODS RD,VALHALLA,NY,MEDASSETS,03/29/2024,2313279967,974,0.2,CS,44.0,0.0
,2313279967,R705T1,BAIR,WESTCHESTER MEDICAL CENTER - LUM CA,100 WOODS RD,VALHALLA,NY,MEDASSETS,03/29/2024,2313279967,946,0.3,CS,48.150000000000006,0.0
,2313287820,R705T2,KPN9,GRADY HEALTH SYSTEM LUM CARTS,80 JESSE HILL JR DR SE,ATLANTA,GA,MEDASSETS,03/29/2024,2313287820,648,0.6,CS,91.19999999999999,0.0
,,R705T2,V888,BON SECOURS ST FRANCIS,2095 HENRY TECKLENBURG DR,CHARLESTON,SC,MEDASSETS,04/18/2024,7174119801,656,2.0,CS,274.3,0.0
,,R705T2,V888,BON SECOURS ST FRANCIS,2095 HENRY TECKLENBURG DR,CHARLESTON,SC,MEDASSETS,04/02/2024,7173495761,656,2.0,CS,274.3,0.0
,,R705T2,V888,BON SECOURS ST FRANCIS,2095 HENRY TECKLENBURG DR,CHARLESTON,SC,MEDASSETS,04/26/2024,7174446751,656,1.0,CS,137.15,0.0
,,R705T2,V888,BON SECOURS ST FRANCIS,2095 HENRY TECKLENBURG DR,CHARLESTON,SC,MEDASSETS,04/17/2024,7174051623,656,1.0,CS,137.15,0.0
,,R705T2,V888,BON SECOURS ST FRANCIS,2095 HENRY TECKLENBURG DR,CHARLESTON,SC,MEDASSETS,04/10/2024,7173816874,656,1.0,CS,137.15,0.0
,,R705T2,ZE3F,ROPER ST FRANCIS BERKELEY HOSP,100 CALLEN BLVD,SUMMERVILLE,SC,MEDASSETS,04/24/2024,7174326426,656,1.0,CS,137.15,0.0
,,R705T2,ZE3F,ROPER ST FRANCIS BERKELEY HOSP,100 CALLEN BLVD,SUMMERVILLE,SC,MEDASSETS,04/10/2024,7173816865,656,1.0,CS,137.15,0.0
,,R705T1,BAIR,WESTCHESTER MEDICAL CENTER - LUM CA,100 WOODS RD,VALHALLA,NY,MEDASSETS,03/31/2024,2313303086,974,0.2,CS,44.0,0.0
,,R705T1,BAIR,WESTCHESTER MEDICAL CENTER - LUM CA,100 WOODS RD,VALHALLA,NY,MEDASSETS,03/31/2024,2313303086,946,0.3,CS,48.150000000000006,0.0
,,R705T2,RBBA,PROMEDICA TOLEDO HOSPITAL (LUM),2142 N COVE BLVD,TOLEDO,OH,MEDASSETS,03/31/2024,2313297918,946,0.2,CS,31.48,0.0
,,R705T2,KPN9,GRADY HEALTH SYSTEM LUM CARTS,80 JESSE HILL JR DR SE,ATLANTA,GA,MEDASSETS,03/29/2024,2313298589,648,0.2,CS,30.4,0.0
,,R705T1,S186,KENT - LUM ON UBOAT (LUM),455 TOLL GATE RD,WARWICK,RI,MEDASSETS,04/01/2024,2313348593,648,0.8,CS,124.0,0.0
,,R705T1,U5DE,ST PETERS HOSPITAL,2475 E BROADWAY ST,HELENA,MT,MEDASSETS,04/01/2024,2313383187,974,2.0,CS,440.02,0.0
,,R705T2,KPN9,GRADY HEALTH SYSTEM LUM CARTS,80 JESSE HILL JR DR SE,ATLANTA,GA,MEDASSETS,04/01/2024,2313369342,648,1.5,CS,228.0,0.0
,,R705T1,XU8I,UNIV OF KANSAS HS-CAMBRIDGE DOCK,3801 EATON ST,KANSAS CITY,KS,MEDASSETS,04/01/2024,2313379101,956,1.0,CS,158.0,0.0
,,R705T1,BAIR,WESTCHESTER MEDICAL CENTER - LUM CA,100 WOODS RD,VALHALLA,NY,MEDASSETS,04/01/2024,2313376159,974,0.2,CS,44.0,0.0
,,R705T1,BAIR,WESTCHESTER MEDICAL CENTER - LUM CA,100 WOODS RD,VALHALLA,NY,MEDASSETS,04/01/2024,2313376159,946,0.3,CS,48.150000000000006,0.0
,,R705T1,ECFX,UNIVERSITY OF ROCHESTER/STRONG (LUM,601 ELMWOOD AVE,ROCHESTER,NY,MEDASSETS,03/31/2024,2313378691,646,0.2,CS,25.28,0.0
,,R705T1,SQVZ,NORMAN REGIONAL HOSPITAL,901 N PORTER AVE,NORMAN,OK,MEDASSETS,03/20/2024,2313402571,649B,2.0,CS,279.88,0.0
,,R705T1,JBCP,TAMPA GENERAL HOSPITAL-SPD,1 TAMPA GENERAL CIR,TAMPA,FL,MEDASSETS,04/01/2024,2313438444,656,1.0,CS,139.9,0.0
,,R705T1,R152,UNIVERSITY OF ROCHESTER/STRONG (BUL,601 ELMWOOD AVE,ROCHESTER,NY,MEDASSETS,03/31/2024,2313432503,648,1.0,CS,155.0,0.0
,,R705T1,BAIR,WESTCHESTER MEDICAL CENTER - LUM CA,100 WOODS RD,VALHALLA,NY,MEDASSETS,04/01/2024,2313481640,946,0.5,CS,80.25,0.0
,,R705T1,BAIR,WESTCHESTER MEDICAL CENTER - LUM CA,100 WOODS RD,VALHALLA,NY,MEDASSETS,04/02/2024,2313483708,974,0.2,CS,44.0,0.0
,,R705T1,BAIR,WESTCHESTER MEDICAL CENTER - LUM CA,100 WOODS RD,VALHALLA,NY,MEDASSETS,04/02/2024,2313483708,946,0.3,CS,48.150000000000006,0.0
,,R705T1,BAIR,WESTCHESTER MEDICAL CENTER - LUM CA,100 WOODS RD,VALHALLA,NY,MEDASSETS,04/02/2024,2313483718,974,0.1,CS,22.0,0.0
,,R705T2,LCAC,UNIV CINCINNATI-WESTCHESTER,7700 UNIVERSITY DR,WEST CHESTER,OH,MEDASSETS,04/01/2024,2313484831,656,1.0,CS,137.15,0.0
,,R705T2,LCAC,UNIV CINCINNATI-WESTCHESTER,7700 UNIVERSITY DR,WEST CHESTER,OH,MEDASSETS,04/01/2024,2313484831,974,1.0,CS,215.7,0.0
,,R705T2,RBBA,PROMEDICA TOLEDO HOSPITAL (LUM),2142 N COVE BLVD,TOLEDO,OH,MEDASSETS,04/01/2024,2313486959,946,0.1,CS,15.74,0.0
,,R705T1,XMYH,FF THOMPSON HEALTH SYSTEM INC (BULK,350 PARRISH ST,CANANDAIGUA,NY,MEDASSETS,04/01/2024,2313498527,648,1.0,CS,155.04,0.0
,,R705T1,ECHZ,WILSON MEMORIAL HOSPITAL (LUM),33-57 HARRISON ST,JOHNSON CITY,NY,MEDASSETS,04/01/2024,2313492895,648,0.5,CS,77.5,0.0
,,R705T1,5R0F,MEDSTAR RADIOLOGY NETW ROCKVILLE,3202 TOWER OAKS BLVD STE 120,ROCKVILLE,MD,MEDASSETS,04/01/2024,2313497249,656,1.0,CS,139.89,0.0
,,R705T1,ECFX,UNIVERSITY OF ROCHESTER/STRONG (LUM,601 ELMWOOD AVE,ROCHESTER,NY,MEDASSETS,04/01/2024,2313508502,648,0.2,CS,31.02,0.0
,,R705T1,ECFX,UNIVERSITY OF ROCHESTER/STRONG (LUM,601 ELMWOOD AVE,ROCHESTER,NY,MEDASSETS,04/01/2024,2313507376,648,0.3,CS,46.5,0.0
,,R705T1,JKFF,NCH MD-HEALTHCARE SYSTEM,350 7TH ST N,NAPLES,FL,MEDASSETS,04/01/2024,2313554196,648,1.0,CS,155.04,0.0
,,R705T1,HDIH,THE UNIVERSITY OF TEXAS SW MEDICAL,6201 HARRY HINES BLVD,DALLAS,TX,MEDASSETS,04/02/2024,2313569967,648,4.0,CS,620.16,0.0
,,R705T1,W5ZF,VANDERBILT IMAGING (BULK),2000 RICHARD JONES RD STE 270,NASHVILLE,TN,MEDASSETS,03/28/2024,2313569274,656,1.0,CS,139.89,0.0
,,R705T1,ECFX,UNIVERSITY OF ROCHESTER/STRONG (LUM,601 ELMWOOD AVE,ROCHESTER,NY,MEDASSETS,04/02/2024,2313677658,648,0.3,CS,46.5,0.0
,,R705T1,YUA8,MEDSTAR RADIOLOGY NETW LAFAYETTE 2,1133 21ST ST NW STE 801,WASHINGTON,DC,MEDASSETS,04/03/2024,2313681186,656,1.0,CS,139.89,0.0
,,R705T1,ECHZ,WILSON MEMORIAL HOSPITAL (LUM),33-57 HARRISON ST,JOHNSON CITY,NY,MEDASSETS,04/03/2024,2313676487,646,0.2,CS,25.28,0.0
,,R705T1,RQL9,EMANUEL HOSPITAL,2801 N GANTENBEIN AVE,PORTLAND,OR,MEDASSETS,04/03/2024,2313689159,646,2.0,CS,252.76,0.0
,,R705T1,BAIR,WESTCHESTER MEDICAL CENTER - LUM CA,100 WOODS RD,VALHALLA,NY,MEDASSETS,04/03/2024,2313697740,974,0.2,CS,44.0,0.0
,,R705T1,BAIR,WESTCHESTER MEDICAL CENTER - LUM CA,100 WOODS RD,VALHALLA,NY,MEDASSETS,04/03/2024,2313697740,946,0.3,CS,48.150000000000006,0.0
,,R705T2,KPN9,GRADY HEALTH SYSTEM LUM CARTS,80 JESSE HILL JR DR SE,ATLANTA,GA,MEDASSETS,04/02/2024,2313697399,648,0.2,CS,30.4,0.0
,,R705T1,5K02,CURE 4 THE KIDS FOUNDATION,1 BREAKTHROUGH WAY STE 300,LAS VEGAS,NV,MEDASSETS,04/02/2024,2313775529,646,3.0,CS,379.14,0.0
,,R705T1,3NMI,WESTMED-MEDICAL GROUP,644 W PUTNAM AVE,GREENWICH,CT,MEDASSETS,04/03/2024,2313786275,976,1.0,CS,203.08,0.0
,,R705T2,RBBA,PROMEDICA TOLEDO HOSPITAL (LUM),2142 N COVE BLVD,TOLEDO,OH,MEDASSETS,04/02/2024,2313808413,946,0.2,CS,31.48,0.0
,,R705T1,PJYI,HIGHLAND DISTRICT HOSPITAL,1275 N HIGH ST,HILLSBORO,OH,MEDASSETS,03/30/2024,2313883291,647,1.0,CS,154.84,0.0
,,R705T1,5LRQ,AKRON CHILDRENS HOSPITAL,1 PERKINS SQ,AKRON,OH,MEDASSETS,04/02/2024,2313881687,646,1.0,CS,126.38,0.0
,,R705T2,SUBS,UNIV CINCINNATI-BCW,3200 BURNET AVE,CINCINNATI,OH,MEDASSETS,04/03/2024,2313896540,974,2.0,CS,431.4,0.0
,,R705T1,XQI2,THE CENTER FOR NEUROSCIENCES,2450 E RIVER RD,TUCSON,AZ,MEDASSETS,04/04/2024,2313883958,648,0.5,CS,77.5,0.0
,,R705T2,RBBA,PROMEDICA TOLEDO HOSPITAL (LUM),2142 N COVE BLVD,TOLEDO,OH,MEDASSETS,04/03/2024,2313891007,957,0.3,CS,37.71,0.0
,,R705T2,KPN9,GRADY HEALTH SYSTEM LUM CARTS,80 JESSE HILL JR DR SE,ATLANTA,GA,MEDASSETS,04/03/2024,2313900872,648,0.1,CS,15.2,0.0
,,R705T2,KPN9,GRADY HEALTH SYSTEM LUM CARTS,80 JESSE HILL JR DR SE,ATLANTA,GA,MEDASSETS,04/03/2024,2313900894,648,0.4,CS,60.8,0.0
,,R705T1,ECFX,UNIVERSITY OF ROCHESTER/STRONG (LUM,601 ELMWOOD AVE,ROCHESTER,NY,MEDASSETS,04/03/2024,2313910339,648,0.6,CS,93.0,0.0
,,R705T1,BAIR,WESTCHESTER MEDICAL CENTER - LUM CA,100 WOODS RD,VALHALLA,NY,MEDASSETS,04/04/2024,2313923456,974,0.2,CS,44.0,0.0
,,R705T1,BAIR,WESTCHESTER MEDICAL CENTER - LUM CA,100 WOODS RD,VALHALLA,NY,MEDASSETS,04/04/2024,2313923456,946,0.3,CS,48.150000000000006,0.0
,,R705T2,LCAC,UNIV CINCINNATI-WESTCHESTER (LUM),7700 UNIVERSITY DR,WEST CHESTER,OH,MEDASSETS,04/03/2024,2313967422,974,1.0,CS,215.7,0.0
,,R705T1,ECFX,UNIVERSITY OF ROCHESTER/STRONG (LUM,601 ELMWOOD AVE,ROCHESTER,NY,MEDASSETS,04/04/2024,2314057046,645,0.6,CS,86.94,0.0
,,R705T1,ECFX,UNIVERSITY OF ROCHESTER/STRONG (LUM,601 ELMWOOD AVE,ROCHESTER,NY,MEDASSETS,04/04/2024,2314057046,648,0.2,CS,31.02,0.0
,,R705T1,ECFX,UNIVERSITY OF ROCHESTER/STRONG (LUM,601 ELMWOOD AVE,ROCHESTER,NY,MEDASSETS,04/04/2024,2314057075,648,0.3,CS,46.5,0.0
,,R705T1,AXMA,BEAUMONT - ROYAL OAK LUM 3,3601 W 13 MILE RD,ROYAL OAK,MI,MEDASSETS,04/05/2024,2314052824,656,1.0,CS,139.89,0.0
,,R705T1,ECHZ,WILSON MEMORIAL HOSPITAL (LUM),33-57 HARRISON ST,JOHNSON CITY,NY,MEDASSETS,04/04/2024,2314062969,648,0.2,CS,31.02,0.0
,,R705T2,RBBA,PROMEDICA TOLEDO HOSPITAL (LUM),2142 N COVE BLVD,TOLEDO,OH,MEDASSETS,04/04/2024,2314097238,946,0.4,CS,62.96,0.0
,,R705T1,JKFF,NCH MD-HEALTHCARE SYSTEM,350 7TH ST N,NAPLES,FL,MEDASSETS,04/04/2024,2314108380,648,1.0,CS,155.04,0.0
,,R705T1,BAIR,WESTCHESTER MEDICAL CENTER - LUM CA,100 WOODS RD,VALHALLA,NY,MEDASSETS,04/03/2024,2314167363,946,1.0,CS,160.5,0.0
,,R705T1,BAIR,WESTCHESTER MEDICAL CENTER - LUM CA,100 WOODS RD,VALHALLA,NY,MEDASSETS,04/05/2024,2314171012,974,0.2,CS,44.0,0.0
,,R705T1,BAIR,WESTCHESTER MEDICAL CENTER - LUM CA,100 WOODS RD,VALHALLA,NY,MEDASSETS,04/05/2024,2314171012,946,0.3,CS,48.150000000000006,0.0
,,R705T1,R326,CAYUGA MEDICAL CENTER-AT ITHACA,101 DATES DR,ITHACA,NY,MEDASSETS,04/05/2024,2314174554,649,1.0,CS,155.09,0.0
,,R705T2,LCAC,UNIV CINCINNATI-WESTCHESTER (LUM),7700 UNIVERSITY DR,WEST CHESTER,OH,MEDASSETS,04/05/2024,2314213791,974,1.0,CS,215.7,0.0
,,R705T1,ECFX,UNIVERSITY OF ROCHESTER/STRONG (LUM,601 ELMWOOD AVE,ROCHESTER,NY,MEDASSETS,04/06/2024,2314209835,648,0.2,CS,31.02,0.0
,,R705T1,X917,COREWELL HEALTH FARMINGTON HILLS HO,28050 GRAND RIVER AVE,FARMINGTON HILLS,MI,MEDASSETS,04/05/2024,2314221661,656,1.0,CS,139.89,0.0
,,R705T2,XNYW,PROMEDICA COLDWATER REGIONAL HOSPIT,274 E CHICAGO ST,COLDWATER,MI,MEDASSETS,04/06/2024,2314227983,649,1.0,CS,152.05,0.0
,,R705T1,R152,UNIVERSITY OF ROCHESTER/STRONG (BUL,601 ELMWOOD AVE,ROCHESTER,NY,MEDASSETS,04/06/2024,2314228145,656,1.0,CS,139.89,0.0
,,R705T1,R152,UNIVERSITY OF ROCHESTER/STRONG (BUL,601 ELMWOOD AVE,ROCHESTER,NY,MEDASSETS,04/06/2024,2314228145,648,1.0,CS,155.0,0.0
,,R705T2,KPN9,GRADY HEALTH SYSTEM LUM CARTS,80 JESSE HILL JR DR SE,ATLANTA,GA,MEDASSETS,04/07/2024,2314256704,646,0.1,CS,12.39,0.0
,,R705T2,KPN9,GRADY HEALTH SYSTEM LUM CARTS,80 JESSE HILL JR DR SE,ATLANTA,GA,MEDASSETS,04/07/2024,2314256724,648,0.2,CS,30.4,0.0
,,R705T2,KPN9,GRADY HEALTH SYSTEM LUM CARTS,80 JESSE HILL JR DR SE,ATLANTA,GA,MEDASSETS,04/06/2024,2314251958,648,0.6,CS,91.19999999999999,0.0
,,R705T2,KPN9,GRADY HEALTH SYSTEM LUM CARTS,80 JESSE HILL JR DR SE,ATLANTA,GA,MEDASSETS,04/07/2024,2314256783,646,0.1,CS,12.39,0.0
,,R705T2,KPN9,GRADY HEALTH SYSTEM LUM CARTS,80 JESSE HILL JR DR SE,ATLANTA,GA,MEDASSETS,04/06/2024,2314254773,648,0.2,CS,30.4,0.0
,,R705T2,KPN9,GRADY HEALTH SYSTEM LUM CARTS,80 JESSE HILL JR DR SE,ATLANTA,GA,MEDASSETS,04/04/2024,2314249133,648,0.8,CS,121.6,0.0
,,R705T1,ECHZ,WILSON MEMORIAL HOSPITAL (LUM),33-57 HARRISON ST,JOHNSON CITY,NY,MEDASSETS,04/05/2024,2314242318,646,0.1,CS,12.64,0.0
,,R705T2,RBBA,PROMEDICA TOLEDO HOSPITAL (LUM),2142 N COVE BLVD,TOLEDO,OH,MEDASSETS,04/05/2024,2314268633,946,0.2,CS,31.48,0.0
,,R705T1,BAIR,WESTCHESTER MEDICAL CENTER - LUM CA,100 WOODS RD,VALHALLA,NY,MEDASSETS,04/07/2024,2314261330,974,0.2,CS,44.0,0.0
,,R705T1,BAIR,WESTCHESTER MEDICAL CENTER - LUM CA,100 WOODS RD,VALHALLA,NY,MEDASSETS,04/07/2024,2314261332,974,0.2,CS,44.0,0.0
,,R705T1,BAIR,WESTCHESTER MEDICAL CENTER - LUM CA,100 WOODS RD,VALHALLA,NY,MEDASSETS,04/07/2024,2314261332,946,0.3,CS,48.150000000000006,0.0
,,R705T1,BAIR,WESTCHESTER MEDICAL CENTER - LUM CA,100 WOODS RD,VALHALLA,NY,MEDASSETS,04/07/2024,2314261339,946,0.3,CS,48.150000000000006,0.0
,,R705T1,XU8I,UNIV OF KANSAS HS-CAMBRIDGE DOCK,3801 EATON ST,KANSAS CITY,KS,MEDASSETS,04/08/2024,2314319986,956,1.0,CS,158.0,0.0
,,R705T1,WCV2,NICHOLAS H NOYES HOSPITAL,111 CLARA BARTON ST,DANSVILLE,NY,MEDASSETS,04/08/2024,2314334018,648,0.6,CS,93.0,0.0
,,R705T1,R158,HIGHLAND HOSPITAL-ROCHESTER (LUM),1000 SOUTH AVE,ROCHESTER,NY,MEDASSETS,04/04/2024,2314349374,648,0.2,CS,31.02,0.0
,,R705T1,W5ZF,VANDERBILT IMAGING (BULK),2000 RICHARD JONES RD STE 270,NASHVILLE,TN,MEDASSETS,04/08/2024,2314356880,656,1.0,CS,139.89,0.0
,,R705T1,P10Q,SHARON YEGIAIAN MD INC,139 S LOS ROBLES AVE UNT B20,PASADENA,CA,MEDASSETS,04/05/2024,2314366588,648,0.2,CS,31.0,0.0
,,R705T1,U733,WINNESHIEK MEDICAL CENTER,901 MONTGOMERY ST,DECORAH,IA,MEDASSETS,04/08/2024,2314369643,648,0.1,CS,15.5,0.0
,,R705T1,SBCN,GEORGIA NEUROSURGICAL INST-ASC,840 PINE ST STE 810,MACON,GA,MEDASSETS,04/04/2024,2314366241,648,0.3,CS,46.5,0.0
,,R705T1,EPDO,NICKLAUS CHILDRENS HOSPITAL,6150 SW 30TH ST,MIAMI,FL,MEDASSETS,03/21/2024,2314382225,646,3.0,CS,379.14,0.0
,,R705T1,R152,UNIVERSITY OF ROCHESTER/STRONG (BUL,601 ELMWOOD AVE,ROCHESTER,NY,MEDASSETS,04/07/2024,2314394247,648,0.6,CS,93.0,0.0
,,R705T1,BAIR,WESTCHESTER MEDICAL CENTER - LUM CA,100 WOODS RD,VALHALLA,NY,MEDASSETS,04/08/2024,2314402680,974,0.2,CS,44.0,0.0
,,R705T1,BAIR,WESTCHESTER MEDICAL CENTER - LUM CA,100 WOODS RD,VALHALLA,NY,MEDASSETS,04/08/2024,2314402680,946,0.3,CS,48.150000000000006,0.0
,,R705T1,JBCP,TAMPA GENERAL HOSPITAL-SPD,1 TAMPA GENERAL CIR,TAMPA,FL,MEDASSETS,04/08/2024,2314419564,656,1.0,CS,139.9,0.0
,,R705T1,P035,FORREST COUNTY GENERAL HOSPITAL,6051 U S HIGHWAY 49,HATTIESBURG,MS,MEDASSETS,04/09/2024,2314476921,956,1.0,CS,158.0,0.0
,,R705T1,ECHZ,WILSON MEMORIAL HOSPITAL (LUM),33-57 HARRISON ST,JOHNSON CITY,NY,MEDASSETS,04/08/2024,2314480294,648,0.2,CS,31.02,0.0
,,R705T1,BAIR,WESTCHESTER MEDICAL CENTER - LUM CA,100 WOODS RD,VALHALLA,NY,MEDASSETS,04/09/2024,2314478516,974,0.2,CS,44.0,0.0
,,R705T1,BAIR,WESTCHESTER MEDICAL CENTER - LUM CA,100 WOODS RD,VALHALLA,NY,MEDASSETS,04/09/2024,2314478516,946,0.3,CS,48.150000000000006,0.0
,,R705T1,BAIR,WESTCHESTER MEDICAL CENTER - LUM CA,100 WOODS RD,VALHALLA,NY,MEDASSETS,04/09/2024,2314478520,974,0.2,CS,44.0,0.0
,,R705T2,WFAZ,PMR WILDWOOD,2865 N REYNOLDS RD STE 170,TOLEDO,OH,MEDASSETS,04/03/2024,2314497024,957,6.0,CS,754.2,0.0
,,R705T1,ECHZ,WILSON MEMORIAL HOSPITAL (LUM),33-57 HARRISON ST,JOHNSON CITY,NY,MEDASSETS,04/08/2024,2314481838,648,0.2,CS,31.02,0.0
,,R705T1,ECHZ,WILSON MEMORIAL HOSPITAL (LUM),33-57 HARRISON ST,JOHNSON CITY,NY,MEDASSETS,04/08/2024,2314481838,646,0.2,CS,25.28,0.0
,,R705T1,ECHZ,WILSON MEMORIAL HOSPITAL (LUM),33-57 HARRISON ST,JOHNSON CITY,NY,MEDASSETS,04/08/2024,2314481843,648,0.7,CS,108.5,0.0
,,R705T1,S156,RUSH COPLEY MEDICAL CENTER,2000 OGDEN AVE,AURORA,IL,MEDASSETS,04/08/2024,2314532257,957,2.0,CS,256.42,0.0
,,R705T2,DT9K,UNIVERSITY OF CINCINNATI - UCMC,331 ALBERT SABIN WAY,CINCINNATI,OH,MEDASSETS,04/04/2024,2314567849,974,1.0,CS,215.7,0.0
,,R705T2,LCAC,UNIV CINCINNATI-WESTCHESTER,7700 UNIVERSITY DR,WEST CHESTER,OH,MEDASSETS,04/08/2024,2314567863,656,2.0,CS,274.3,0.0
,,R705T2,RBBA,PROMEDICA TOLEDO HOSPITAL,2142 N COVE BLVD,TOLEDO,OH,MEDASSETS,04/08/2024,2314590753,956,1.0,CS,154.9,0.0
,,R705T1,KGJM,UNIVER OF MD-ST JOSEPH MED CTR-TRIA,7601 OSLER DR,TOWSON,MD,MEDASSETS,04/09/2024,2314668616,656,1.0,CS,139.89,0.0
,,R705T1,US6U,PAM SPECIALTY HOSPITAL OF SARASOTA,6150 EDGELAKE DR,SARASOTA,FL,MEDASSETS,04/10/2024,2314662896,648,0.3,CS,46.5,0.0
,,R705T1,Q882,DOYLESTOWN HOSPITAL,595 W STATE ST,DOYLESTOWN,PA,MEDASSETS,04/09/2024,2314692736,648,1.0,CS,155.04,0.0
,,R705T1,RQL9,EMANUEL HOSPITAL,2801 N GANTENBEIN AVE,PORTLAND,OR,MEDASSETS,04/10/2024,2314688327,648,2.0,CS,310.08,0.0
,,R705T1,MLBP,PHOEBE PUTNEY MEMORIAL HOSPITAL,1008 N MONROE ST,ALBANY,GA,MEDASSETS,04/09/2024,2314686465,957,4.0,CS,512.84,0.0
,,R705T1,HTX1,SAINT ANTHONY HOSPITAL,2875 W 19TH ST,CHICAGO,IL,MEDASSETS,04/10/2024,2314700742,974,2.0,CS,440.02,0.0
,,R705T1,BAIR,WESTCHESTER MEDICAL CENTER - LUM CA,100 WOODS RD,VALHALLA,NY,MEDASSETS,04/10/2024,2314700902,974,0.2,CS,44.0,0.0
,,R705T1,BAIR,WESTCHESTER MEDICAL CENTER - LUM CA,100 WOODS RD,VALHALLA,NY,MEDASSETS,04/10/2024,2314700902,946,0.3,CS,48.150000000000006,0.0
,,R705T1,R152,UNIVERSITY OF ROCHESTER/STRONG (BUL,601 ELMWOOD AVE,ROCHESTER,NY,MEDASSETS,04/09/2024,2314709282,648,0.1,CS,15.5,0.0
,,R705T1,3M7B,TUCSON ER AND HOSPITAL,4575 E BROADWAY BLVD,TUCSON,AZ,MEDASSETS,04/08/2024,2314769642,974,1.0,CS,220.01,0.0
,,R705T1,ECFX,UNIVERSITY OF ROCHESTER/STRONG (LUM,601 ELMWOOD AVE,ROCHESTER,NY,MEDASSETS,04/09/2024,2314781812,648,1.0,CS,155.0,0.0
,,R705T1,R158,HIGHLAND HOSPITAL-ROCHESTER (LUM),1000 SOUTH AVE,ROCHESTER,NY,MEDASSETS,04/09/2024,2314770270,648,0.2,CS,31.02,0.0
,,R705T1,C2ZD,NORTH TEXAS INSTITUTE OF NEUROLOGY,5150 WARREN PKWY BLDG 8,FRISCO,TX,MEDASSETS,03/25/2024,2314786965,647,-1.0,CS,-154.84,0.0
,,R705T2,Q542,MIAMI VALLEY HOSPITAL,1 WYOMING ST,DAYTON,OH,MEDASSETS,04/09/2024,2314789613,648,1.0,CS,152.0,0.0
,,R705T2,KPN9,GRADY HEALTH SYSTEM LUM CARTS,80 JESSE HILL JR DR SE,ATLANTA,GA,MEDASSETS,04/08/2024,2314784421,648,0.2,CS,30.4,0.0
,,R705T2,KPN9,GRADY HEALTH SYSTEM LUM CARTS,80 JESSE HILL JR DR SE,ATLANTA,GA,MEDASSETS,04/09/2024,2314784479,648,0.2,CS,30.4,0.0
,,R705T1,ECFX,UNIVERSITY OF ROCHESTER/STRONG (LUM,601 ELMWOOD AVE,ROCHESTER,NY,MEDASSETS,04/10/2024,2314858026,648,0.4,CS,62.04,0.0
,,R705T1,ECFX,UNIVERSITY OF ROCHESTER/STRONG (LUM,601 ELMWOOD AVE,ROCHESTER,NY,MEDASSETS,04/10/2024,2314858047,648,0.6,CS,93.0,0.0
,,R705T1,ECFX,UNIVERSITY OF ROCHESTER/STRONG (LUM,601 ELMWOOD AVE,ROCHESTER,NY,MEDASSETS,04/10/2024,2314861238,648,0.4,CS,62.04,0.0
,,R705T1,ECFX,UNIVERSITY OF ROCHESTER/STRONG (LUM,601 ELMWOOD AVE,ROCHESTER,NY,MEDASSETS,04/10/2024,2314861245,648,0.2,CS,31.02,0.0
,,R705T2,6RYB,PROMEDICA CHARLES & VIRG HICK (LUM),5640 N ADRIAN HWY,ADRIAN,MI,MEDASSETS,04/10/2024,2314867960,957,0.2,CS,25.14,0.0
,,R705T1,JKFF,NCH MD-HEALTHCARE SYSTEM,350 7TH ST N,NAPLES,FL,MEDASSETS,04/10/2024,2314904541,648,1.0,CS,155.04,0.0
,,R705T1,BAIR,WESTCHESTER MEDICAL CENTER - LUM CA,100 WOODS RD,VALHALLA,NY,MEDASSETS,04/11/2024,2314910324,974,0.2,CS,44.0,0.0
,,R705T1,BAIR,WESTCHESTER MEDICAL CENTER - LUM CA,100 WOODS RD,VALHALLA,NY,MEDASSETS,04/11/2024,2314910324,946,0.3,CS,48.150000000000006,0.0
,,R705T1,MKSO,BELLIN MEMORIAL HOSPITAL INC,905 CASS ST,GREEN BAY,WI,MEDASSETS,04/10/2024,2314929589,648,1.0,CS,155.04,0.0
,,R705T2,Q542,MIAMI VALLEY HOSPITAL,1 WYOMING ST,DAYTON,OH,MEDASSETS,04/10/2024,2314942944,648,1.0,CS,152.0,0.0
,,R705T2,KPN9,GRADY HEALTH SYSTEM LUM CARTS,80 JESSE HILL JR DR SE,ATLANTA,GA,MEDASSETS,04/10/2024,2314939276,648,0.4,CS,60.8,0.0
,,R705T1,KYMU,VENTURA COUNTY MEDICAL CENTER LUM,300 HILLMONT AVE,VENTURA,CA,MEDASSETS,04/10/2024,2314949804,645,1.0,CS,144.94,0.0
,,R705T2,SUBS,UNIV CINCINNATI-BCW,3200 BURNET AVE,CINCINNATI,OH,MEDASSETS,04/03/2024,2314954063,974,2.0,CS,431.4,0.0
,,R705T1,CVBH,ANN AND ROBERT H LURIE CHILDRENS,200 E SUPERIOR ST,CHICAGO,IL,MEDASSETS,04/10/2024,2314960601,648,0.1,CS,15.5,0.0
,,R705T1,R152,UNIVERSITY OF ROCHESTER/STRONG (BUL,601 ELMWOOD AVE,ROCHESTER,NY,MEDASSETS,04/10/2024,2314962670,648,1.0,CS,155.0,0.0
,,R705T1,ECIA,BINGHAMTON GENERAL HOSPITAL (LUM),10-42 MITCHELL AVE,BINGHAMTON,NY,MEDASSETS,04/11/2024,2315023414,648,0.1,CS,15.5,0.0
,,R705T1,ECHZ,WILSON MEMORIAL HOSPITAL (LUM),33-57 HARRISON ST,JOHNSON CITY,NY,MEDASSETS,04/11/2024,2315031268,648,0.5,CS,77.5,0.0
,,R705T1,ECHZ,WILSON MEMORIAL HOSPITAL (LUM),33-57 HARRISON ST,JOHNSON CITY,NY,MEDASSETS,04/11/2024,2315032572,648,0.2,CS,31.02,0.0
,,R705T1,KN7T,WHITE COUNTY MEDICAL CENTER,3214 E RACE AVE,SEARCY,AR,MEDASSETS,04/11/2024,2315038007,656,1.0,CS,139.89,0.0
,,R705T1,ECHZ,WILSON MEMORIAL HOSPITAL (LUM),33-57 HARRISON ST,JOHNSON CITY,NY,MEDASSETS,04/11/2024,2315031214,648,0.2,CS,31.02,0.0
,,R705T1,RE2G,METROPOLITAN GOVERNMENT OF,1818 ALBION ST,NASHVILLE,TN,MEDASSETS,04/12/2024,2315044624,648,1.0,CS,155.04,0.0
,,R705T2,KPN9,GRADY HEALTH SYSTEM LUM CARTS,80 JESSE HILL JR DR SE,ATLANTA,GA,MEDASSETS,04/11/2024,2315041991,648,0.6,CS,91.19999999999999,0.0
,,R705T2,6RYB,PROMEDICA CHARLES & VIRG HICK (LUM),5640 N ADRIAN HWY,ADRIAN,MI,MEDASSETS,04/11/2024,2315058926,957,0.4,CS,50.28,0.0
,,R705T1,BAIR,WESTCHESTER MEDICAL CENTER - LUM CA,100 WOODS RD,VALHALLA,NY,MEDASSETS,04/10/2024,2315065926,974,1.0,CS,220.0,0.0
,,R705T1,BAIR,WESTCHESTER MEDICAL CENTER - LUM CA,100 WOODS RD,VALHALLA,NY,MEDASSETS,04/10/2024,2315065926,946,1.0,CS,160.5,0.0
,,R705T1,YFZS,NEUROSCIENCE GROUP,1305 W AMERICAN DR,NEENAH,WI,MEDASSETS,04/11/2024,2315074774,648,1.0,CS,155.04,0.0
,,R705T2,Q542,MIAMI VALLEY HOSPITAL,1 WYOMING ST,DAYTON,OH,MEDASSETS,04/12/2024,2315123727,648,1.0,CS,152.0,0.0
,,R705T2,RBBA,PROMEDICA TOLEDO HOSPITAL (LUM),2142 N COVE BLVD,TOLEDO,OH,MEDASSETS,04/11/2024,2315144747,946,0.2,CS,31.48,0.0
,,R705T1,ECFX,UNIVERSITY OF ROCHESTER/STRONG (LUM,601 ELMWOOD AVE,ROCHESTER,NY,MEDASSETS,04/13/2024,2315180437,648,0.2,CS,31.02,0.0
,,R705T1,BAIR,WESTCHESTER MEDICAL CENTER - LUM CA,100 WOODS RD,VALHALLA,NY,MEDASSETS,04/14/2024,2315189744,974,0.2,CS,44.0,0.0
,,R705T1,BAIR,WESTCHESTER MEDICAL CENTER - LUM CA,100 WOODS RD,VALHALLA,NY,MEDASSETS,04/14/2024,2315189744,946,0.3,CS,48.150000000000006,0.0
,,R705T1,BAIR,WESTCHESTER MEDICAL CENTER - LUM CA,100 WOODS RD,VALHALLA,NY,MEDASSETS,04/14/2024,2315189749,974,0.1,CS,22.0,0.0
,,R705T1,ECFX,UNIVERSITY OF ROCHESTER/STRONG (LUM,601 ELMWOOD AVE,ROCHESTER,NY,MEDASSETS,04/13/2024,2315154084,648,0.6,CS,93.0,0.0
,,R705T1,ECFX,UNIVERSITY OF ROCHESTER/STRONG (LUM,601 ELMWOOD AVE,ROCHESTER,NY,MEDASSETS,04/13/2024,2315154084,645,0.6,CS,86.94,0.0
,,R705T1,ECFX,UNIVERSITY OF ROCHESTER/STRONG (LUM,601 ELMWOOD AVE,ROCHESTER,NY,MEDASSETS,04/13/2024,2315154086,648,0.6,CS,93.0,0.0
,,R705T1,ECFX,UNIVERSITY OF ROCHESTER/STRONG (LUM,601 ELMWOOD AVE,ROCHESTER,NY,MEDASSETS,04/13/2024,2315154086,645,0.6,CS,86.94,0.0
,,R705T1,ECFX,UNIVERSITY OF ROCHESTER/STRONG (LUM,601 ELMWOOD AVE,ROCHESTER,NY,MEDASSETS,04/13/2024,2315154091,648,0.2,CS,31.02,0.0
,,R705T1,ECFX,UNIVERSITY OF ROCHESTER/STRONG (LUM,601 ELMWOOD AVE,ROCHESTER,NY,MEDASSETS,04/13/2024,2315154091,645,0.2,CS,29.0,0.0
,,R705T2,6RYB,PROMEDICA CHARLES & VIRG HICK (LUM),5640 N ADRIAN HWY,ADRIAN,MI,MEDASSETS,04/12/2024,2315187817,957,0.3,CS,37.71,0.0
,,R705T1,BAIR,WESTCHESTER MEDICAL CENTER - LUM CA,100 WOODS RD,VALHALLA,NY,MEDASSETS,04/12/2024,2315188021,974,0.2,CS,44.0,0.0
,,R705T1,BAIR,WESTCHESTER MEDICAL CENTER - LUM CA,100 WOODS RD,VALHALLA,NY,MEDASSETS,04/12/2024,2315188021,946,0.3,CS,48.150000000000006,0.0
,,R705T1,HFNW,CHILDRENS NATIONAL HOSPITAL(LUM),111 MICHIGAN AVE NW,WASHINGTON,DC,MEDASSETS,04/13/2024,2315189255,648,0.4,CS,62.04,0.0
,,R705T2,SUBS,UNIV CINCINNATI-BCW,3200 BURNET AVE,CINCINNATI,OH,MEDASSETS,04/12/2024,2315197122,656,4.0,CS,548.6,0.0
,,R705T1,R158,HIGHLAND HOSPITAL-ROCHESTER (LUM),1000 SOUTH AVE,ROCHESTER,NY,MEDASSETS,04/13/2024,2315194452,648,0.2,CS,31.02,0.0
,,R705T1,JKFF,NCH MD-HEALTHCARE SYSTEM,350 7TH ST N,NAPLES,FL,MEDASSETS,04/12/2024,2315199356,648,1.0,CS,155.04,0.0
,,R705T1,RQXM,MIDHUDSON REGIONAL HOSPITAL LUM,241 NORTH RD,POUGHKEEPSIE,NY,MEDASSETS,04/14/2024,2315208824,946,0.3,CS,48.150000000000006,0.0
,,R705T2,KPN9,GRADY HEALTH SYSTEM LUM CARTS,80 JESSE HILL JR DR SE,ATLANTA,GA,MEDASSETS,04/12/2024,2315235056,646,0.1,CS,12.39,0.0
,,R705T1,KOGP,REDLANDS COMMUNITY HOSPITAL (BULK),350 TERRACINA BLVD,REDLANDS,CA,MEDASSETS,04/15/2024,2315276542,645,0.1,CS,14.49,0.0
,,R705T1,3K5W,WESTMED-PERINATOLOGY-RH,73 MARKET ST STE 212,YONKERS,NY,MEDASSETS,04/03/2024,2315311867,976,2.0,CS,406.16,0.0
,,R705T1,3NMI,WESTMED-MEDICAL GROUP,644 W PUTNAM AVE,GREENWICH,CT,MEDASSETS,04/03/2024,2315311872,976,1.0,CS,203.08,0.0
,,R705T1,RQL9,EMANUEL HOSPITAL,2801 N GANTENBEIN AVE,PORTLAND,OR,MEDASSETS,04/15/2024,2315296983,646,2.0,CS,252.76,0.0
,,R705T1,R152,UNIVERSITY OF ROCHESTER/STRONG (BUL,601 ELMWOOD AVE,ROCHESTER,NY,MEDASSETS,04/14/2024,2315332155,648,0.7,CS,108.5,0.0
,,R705T1,BAIR,WESTCHESTER MEDICAL CENTER - LUM CA,100 WOODS RD,VALHALLA,NY,MEDASSETS,04/15/2024,2315362143,974,0.1,CS,22.0,0.0
,,R705T1,BAIR,WESTCHESTER MEDICAL CENTER - LUM CA,100 WOODS RD,VALHALLA,NY,MEDASSETS,04/15/2024,2315362148,974,0.2,CS,44.0,0.0
,,R705T1,BAIR,WESTCHESTER MEDICAL CENTER - LUM CA,100 WOODS RD,VALHALLA,NY,MEDASSETS,04/15/2024,2315362148,946,0.3,CS,48.150000000000006,0.0
,,R705T1,HDIH,THE UNIVERSITY OF TEXAS SW MEDICAL,6201 HARRY HINES BLVD,DALLAS,TX,MEDASSETS,04/15/2024,2315359347,956,2.0,CS,316.0,0.0
,,R705T1,JZ5Z,CHS-GOOD SAMARITAN HOSPITAL / A90,1000 MONTAUK HWY,WEST ISLIP,NY,MEDASSETS,04/15/2024,2315411534,648,1.0,CS,155.04,0.0
,,R705T1,ECIA,BINGHAMTON GENERAL HOSPITAL (LUM),10-42 MITCHELL AVE,BINGHAMTON,NY,MEDASSETS,04/15/2024,2315419181,648,0.1,CS,15.5,0.0
,,R705T1,HFNW,CHILDRENS NATIONAL HOSPITAL(LUM),111 MICHIGAN AVE NW,WASHINGTON,DC,MEDASSETS,04/15/2024,2315413365,646,0.8,CS,101.12,0.0
,,R705T1,HFNW,CHILDRENS NATIONAL HOSPITAL(LUM),111 MICHIGAN AVE NW,WASHINGTON,DC,MEDASSETS,04/15/2024,2315413370,646,0.5,CS,63.2,0.0
,,R705T1,5LRQ,AKRON CHILDRENS HOSPITAL,1 PERKINS SQ,AKRON,OH,MEDASSETS,04/15/2024,2315435122,646,2.0,CS,252.76,0.0
,,R705T1,JBUT,EASTERN PLUMAS HEALTHCARE,500 1ST AVE,PORTOLA,CA,MEDASSETS,04/15/2024,2315432430,645,0.4,CS,57.96,0.0
,,R705T2,LCAC,UNIV CINCINNATI-WESTCHESTER,7700 UNIVERSITY DR,WEST CHESTER,OH,MEDASSETS,04/15/2024,2315450901,974,1.0,CS,215.7,0.0
,,R705T2,LCAC,UNIV CINCINNATI-WESTCHESTER,7700 UNIVERSITY DR,WEST CHESTER,OH,MEDASSETS,04/15/2024,2315450901,656,1.0,CS,137.15,0.0
,,R705T1,HDIH,THE UNIVERSITY OF TEXAS SW MEDICAL,6201 HARRY HINES BLVD,DALLAS,TX,MEDASSETS,04/16/2024,2315454659,648,2.0,CS,310.08,0.0
,,R705T1,HFNW,CHILDRENS NATIONAL HOSPITAL(BULK),111 MICHIGAN AVE NW,WASHINGTON,DC,MEDASSETS,04/15/2024,2315445228,646,1.0,CS,126.38,0.0
,,R705T1,JKFF,NCH MD-HEALTHCARE SYSTEM,350 7TH ST N,NAPLES,FL,MEDASSETS,04/15/2024,2315458193,648,1.0,CS,155.04,0.0
,,R705T2,SUBS,UNIV CINCINNATI-BCW,3200 BURNET AVE,CINCINNATI,OH,MEDASSETS,04/15/2024,2315459914,974,3.0,CS,647.0999999999999,0.0
,,R705T1,VZK4,MT HOOD MEDICAL CENTER,24800 SE STARK ST,GRESHAM,OR,MEDASSETS,04/15/2024,2315478635,656,1.0,CS,139.89,0.0
,,R705T1,BAIR,WESTCHESTER MEDICAL CENTER - LUM CA,100 WOODS RD,VALHALLA,NY,MEDASSETS,04/16/2024,2315474246,974,0.2,CS,44.0,0.0
,,R705T1,BAIR,WESTCHESTER MEDICAL CENTER - LUM CA,100 WOODS RD,VALHALLA,NY,MEDASSETS,04/16/2024,2315474246,946,0.3,CS,48.150000000000006,0.0
,,R705T1,ECFX,UNIVERSITY OF ROCHESTER/STRONG (LUM,601 ELMWOOD AVE,ROCHESTER,NY,MEDASSETS,04/15/2024,2315485559,648,0.2,CS,31.02,0.0
,,R705T1,ECFX,UNIVERSITY OF ROCHESTER/STRONG (LUM,601 ELMWOOD AVE,ROCHESTER,NY,MEDASSETS,04/15/2024,2315485584,648,0.2,CS,31.02,0.0
,,R705T1,ECFX,UNIVERSITY OF ROCHESTER/STRONG (LUM,601 ELMWOOD AVE,ROCHESTER,NY,MEDASSETS,04/15/2024,2315485595,645,0.2,CS,29.0,0.0
,,R705T1,ECFX,UNIVERSITY OF ROCHESTER/STRONG (LUM,601 ELMWOOD AVE,ROCHESTER,NY,MEDASSETS,04/15/2024,2315485595,646,0.2,CS,25.28,0.0
,,R705T1,J55T,MERIDIAN PARK HOSPITAL,19300 SW 65TH AVE,TUALATIN,OR,MEDASSETS,04/15/2024,2315486748,648,1.0,CS,155.04,0.0
,,R705T1,P035,FORREST COUNTY GENERAL HOSPITAL,6051 U S HIGHWAY 49,HATTIESBURG,MS,MEDASSETS,04/16/2024,2315512171,956,1.0,CS,158.0,0.0
,,R705T2,LCAC,UNIV CINCINNATI-WESTCHESTER (LUM),7700 UNIVERSITY DR,WEST CHESTER,OH,MEDASSETS,04/15/2024,2315536038,974,1.0,CS,215.7,0.0
,,R705T2,LCAC,UNIV CINCINNATI-WESTCHESTER (LUM),7700 UNIVERSITY DR,WEST CHESTER,OH,MEDASSETS,04/15/2024,2315536066,974,0.4,CS,86.28,0.0
,,R705T1,S156,RUSH COPLEY MEDICAL CENTER,2000 OGDEN AVE,AURORA,IL,MEDASSETS,04/15/2024,2315535217,957,2.0,CS,256.42,0.0
,,R705T1,RE2G,METROPOLITAN GOVERNMENT OF,1818 ALBION ST,NASHVILLE,TN,MEDASSETS,04/16/2024,2315529336,648,1.0,CS,155.04,0.0
,,R705T1,KAIR,CHS-ST JOSEPHS HOSPITAL,4295 HEMPSTEAD TPKE,BETHPAGE,NY,MEDASSETS,04/16/2024,2315548183,648,1.0,CS,155.04,0.0
,,R705T2,KPN9,GRADY HEALTH SYSTEM LUM CARTS,80 JESSE HILL JR DR SE,ATLANTA,GA,MEDASSETS,04/16/2024,2315606584,648,0.8,CS,121.6,0.0
,,R705T2,KPN9,GRADY HEALTH SYSTEM LUM CARTS,80 JESSE HILL JR DR SE,ATLANTA,GA,MEDASSETS,04/16/2024,2315609105,648,0.2,CS,30.4,0.0
,,R705T1,R998,SILVER CROSS HOSPITAL,1900 SILVER CROSS BLVD,NEW LENOX,IL,MEDASSETS,04/16/2024,2315613302,648,1.0,CS,155.04,0.0
,,R705T1,BAIR,WESTCHESTER MEDICAL CENTER - LUM CA,100 WOODS RD,VALHALLA,NY,MEDASSETS,04/17/2024,2315621507,974,0.2,CS,44.0,0.0
,,R705T1,BAIR,WESTCHESTER MEDICAL CENTER - LUM CA,100 WOODS RD,VALHALLA,NY,MEDASSETS,04/17/2024,2315621507,946,0.3,CS,48.150000000000006,0.0
,,R705T1,WL5Q,MISSISSIPPI STATE HOSPITAL,3550 HIGHWAY 468 W,WHITFIELD,MS,MEDASSETS,04/16/2024,2315605347,649,1.0,CS,155.09,0.0
,,R705T1,Q0WK,KENT COUNTY MEMORIAL HOSPITAL,455 TOLL GATE RD,WARWICK,RI,MEDASSETS,04/17/2024,2315610143,648,1.0,CS,155.0,0.0
,,R705T2,6RYB,PROMEDICA CHARLES & VIRG HICK (LUM),5640 N ADRIAN HWY,ADRIAN,MI,MEDASSETS,04/16/2024,2315615841,957,0.2,CS,25.14,0.0
,,R705T1,BAIR,WESTCHESTER MEDICAL CENTER - LUM CA,100 WOODS RD,VALHALLA,NY,MEDASSETS,04/16/2024,2315616342,946,1.0,CS,160.5,0.0
,,R705T1,GEDD,CHILDRENS HOSPITAL WAREHOUSE,1511 CABIN BRANCH DR BLDG A2,LANDOVER,MD,MEDASSETS,04/13/2024,2315662558,648,2.0,CS,310.08,0.0
,,R705T1,AUJC,HARRISON MEMORIAL HOSPITAL,1210 KY HIGHWAY 36 E,CYNTHIANA,KY,MEDASSETS,04/17/2024,2315667486,648,0.2,CS,31.02,0.0
,,R705T1,JKFF,NCH MD-HEALTHCARE SYSTEM,350 7TH ST N,NAPLES,FL,MEDASSETS,04/16/2024,2315675440,648,1.0,CS,155.04,0.0
,,R705T2,Q641,PROMEDICA FLOWER HOSPITAL,5200 HARROUN RD,SYLVANIA,OH,MEDASSETS,04/16/2024,2315702570,957,1.0,CS,125.7,0.0
,,R705T1,X917,COREWELL HEALTH FARMINGTON HILLS HO,28050 GRAND RIVER AVE,FARMINGTON HILLS,MI,MEDASSETS,04/15/2024,2315702692,656,2.0,CS,279.78,0.0
,,R705T1,X917,COREWELL HEALTH FARMINGTON HILLS HO,28050 GRAND RIVER AVE,FARMINGTON HILLS,MI,MEDASSETS,04/16/2024,2315702699,656,1.0,CS,139.89,0.0
,,R705T1,ECFX,UNIVERSITY OF ROCHESTER/STRONG (LUM,601 ELMWOOD AVE,ROCHESTER,NY,MEDASSETS,04/16/2024,2315709311,645,0.2,CS,29.0,0.0
,,R705T1,S186,KENT - LUM ON UBOAT (LUM),455 TOLL GATE RD,WARWICK,RI,MEDASSETS,04/17/2024,2315712855,648,0.4,CS,62.04,0.0
,,R705T1,R152,UNIVERSITY OF ROCHESTER/STRONG (BUL,601 ELMWOOD AVE,ROCHESTER,NY,MEDASSETS,04/16/2024,2315721946,656,1.0,CS,139.89,0.0
,,R705T2,RBBA,PROMEDICA TOLEDO HOSPITAL (LUM),2142 N COVE BLVD,TOLEDO,OH,MEDASSETS,04/16/2024,2315737581,946,0.2,CS,31.48,0.0
,,R705T2,RBBA,PROMEDICA TOLEDO HOSPITAL (LUM),2142 N COVE BLVD,TOLEDO,OH,MEDASSETS,04/16/2024,2315736154,946,0.2,CS,31.48,0.0
,,R705T1,CVBH,ANN AND ROBERT H LURIE CHILDRENS,200 E SUPERIOR ST,CHICAGO,IL,MEDASSETS,04/16/2024,2315736375,648,1.0,CS,155.0,0.0
,,R705T1,P115,WASHINGTON REGIONAL MEDICAL CENTER,3215 N NORTHHILLS BLVD,FAYETTEVILLE,AR,MEDASSETS,04/18/2024,2315788848,975,2.0,CS,440.44,0.0
,,R705T1,R152,UNIVERSITY OF ROCHESTER/STRONG (BUL,601 ELMWOOD AVE,ROCHESTER,NY,MEDASSETS,04/17/2024,2315782655,648,1.0,CS,155.0,0.0
,,R705T1,ECFX,UNIVERSITY OF ROCHESTER/STRONG (LUM,601 ELMWOOD AVE,ROCHESTER,NY,MEDASSETS,04/17/2024,2315789306,648,0.2,CS,31.02,0.0
,,R705T1,ECFX,UNIVERSITY OF ROCHESTER/STRONG (LUM,601 ELMWOOD AVE,ROCHESTER,NY,MEDASSETS,04/17/2024,2315789332,648,0.2,CS,31.02,0.0
,,R705T2,6RYB,PROMEDICA CHARLES & VIRG HICK (LUM),5640 N ADRIAN HWY,ADRIAN,MI,MEDASSETS,04/17/2024,2315796601,957,0.2,CS,25.14,0.0
,,R705T1,JJMH,LAWRENCE MEM HOSPITAL,325 MAINE ST,LAWRENCE,KS,MEDASSETS,04/18/2024,2315844123,646,0.4,CS,50.56,0.0
,,R705T1,HFNW,CHILDRENS NATIONAL HOSPITAL(LUM),111 MICHIGAN AVE NW,WASHINGTON,DC,MEDASSETS,04/17/2024,2315838420,648,0.3,CS,46.5,0.0
,,R705T1,MKSO,BELLIN MEMORIAL HOSPITAL INC,905 CASS ST,GREEN BAY,WI,MEDASSETS,04/17/2024,2315863797,648,1.0,CS,155.04,0.0
,,R705T1,HDIH,THE UNIVERSITY OF TEXAS SW MEDICAL,6201 HARRY HINES BLVD,DALLAS,TX,MEDASSETS,04/18/2024,2315898051,956,2.0,CS,316.0,0.0
,,R705T1,X917,COREWELL HEALTH FARMINGTON HILLS HO,28050 GRAND RIVER AVE,FARMINGTON HILLS,MI,MEDASSETS,04/17/2024,2315891468,656,1.0,CS,139.89,0.0
,,R705T1,BAIR,WESTCHESTER MEDICAL CENTER - LUM CA,100 WOODS RD,VALHALLA,NY,MEDASSETS,04/18/2024,2315893489,974,0.2,CS,44.0,0.0
,,R705T1,BAIR,WESTCHESTER MEDICAL CENTER - LUM CA,100 WOODS RD,VALHALLA,NY,MEDASSETS,04/18/2024,2315893489,946,0.3,CS,48.150000000000006,0.0
,,R705T1,HFNW,CHILDRENS NATIONAL HOSPITAL(LUM),111 MICHIGAN AVE NW,WASHINGTON,DC,MEDASSETS,04/18/2024,2315974865,648,0.5,CS,77.5,0.0
,,R705T2,RBBA,PROMEDICA TOLEDO HOSPITAL (LUM),2142 N COVE BLVD,TOLEDO,OH,MEDASSETS,04/18/2024,2315973134,946,0.1,CS,15.74,0.0
,,R705T1,ECFX,UNIVERSITY OF ROCHESTER/STRONG (LUM,601 ELMWOOD AVE,ROCHESTER,NY,MEDASSETS,04/18/2024,2315964910,648,0.6,CS,93.0,0.0
,,R705T1,ECFX,UNIVERSITY OF ROCHESTER/STRONG (LUM,601 ELMWOOD AVE,ROCHESTER,NY,MEDASSETS,04/18/2024,2315964910,645,0.6,CS,86.94,0.0
,,R705T1,ECFX,UNIVERSITY OF ROCHESTER/STRONG (LUM,601 ELMWOOD AVE,ROCHESTER,NY,MEDASSETS,04/18/2024,2315964948,646,0.1,CS,12.64,0.0
,,R705T1,JKFF,NCH MD-HEALTHCARE SYSTEM,350 7TH ST N,NAPLES,FL,MEDASSETS,04/18/2024,2315983762,648,1.0,CS,155.04,0.0
,,R705T2,6RYB,PROMEDICA CHARLES & VIRG HICK (LUM),5640 N ADRIAN HWY,ADRIAN,MI,MEDASSETS,04/18/2024,2315986433,957,0.3,CS,37.71,0.0
,,R705T2,6RYB,PROMEDICA CHARLES & VIRG HICK (LUM),5640 N ADRIAN HWY,ADRIAN,MI,MEDASSETS,04/19/2024,2315986464,957,0.3,CS,37.71,0.0
,,R705T1,JBCP,TAMPA GENERAL HOSPITAL-SPD,1 TAMPA GENERAL CIR,TAMPA,FL,MEDASSETS,04/18/2024,2316026792,656,0.5,CS,69.95,0.0
,,R705T1,V4W5,SCHEURER HOSPITAL,170 N CASEVILLE RD,PIGEON,MI,MEDASSETS,04/18/2024,2316034025,648,0.2,CS,31.02,0.0
,,R705T1,YFZS,NEUROSCIENCE GROUP,1305 W AMERICAN DR,NEENAH,WI,MEDASSETS,04/19/2024,2316045740,648,2.0,CS,310.08,0.0
,,R705T1,YFZS,NEUROSCIENCE GROUP,1305 W AMERICAN DR,NEENAH,WI,MEDASSETS,04/19/2024,2316045740,648,1.0,CS,155.04,0.0
,,R705T1,R158,HIGHLAND HOSPITAL-ROCHESTER (LUM),1000 SOUTH AVE,ROCHESTER,NY,MEDASSETS,04/18/2024,2316068294,648,0.2,CS,31.02,0.0
,,R705T1,HFNW,CHILDRENS NATIONAL HOSPITAL(LUM),111 MICHIGAN AVE NW,WASHINGTON,DC,MEDASSETS,04/20/2024,2316111197,645,0.8,CS,115.92,0.0
,,R705T1,HFNW,CHILDRENS NATIONAL HOSPITAL(LUM),111 MICHIGAN AVE NW,WASHINGTON,DC,MEDASSETS,04/19/2024,2316107280,648,0.5,CS,77.5,0.0
,,R705T2,LCAC,UNIV CINCINNATI-WESTCHESTER (LUM),7700 UNIVERSITY DR,WEST CHESTER,OH,MEDASSETS,04/19/2024,2316100514,974,1.0,CS,215.7,0.0
,,R705T2,Q542,MIAMI VALLEY HOSPITAL,1 WYOMING ST,DAYTON,OH,MEDASSETS,04/19/2024,2316099571,656,2.0,CS,274.3,0.0
,,R705T2,Q542,MIAMI VALLEY HOSPITAL,1 WYOMING ST,DAYTON,OH,MEDASSETS,04/19/2024,2316099576,648,1.0,CS,152.0,0.0
,,R705T2,RBBA,PROMEDICA TOLEDO HOSPITAL (LUM),2142 N COVE BLVD,TOLEDO,OH,MEDASSETS,04/21/2024,2316113546,957,0.3,CS,37.71,0.0
,,R705T1,BAIR,WESTCHESTER MEDICAL CENTER - LUM CA,100 WOODS RD,VALHALLA,NY,MEDASSETS,04/19/2024,2316133482,974,0.2,CS,44.0,0.0
,,R705T1,BAIR,WESTCHESTER MEDICAL CENTER - LUM CA,100 WOODS RD,VALHALLA,NY,MEDASSETS,04/19/2024,2316133482,946,0.3,CS,48.150000000000006,0.0
,,R705T1,BAIR,WESTCHESTER MEDICAL CENTER - LUM CA,100 WOODS RD,VALHALLA,NY,MEDASSETS,04/19/2024,2316135353,974,0.3,CS,66.0,0.0
,,R705T1,BAIR,WESTCHESTER MEDICAL CENTER - LUM CA,100 WOODS RD,VALHALLA,NY,MEDASSETS,04/21/2024,2316137724,974,0.2,CS,44.0,0.0
,,R705T1,BAIR,WESTCHESTER MEDICAL CENTER - LUM CA,100 WOODS RD,VALHALLA,NY,MEDASSETS,04/21/2024,2316137724,946,0.3,CS,48.150000000000006,0.0
,,R705T2,KPN9,GRADY HEALTH SYSTEM LUM CARTS,80 JESSE HILL JR DR SE,ATLANTA,GA,MEDASSETS,04/19/2024,2316146901,648,0.1,CS,15.2,0.0
,,R705T1,BAIR,WESTCHESTER MEDICAL CENTER - LUM CA,100 WOODS RD,VALHALLA,NY,MEDASSETS,04/22/2024,2316191566,974,0.2,CS,44.0,0.0
,,R705T1,BAIR,WESTCHESTER MEDICAL CENTER - LUM CA,100 WOODS RD,VALHALLA,NY,MEDASSETS,04/22/2024,2316191566,946,0.3,CS,48.150000000000006,0.0
,,R705T1,JKFF,NCH MD-HEALTHCARE SYSTEM,350 7TH ST N,NAPLES,FL,MEDASSETS,04/19/2024,2316235306,648,1.0,CS,155.04,0.0
,,R705T1,R152,UNIVERSITY OF ROCHESTER/STRONG (BUL,601 ELMWOOD AVE,ROCHESTER,NY,MEDASSETS,04/21/2024,2316239679,648,1.0,CS,155.0,0.0
,,R705T2,KPN9,GRADY HEALTH SYSTEM LUM CARTS,80 JESSE HILL JR DR SE,ATLANTA,GA,MEDASSETS,04/21/2024,2316272750,648,0.2,CS,30.4,0.0
,,R705T2,KPN9,GRADY HEALTH SYSTEM LUM CARTS,80 JESSE HILL JR DR SE,ATLANTA,GA,MEDASSETS,04/21/2024,2316272777,646,0.1,CS,12.39,0.0
,,R705T2,KPN9,GRADY HEALTH SYSTEM LUM CARTS,80 JESSE HILL JR DR SE,ATLANTA,GA,MEDASSETS,04/20/2024,2316272728,648,0.2,CS,30.4,0.0
,,R705T1,KMW5,UNIVERSITY OF MIAMI,1320 S DIXIE HWY,MIAMI,FL,MEDASSETS,04/22/2024,2316271525,649,2.0,CS,310.2,0.0
,,R705T1,BAIR,WESTCHESTER MEDICAL CENTER - LUM CA,100 WOODS RD,VALHALLA,NY,MEDASSETS,04/22/2024,2316316562,974,0.1,CS,22.0,0.0
,,R705T1,CVBH,ANN AND ROBERT H LURIE CHILDRENS,200 E SUPERIOR ST,CHICAGO,IL,MEDASSETS,04/22/2024,2316328470,648,1.5,CS,232.5,0.0
,,R705T1,BAIR,WESTCHESTER MEDICAL CENTER - LUM CA,100 WOODS RD,VALHALLA,NY,MEDASSETS,04/23/2024,2316318361,974,0.2,CS,44.0,0.0
,,R705T1,BAIR,WESTCHESTER MEDICAL CENTER - LUM CA,100 WOODS RD,VALHALLA,NY,MEDASSETS,04/23/2024,2316318361,946,0.3,CS,48.150000000000006,0.0
,,R705T2,RBBA,PROMEDICA TOLEDO HOSPITAL (LUM),2142 N COVE BLVD,TOLEDO,OH,MEDASSETS,04/22/2024,2316323091,946,0.4,CS,62.96,0.0
,,R705T2,WFAZ,PMR WILDWOOD,2865 N REYNOLDS RD STE 170,TOLEDO,OH,MEDASSETS,04/16/2024,2316341150,957,8.0,CS,1005.6,0.0
,,R705T1,WGKR,MGB - SALEM HOSPITAL (LUM),81 HIGHLAND AVE,SALEM,MA,MEDASSETS,04/22/2024,2316360736,646,0.2,CS,25.28,0.0
,,R705T1,R998,SILVER CROSS HOSPITAL,1900 SILVER CROSS BLVD,NEW LENOX,IL,MEDASSETS,04/22/2024,2316364745,648,1.0,CS,155.04,0.0
,,R705T1,ECFX,UNIVERSITY OF ROCHESTER/STRONG (LUM,601 ELMWOOD AVE,ROCHESTER,NY,MEDASSETS,04/22/2024,2316383645,648,0.6,CS,93.0,0.0
,,R705T1,ECFX,UNIVERSITY OF ROCHESTER/STRONG (LUM,601 ELMWOOD AVE,ROCHESTER,NY,MEDASSETS,04/22/2024,2316392208,646,0.1,CS,12.64,0.0
,,R705T1,TVXH,UNIV OF CALIFORNIA - SAN FRANCISCO,1855 FOLSOM ST STE 304,SAN FRANCISCO,CA,MEDASSETS,03/28/2024,2316397991,648,4.0,CS,620.16,0.0
,,R705T1,HFNW,CHILDRENS NATIONAL HOSPITAL(LUM),111 MICHIGAN AVE NW,WASHINGTON,DC,MEDASSETS,04/21/2024,2316414321,646,0.5,CS,63.2,0.0
,,R705T1,V57S,MERCY MEDICAL CENTER,701 10TH ST SE,CEDAR RAPIDS,IA,MEDASSETS,04/22/2024,2316407047,648,1.0,CS,155.04,0.0
,,R705T1,JZ5Z,CHS-GOOD SAMARITAN HOSPITAL / A90,1000 MONTAUK HWY,WEST ISLIP,NY,MEDASSETS,04/22/2024,2316427131,648,1.0,CS,155.04,0.0
,,R705T2,LCAC,UNIV CINCINNATI-WESTCHESTER,7700 UNIVERSITY DR,WEST CHESTER,OH,MEDASSETS,04/22/2024,2316439392,974,1.0,CS,215.7,0.0
,,R705T2,LCAC,UNIV CINCINNATI-WESTCHESTER,7700 UNIVERSITY DR,WEST CHESTER,OH,MEDASSETS,04/22/2024,2316439392,656,1.0,CS,137.15,0.0
,,R705T1,BAIR,WESTCHESTER MEDICAL CENTER - LUM CA,100 WOODS RD,VALHALLA,NY,MEDASSETS,04/24/2024,2316496653,974,0.2,CS,44.0,0.0
,,R705T1,BAIR,WESTCHESTER MEDICAL CENTER - LUM CA,100 WOODS RD,VALHALLA,NY,MEDASSETS,04/24/2024,2316496653,946,0.3,CS,48.150000000000006,0.0
,,R705T1,ECFX,UNIVERSITY OF ROCHESTER/STRONG (LUM,601 ELMWOOD AVE,ROCHESTER,NY,MEDASSETS,04/17/2024,2316503355,648,0.2,CS,31.02,0.0
,,R705T2,A5JD,NORTH MIAMI VALLEY HOSPITAL,9000 N MAIN ST,ENGLEWOOD,OH,MEDASSETS,04/23/2024,2316525040,956,1.0,CS,154.9,0.0
,,R705T1,W5ZF,VANDERBILT IMAGING (BULK),2000 RICHARD JONES RD STE 270,NASHVILLE,TN,MEDASSETS,04/18/2024,2316525085,656,1.0,CS,139.89,0.0
,,R705T1,HHNU,CHILDRENS HOSPITAL OF WISCONSIN,6740 W WASHINGTON ST,WEST ALLIS,WI,MEDASSETS,04/23/2024,2316526359,649B,2.0,CS,279.88,0.0
,,R705T1,Q7QB,WMC - LUM ON PALLETS,100 WOODS RD,VALHALLA,NY,MEDASSETS,04/23/2024,2316553976,974,1.0,CS,220.01,0.0
,,R705T1,VXE3,JOHNS HOPKINS ALL CHILDRENS HOSPITA,501 6TH AVE S,SAINT PETERSBURG,FL,MEDASSETS,04/23/2024,2316553053,645,1.0,CS,144.94,0.0
,,R705T2,SUBS,UNIV CINCINNATI-BCW,3200 BURNET AVE,CINCINNATI,OH,MEDASSETS,04/23/2024,2316563764,974,3.0,CS,647.0999999999999,0.0
,,R705T1,R326,CAYUGA MEDICAL CENTER-AT ITHACA,101 DATES DR,ITHACA,NY,MEDASSETS,04/23/2024,2316562025,649,1.0,CS,155.09,0.0
,,R705T2,RBBA,PROMEDICA TOLEDO HOSPITAL (LUM),2142 N COVE BLVD,TOLEDO,OH,MEDASSETS,04/23/2024,2316604561,946,0.4,CS,62.96,0.0
,,R705T1,MF5W,GOOD SAMARITAN HOSPITAL,1015 NW 22ND AVE,PORTLAND,OR,MEDASSETS,04/24/2024,2316599627,648,1.0,CS,155.04,0.0
,,R705T1,HFNW,CHILDRENS NATIONAL HOSPITAL(LUM),111 MICHIGAN AVE NW,WASHINGTON,DC,MEDASSETS,04/23/2024,2316599045,646,4.0,CS,505.6,0.0
,,R705T1,HFNW,CHILDRENS NATIONAL HOSPITAL(LUM),111 MICHIGAN AVE NW,WASHINGTON,DC,MEDASSETS,04/23/2024,2316599081,648,0.3,CS,46.5,0.0
,,R705T1,F5LX,ALLY MEDICAL ER - BUDA,15610 INTERSTATE 35,BUDA,TX,MEDASSETS,04/24/2024,2316628007,645,0.2,CS,28.98,0.0
,,R705T2,DT9K,UNIVERSITY OF CINCINNATI - UCMC,331 ALBERT SABIN WAY,CINCINNATI,OH,MEDASSETS,04/23/2024,2316634137,974,1.0,CS,215.7,0.0
,,R705T1,P381,HC AUTHRTY BAPTIST HLTH (BULK),2105 E SOUTH BLVD,MONTGOMERY,AL,MEDASSETS,04/22/2024,2316675535,646,1.0,CS,126.38,0.0
,,R705T1,P035,FORREST COUNTY GENERAL HOSPITAL,6051 U S HIGHWAY 49,HATTIESBURG,MS,MEDASSETS,04/25/2024,2316675641,956,1.0,CS,158.0,0.0
,,R705T1,KN7M,ST LUKES CHESTERFIELD,232 S WOODS MILL RD,CHESTERFIELD,MO,MEDASSETS,04/24/2024,2316686058,956,2.0,CS,316.0,0.0
,,R705T1,ECFX,UNIVERSITY OF ROCHESTER/STRONG (LUM,601 ELMWOOD AVE,ROCHESTER,NY,MEDASSETS,04/24/2024,2316692789,646,0.5,CS,63.2,0.0
,,R705T1,ECFX,UNIVERSITY OF ROCHESTER/STRONG (LUM,601 ELMWOOD AVE,ROCHESTER,NY,MEDASSETS,04/24/2024,2316692789,648,0.5,CS,77.5,0.0
,,R705T1,BAIR,WESTCHESTER MEDICAL CENTER - LUM CA,100 WOODS RD,VALHALLA,NY,MEDASSETS,04/25/2024,2316741166,946,0.3,CS,48.150000000000006,0.0
,,R705T1,JKFF,NCH MD-HEALTHCARE SYSTEM,350 7TH ST N,NAPLES,FL,MEDASSETS,04/24/2024,2316751714,648,1.0,CS,155.04,0.0
,,R705T1,X917,COREWELL HEALTH FARMINGTON HILLS HO,28050 GRAND RIVER AVE,FARMINGTON HILLS,MI,MEDASSETS,04/23/2024,2316783027,656,1.0,CS,139.89,0.0
,,R705T1,HDIH,THE UNIVERSITY OF TEXAS SW MEDICAL,6201 HARRY HINES BLVD,DALLAS,TX,MEDASSETS,04/25/2024,2316783246,648,5.0,CS,775.1999999999999,0.0
,,R705T2,LCAC,UNIV CINCINNATI-WESTCHESTER (LUM),7700 UNIVERSITY DR,WEST CHESTER,OH,MEDASSETS,04/24/2024,2316789583,974,0.2,CS,43.14,0.0
,,R705T1,ECFX,UNIVERSITY OF ROCHESTER/STRONG (LUM,601 ELMWOOD AVE,ROCHESTER,NY,MEDASSETS,04/25/2024,2316875720,648,0.2,CS,31.02,0.0
,,R705T1,ECFX,UNIVERSITY OF ROCHESTER/STRONG (LUM,601 ELMWOOD AVE,ROCHESTER,NY,MEDASSETS,04/25/2024,2316875746,645,0.2,CS,29.0,0.0
,,R705T1,ECFX,UNIVERSITY OF ROCHESTER/STRONG (LUM,601 ELMWOOD AVE,ROCHESTER,NY,MEDASSETS,04/25/2024,2316875748,648,0.3,CS,46.5,0.0
,,R705T1,R152,UNIVERSITY OF ROCHESTER/STRONG (BUL,601 ELMWOOD AVE,ROCHESTER,NY,MEDASSETS,04/25/2024,2316877882,648,0.1,CS,15.5,0.0
,,R705T1,BAIR,WESTCHESTER MEDICAL CENTER - LUM CA,100 WOODS RD,VALHALLA,NY,MEDASSETS,04/24/2024,2316876006,946,1.0,CS,160.5,0.0
,,R705T1,ECFX,UNIVERSITY OF ROCHESTER/STRONG (LUM,601 ELMWOOD AVE,ROCHESTER,NY,MEDASSETS,04/25/2024,2316867287,648,0.1,CS,15.5,0.0
,,R705T1,R152,UNIVERSITY OF ROCHESTER/STRONG (BUL,601 ELMWOOD AVE,ROCHESTER,NY,MEDASSETS,04/25/2024,2316879200,656,1.0,CS,139.89,0.0
,,R705T1,R152,UNIVERSITY OF ROCHESTER/STRONG (BUL,601 ELMWOOD AVE,ROCHESTER,NY,MEDASSETS,04/25/2024,2316879200,648,1.0,CS,155.0,0.0
,,R705T1,HFNW,CHILDRENS NATIONAL HOSPITAL(LUM),111 MICHIGAN AVE NW,WASHINGTON,DC,MEDASSETS,04/25/2024,2316892813,648,0.4,CS,62.04,0.0
,,R705T2,XSIU,ATRIUM MEDICAL CENTER (LUM),1 MEDICAL CENTER DR,FRANKLIN,OH,MEDASSETS,04/26/2024,2316909725,956,1.0,CS,154.9,0.0
,,R705T2,LCAC,UNIV CINCINNATI-WESTCHESTER (LUM),7700 UNIVERSITY DR,WEST CHESTER,OH,MEDASSETS,04/25/2024,2316948081,974,1.0,CS,215.7,0.0
,,R705T1,S186,KENT - LUM ON UBOAT (LUM),455 TOLL GATE RD,WARWICK,RI,MEDASSETS,04/26/2024,2316944994,648,0.5,CS,77.5,0.0
,,R705T1,YAZK,THEDACARE REG MED CTR-APPLETON(LUM),1818 N MEADE ST,APPLETON,WI,MEDASSETS,04/26/2024,2316985938,956,1.0,CS,158.0,0.0
,,R705T2,DT9K,UNIVERSITY OF CINCINNATI - UCMC,331 ALBERT SABIN WAY,CINCINNATI,OH,MEDASSETS,04/26/2024,2316983015,974,1.0,CS,215.7,0.0
,,R705T1,ECFX,UNIVERSITY OF ROCHESTER/STRONG (LUM,601 ELMWOOD AVE,ROCHESTER,NY,MEDASSETS,04/26/2024,2316990075,648,0.6,CS,93.0,0.0
,,R705T1,ECFX,UNIVERSITY OF ROCHESTER/STRONG (LUM,601 ELMWOOD AVE,ROCHESTER,NY,MEDASSETS,04/27/2024,2316988557,648,0.2,CS,31.02,0.0
,,R705T2,KPN9,GRADY HEALTH SYSTEM LUM CARTS,80 JESSE HILL JR DR SE,ATLANTA,GA,MEDASSETS,04/26/2024,2317006703,646,0.1,CS,12.39,0.0
,,R705T1,HFNW,CHILDRENS NATIONAL HOSPITAL(LUM),111 MICHIGAN AVE NW,WASHINGTON,DC,MEDASSETS,04/25/2024,2317002311,646,4.0,CS,505.6,0.0
,,R705T2,RBBA,PROMEDICA TOLEDO HOSPITAL (LUM),2142 N COVE BLVD,TOLEDO,OH,MEDASSETS,04/26/2024,2317015226,946,0.3,CS,47.22,0.0
,,R705T2,KPN9,GRADY HEALTH SYSTEM LUM CARTS,80 JESSE HILL JR DR SE,ATLANTA,GA,MEDASSETS,04/26/2024,2317005597,648,0.2,CS,30.4,0.0
,,R705T1,ECHZ,WILSON MEMORIAL HOSPITAL (LUM),33-57 HARRISON ST,JOHNSON CITY,NY,MEDASSETS,04/26/2024,2317014294,648,0.1,CS,15.5,0.0
,,R705T1,VZK4,MT HOOD MEDICAL CENTER,24800 SE STARK ST,GRESHAM,OR,MEDASSETS,04/27/2024,2317023998,648,1.0,CS,155.04,0.0
,,R705T1,UOL7,ARNOT-OGDEN MEDICAL CENTER,600 ROE AVE,ELMIRA,NY,MEDASSETS,04/26/2024,2316960828,648,1.0,CS,155.04,0.0
,,R705T1,BAIR,WESTCHESTER MEDICAL CENTER - LUM CA,100 WOODS RD,VALHALLA,NY,MEDASSETS,04/26/2024,2317026343,946,0.3,CS,48.150000000000006,0.0
,,R705T2,KPN9,GRADY HEALTH SYSTEM LUM CARTS,80 JESSE HILL JR DR SE,ATLANTA,GA,MEDASSETS,04/27/2024,2317038002,648,3.0,CS,456.0,0.0
,,R705T2,KPN9,GRADY HEALTH SYSTEM LUM CARTS,80 JESSE HILL JR DR SE,ATLANTA,GA,MEDASSETS,04/27/2024,2317038005,648,0.6,CS,91.19999999999999,0.0
,,R705T1,5DHG,VASCULAR AND INTERVENTIONAL PARTNER,22455 N MILLER RD STE B100,SCOTTSDALE,AZ,MEDASSETS,04/26/2024,2317032286,648,1.0,CS,155.04,0.0
,,R705T2,RBBA,PROMEDICA TOLEDO HOSPITAL (LUM),2142 N COVE BLVD,TOLEDO,OH,MEDASSETS,04/28/2024,2317121491,946,0.1,CS,15.74,0.0
,,R705T2,KPN9,GRADY HEALTH SYSTEM LUM CARTS,80 JESSE HILL JR DR SE,ATLANTA,GA,MEDASSETS,04/29/2024,2317158992,648,1.0,CS,152.0,0.0
,,R705T2,KPN9,GRADY HEALTH SYSTEM LUM CARTS,80 JESSE HILL JR DR SE,ATLANTA,GA,MEDASSETS,04/29/2024,2317206802,648,0.2,CS,30.4,0.0
,,R705T2,Q542,MIAMI VALLEY HOSPITAL,1 WYOMING ST,DAYTON,OH,MEDASSETS,04/29/2024,2317222296,648,1.0,CS,152.0,0.0
,,R705T1,XU8I,UNIV OF KANSAS HS-CAMBRIDGE DOCK,3801 EATON ST,KANSAS CITY,KS,MEDASSETS,04/30/2024,2317282907,956,2.0,CS,316.0,0.0
,,R705T1,R152,UNIVERSITY OF ROCHESTER/STRONG (BUL,601 ELMWOOD AVE,ROCHESTER,NY,MEDASSETS,04/28/2024,2317289267,648,0.7,CS,108.5,0.0
,,R705T1,R158,HIGHLAND HOSPITAL-ROCHESTER (LUM),1000 SOUTH AVE,ROCHESTER,NY,MEDASSETS,04/29/2024,2317305577,648,0.2,CS,31.02,0.0
,,R705T1,S2JI,ADULT INFUSION 111010028,8081 INNOVATION PARK DR,FAIRFAX,VA,MEDASSETS,04/30/2024,2317207810,649,1.0,CS,155.09,0.0
,,R705T1,ECFX,UNIVERSITY OF ROCHESTER/STRONG (LUM,601 ELMWOOD AVE,ROCHESTER,NY,MEDASSETS,04/29/2024,2317222937,648,0.2,CS,31.02,0.0
,,R705T1,JBCP,TAMPA GENERAL HOSPITAL-SPD,1 TAMPA GENERAL CIR,TAMPA,FL,MEDASSETS,04/29/2024,2317242381,656,1.0,CS,139.9,0.0
,,R705T1,ECFX,UNIVERSITY OF ROCHESTER/STRONG (LUM,601 ELMWOOD AVE,ROCHESTER,NY,MEDASSETS,04/29/2024,2317222944,646,0.2,CS,25.28,0.0
,,R705T1,3K5W,WESTMED-PERINATOLOGY-RH,73 MARKET ST STE 212,YONKERS,NY,MEDASSETS,04/11/2024,2317320114,976,2.0,CS,406.16,0.0
,,R705T1,HFNW,CHILDRENS NATIONAL HOSPITAL(LUM),111 MICHIGAN AVE NW,WASHINGTON,DC,MEDASSETS,04/29/2024,2317331009,645,0.8,CS,115.92,0.0
,,R705T1,Q611,FISHER TITUS MEDICAL CENTER,272 BENEDICT AVE,NORWALK,OH,MEDASSETS,04/30/2024,2317367832,957,1.0,CS,128.21,0.0
,,R705T2,Q641,PROMEDICA FLOWER HOSPITAL (LUM),5200 HARROUN RD,SYLVANIA,OH,MEDASSETS,04/30/2024,2317367846,956,1.0,CS,154.9,0.0
,,R705T1,ECFX,UNIVERSITY OF ROCHESTER/STRONG (LUM,601 ELMWOOD AVE,ROCHESTER,NY,MEDASSETS,04/30/2024,2317380697,646,0.2,CS,25.28,0.0
,,R705T2,Q358,PROMEDICA MONROE REGIONAL (LUM),718 N MACOMB ST,MONROE,MI,MEDASSETS,04/30/2024,2317370824,648,0.2,CS,30.4,0.0
,,R705T2,6RYB,PROMEDICA CHARLES & VIRG HICK (LUM),5640 N ADRIAN HWY,ADRIAN,MI,MEDASSETS,04/30/2024,2317370841,957,0.5,CS,62.85,0.0
,,R705T1,XQI2,THE CENTER FOR NEUROSCIENCES,2450 E RIVER RD,TUCSON,AZ,MEDASSETS,05/01/2024,2317372234,648,0.4,CS,62.0,0.0
,,R705T1,KOGP,REDLANDS COMMUNITY HOSPITAL (BULK),350 TERRACINA BLVD,REDLANDS,CA,MEDASSETS,04/30/2024,2317394809,645,0.1,CS,14.49,0.0
,,R705T2,RBBA,PROMEDICA TOLEDO HOSPITAL,2142 N COVE BLVD,TOLEDO,OH,MEDASSETS,04/30/2024,2317367811,956,1.0,CS,154.9,0.0
,,R705T1,JKFF,NCH MD-HEALTHCARE SYSTEM,350 7TH ST N,NAPLES,FL,MEDASSETS,04/30/2024,2317387651,648,1.0,CS,155.04,0.0
,,R705T1,BADO,YAVAPAI REG MEDICAL CTR- EAST,7700 E FLORENTINE RD,PRESCOTT VALLEY,AZ,MEDASSETS,04/30/2024,2317408847,649B,1.0,CS,139.94,0.0
,,R705T2,RBBA,PROMEDICA TOLEDO HOSPITAL (LUM),2142 N COVE BLVD,TOLEDO,OH,MEDASSETS,04/29/2024,2317339277,957,0.3,CS,37.71,0.0
,,R705T1,BAIR,WESTCHESTER MEDICAL CENTER - LUM CA,100 WOODS RD,VALHALLA,NY,MEDASSETS,04/29/2024,2317371560,946,1.0,CS,160.5,0.0
,,R705T1,HDIH,THE UNIVERSITY OF TEXAS SW MEDICAL,6201 HARRY HINES BLVD,DALLAS,TX,MEDASSETS,05/01/2024,2317391894,648,2.0,CS,310.08,0.0
,,R705T2,LCAC,UNIV CINCINNATI-WESTCHESTER,7700 UNIVERSITY DR,WEST CHESTER,OH,MEDASSETS,04/29/2024,2317466791,656,2.0,CS,274.3,0.0
,,R705T2,KPN9,GRADY HEALTH SYSTEM LUM CARTS,80 JESSE HILL JR DR SE,ATLANTA,GA,MEDASSETS,04/29/2024,2317480387,648,0.2,CS,30.4,0.0
,,R705T2,DT9K,UNIVERSITY OF CINCINNATI - UCMC,331 ALBERT SABIN WAY,CINCINNATI,OH,MEDASSETS,04/30/2024,2317466768,974,2.0,CS,431.4,0.0
,,R705T2,RBBA,PROMEDICA TOLEDO HOSPITAL (LUM),2142 N COVE BLVD,TOLEDO,OH,MEDASSETS,04/30/2024,2317496490,946,0.2,CS,31.48,0.0
,,R705T2,6RYB,PROMEDICA CHARLES & VIRG HICK (LUM),5640 N ADRIAN HWY,ADRIAN,MI,MEDASSETS,05/01/2024,2317553514,957,0.5,CS,62.85,0.0
,,R705T1,YAZK,THEDACARE REG MED CTR-APPLETON(LUM),1818 N MEADE ST,APPLETON,WI,MEDASSETS,05/01/2024,2317567983,956,1.0,CS,158.0,0.0
,,R705T2,RBBA,PROMEDICA TOLEDO HOSPITAL (LUM),2142 N COVE BLVD,TOLEDO,OH,MEDASSETS,04/30/2024,2317498078,946,0.2,CS,31.48,0.0
,,R705T1,5LRQ,AKRON CHILDRENS HOSPITAL,1 PERKINS SQ,AKRON,OH,MEDASSETS,04/30/2024,2317500628,646,2.0,CS,252.76,0.0
,,R705T1,ECFX,UNIVERSITY OF ROCHESTER/STRONG (LUM,601 ELMWOOD AVE,ROCHESTER,NY,MEDASSETS,05/01/2024,2317514165,648,0.4,CS,62.04,0.0
,,R705T1,HFNW,CHILDRENS NATIONAL HOSPITAL(LUM),111 MICHIGAN AVE NW,WASHINGTON,DC,MEDASSETS,05/01/2024,2317548400,645,0.8,CS,115.92,0.0
,,R705T2,LCAC,UNIV CINCINNATI-WESTCHESTER,7700 UNIVERSITY DR,WEST CHESTER,OH,MEDASSETS,04/29/2024,2317466791,974,1.0,CS,215.7,0.0
,,R705T2,RBBA,PROMEDICA TOLEDO HOSPITAL (LUM),2142 N COVE BLVD,TOLEDO,OH,MEDASSETS,04/30/2024,2317495493,957,0.3,CS,37.71,0.0
,,R705T1,ECFX,UNIVERSITY OF ROCHESTER/STRONG (LUM,601 ELMWOOD AVE,ROCHESTER,NY,MEDASSETS,05/01/2024,2317514180,648,0.2,CS,31.02,0.0
,,R705T1,JZ5Z,CHS-GOOD SAMARITAN HOSPITAL / A90,1000 MONTAUK HWY,WEST ISLIP,NY,MEDASSETS,05/01/2024,2317547645,648,2.0,CS,310.08,0.0
,,R705T1,V556,STILLWATER MEDICAL CENTER,1323 W 6TH AVE,STILLWATER,OK,MEDASSETS,04/27/2024,2317653807,649,1.0,CS,155.09,0.0
,,R705T1,R998,SILVER CROSS HOSPITAL,1900 SILVER CROSS BLVD,NEW LENOX,IL,MEDASSETS,05/01/2024,2317644406,648,1.0,CS,155.04,0.0
,,R705T1,MKSO,BELLIN MEMORIAL HOSPITAL INC,905 CASS ST,GREEN BAY,WI,MEDASSETS,05/01/2024,2317579234,648,1.0,CS,155.04,0.0
,,R705T1,BAIR,WESTCHESTER MEDICAL CENTER - LUM CA,100 WOODS RD,VALHALLA,NY,MEDASSETS,05/02/2024,2317593478,946,0.3,CS,48.150000000000006,0.0
,,R705T1,UFFJ,TRYCO INCORPORATED,6736 OLD MCLEAN VILLAGE DR,MCLEAN,VA,MEDASSETS,04/22/2024,2317646757,648,3.0,CS,465.12,0.0
,,R705T1,RQL9,EMANUEL HOSPITAL,2801 N GANTENBEIN AVE,PORTLAND,OR,MEDASSETS,05/02/2024,2317619367,646,2.0,CS,252.76,0.0
,,R705T1,CVBH,ANN AND ROBERT H LURIE CHILDRENS,200 E SUPERIOR ST,CHICAGO,IL,MEDASSETS,04/30/2024,2317591662,648,0.1,CS,15.5,0.0
,,R705T1,ECHZ,WILSON MEMORIAL HOSPITAL (LUM),33-57 HARRISON ST,JOHNSON CITY,NY,MEDASSETS,05/01/2024,2317665116,648,0.4,CS,62.04,0.0
,,R705T1,VXE3,JOHNS HOPKINS ALL CHILDRENS HOSPITA,501 6TH AVE S,SAINT PETERSBURG,FL,MEDASSETS,05/03/2024,2317723646,645,2.0,CS,289.88,0.0
,,R705T1,ECFX,UNIVERSITY OF ROCHESTER/STRONG (LUM,601 ELMWOOD AVE,ROCHESTER,NY,MEDASSETS,05/02/2024,2317726216,648,0.2,CS,31.02,0.0
,,R705T1,HDIH,THE UNIVERSITY OF TEXAS SW MEDICAL,6201 HARRY HINES BLVD,DALLAS,TX,MEDASSETS,05/03/2024,2317717332,956,1.0,CS,158.0,0.0
,,R705T1,ECHZ,WILSON MEMORIAL HOSPITAL (LUM),33-57 HARRISON ST,JOHNSON CITY,NY,MEDASSETS,05/02/2024,2317714393,646,0.2,CS,25.28,0.0
,,R705T1,R152,UNIVERSITY OF ROCHESTER/STRONG (BUL,601 ELMWOOD AVE,ROCHESTER,NY,MEDASSETS,05/02/2024,2317758395,648,1.0,CS,155.0,0.0
,,R705T1,P115,WASHINGTON REGIONAL MEDICAL CENTER,3215 N NORTHHILLS BLVD,FAYETTEVILLE,AR,MEDASSETS,05/03/2024,2317726430,975,2.0,CS,440.44,0.0
,,R705T1,MF5W,GOOD SAMARITAN HOSPITAL,1015 NW 22ND AVE,PORTLAND,OR,MEDASSETS,05/03/2024,2317739207,648,1.0,CS,155.04,0.0
,,R705T2,A5JD,NORTH MIAMI VALLEY HOSPITAL,9000 N MAIN ST,ENGLEWOOD,OH,MEDASSETS,05/02/2024,2317788981,956,1.0,CS,154.9,0.0
,,R705T1,UQIF,COURSEY ENTERPRISES INC,1259 S LYNN LN,IDABEL,OK,MEDASSETS,05/03/2024,2317737959,645,1.0,CS,144.94,0.0
,,R705T1,ECHZ,WILSON MEMORIAL HOSPITAL (LUM),33-57 HARRISON ST,JOHNSON CITY,NY,MEDASSETS,05/02/2024,2317716142,648,0.3,CS,46.5,0.0
,,R705T2,LCAC,UNIV CINCINNATI-WESTCHESTER (LUM),7700 UNIVERSITY DR,WEST CHESTER,OH,MEDASSETS,05/02/2024,2317821371,974,1.0,CS,215.7,0.0
,,R705T1,ECHZ,WILSON MEMORIAL HOSPITAL (LUM),33-57 HARRISON ST,JOHNSON CITY,NY,MEDASSETS,05/03/2024,2317893136,648,1.0,CS,155.0,0.0
,,R705T1,6D93,UMUC AT ABERDEEN,660 MCHENRY RD,ABERDEEN,MD,MEDASSETS,05/03/2024,2317840135,648,0.5,CS,77.5,0.0
,,R705T2,SUBS,UNIV CINCINNATI-BCW,3200 BURNET AVE,CINCINNATI,OH,MEDASSETS,05/02/2024,2317845121,656,1.0,CS,137.15,0.0
,,R705T2,Q542,MIAMI VALLEY HOSPITAL,1 WYOMING ST,DAYTON,OH,MEDASSETS,05/02/2024,2317840348,648,1.0,CS,152.0,0.0
,,R705T1,ZSBQ,GARFIELD COUNTY HOSPITAL DISTRICT,66 N 6TH ST,POMEROY,WA,MEDASSETS,05/02/2024,2317819335,648,0.1,CS,15.5,0.0
,,R705T2,LCAC,UNIV CINCINNATI-WESTCHESTER (LUM),7700 UNIVERSITY DR,WEST CHESTER,OH,MEDASSETS,05/02/2024,2317821360,974,0.4,CS,86.28,0.0
,,R705T2,SUBS,UNIV CINCINNATI-BCW,3200 BURNET AVE,CINCINNATI,OH,MEDASSETS,05/02/2024,2317845121,974,3.0,CS,647.0999999999999,0.0
,,R705T1,JKFF,NCH MD-HEALTHCARE SYSTEM,350 7TH ST N,NAPLES,FL,MEDASSETS,05/03/2024,2317879036,648,1.0,CS,155.04,0.0
,,R705T1,CVBH,ANN AND ROBERT H LURIE CHILDRENS,200 E SUPERIOR ST,CHICAGO,IL,MEDASSETS,05/02/2024,2317936139,648,1.0,CS,155.0,0.0
,,R705T1,CVBH,ANN AND ROBERT H LURIE CHILDRENS,200 E SUPERIOR ST,CHICAGO,IL,MEDASSETS,05/02/2024,2317936139,648,1.0,CS,155.0,0.0
,,R705T2,LCAC,UNIV CINCINNATI-WESTCHESTER (LUM),7700 UNIVERSITY DR,WEST CHESTER,OH,MEDASSETS,05/03/2024,2317907171,974,0.2,CS,43.14,0.0
,,R705T2,KPN9,GRADY HEALTH SYSTEM LUM CARTS,80 JESSE HILL JR DR SE,ATLANTA,GA,MEDASSETS,05/04/2024,2317944527,648,0.2,CS,30.4,0.0
,,R705T2,KPN9,GRADY HEALTH SYSTEM LUM CARTS,80 JESSE HILL JR DR SE,ATLANTA,GA,MEDASSETS,05/05/2024,2317944565,648,0.2,CS,30.4,0.0
,,R705T2,SUBS,UNIV CINCINNATI-BCW,3200 BURNET AVE,CINCINNATI,OH,MEDASSETS,05/03/2024,2317911553,656,3.0,CS,411.45000000000005,0.0
,,R705T1,ECFX,UNIVERSITY OF ROCHESTER/STRONG (LUM,601 ELMWOOD AVE,ROCHESTER,NY,MEDASSETS,05/04/2024,2317931695,646,0.2,CS,25.28,0.0
,,R705T1,R152,UNIVERSITY OF ROCHESTER/STRONG (BUL,601 ELMWOOD AVE,ROCHESTER,NY,MEDASSETS,05/04/2024,2317898759,656,1.0,CS,139.89,0.0
,,R705T1,HFNW,CHILDRENS NATIONAL HOSPITAL(LUM),111 MICHIGAN AVE NW,WASHINGTON,DC,MEDASSETS,05/04/2024,2317914979,648,0.3,CS,46.5,0.0
,,R705T2,RBBA,PROMEDICA TOLEDO HOSPITAL (LUM),2142 N COVE BLVD,TOLEDO,OH,MEDASSETS,05/03/2024,2317933744,946,0.2,CS,31.48,0.0
,,R705T1,W5ZF,VANDERBILT IMAGING (BULK),2000 RICHARD JONES RD STE 270,NASHVILLE,TN,MEDASSETS,05/02/2024,2318030609,656,1.0,CS,139.89,0.0
,,R705T2,KPN9,GRADY HEALTH SYSTEM LUM CARTS,80 JESSE HILL JR DR SE,ATLANTA,GA,MEDASSETS,05/04/2024,2317944545,646,0.1,CS,12.39,0.0
,,R705T2,KPN9,GRADY HEALTH SYSTEM LUM CARTS,80 JESSE HILL JR DR SE,ATLANTA,GA,MEDASSETS,05/04/2024,2317944557,646,0.1,CS,12.39,0.0
,,R705T2,Q641,PROMEDICA FLOWER HOSPITAL,5200 HARROUN RD,SYLVANIA,OH,MEDASSETS,05/03/2024,2318036062,957,1.0,CS,125.7,0.0
,,R705T1,M9O2,GOOD SAM HOSPITAL OF SUFFERN STOCK,255 LAFAYETTE AVE,SUFFERN,NY,MEDASSETS,05/04/2024,2318034973,974,1.0,CS,220.01,0.0
,,R705T2,RBBA,PROMEDICA TOLEDO HOSPITAL (LUM),2142 N COVE BLVD,TOLEDO,OH,MEDASSETS,05/03/2024,2317937576,946,0.2,CS,31.48,0.0
,,R705T1,YUA8,MEDSTAR RADIOLOGY NETW LAFAYETTE 2,1133 21ST ST NW STE 801,WASHINGTON,DC,MEDASSETS,05/07/2024,2318122321,656,4.0,CS,559.56,0.0
,,R705T1,ECFX,UNIVERSITY OF ROCHESTER/STRONG (LUM,601 ELMWOOD AVE,ROCHESTER,NY,MEDASSETS,05/06/2024,2318160592,648,0.4,CS,62.04,0.0
,,R705T2,RBBA,PROMEDICA TOLEDO HOSPITAL (LUM),2142 N COVE BLVD,TOLEDO,OH,MEDASSETS,05/05/2024,2318079275,946,0.1,CS,15.74,0.0
,,R705T2,WFAZ,PMR WILDWOOD,2865 N REYNOLDS RD STE 170,TOLEDO,OH,MEDASSETS,04/30/2024,2318128377,957,8.0,CS,1005.6,0.0
,,R705T1,R158,HIGHLAND HOSPITAL-ROCHESTER (LUM),1000 SOUTH AVE,ROCHESTER,NY,MEDASSETS,05/06/2024,2318144027,648,0.4,CS,62.04,0.0
,,R705T1,JBCP,TAMPA GENERAL HOSPITAL-SPD,1 TAMPA GENERAL CIR,TAMPA,FL,MEDASSETS,05/07/2024,2318210765,656,1.0,CS,139.9,0.0
,,R705T2,Q542,MIAMI VALLEY HOSPITAL,1 WYOMING ST,DAYTON,OH,MEDASSETS,05/06/2024,2318216883,648,1.0,CS,152.0,0.0
,,R705T2,LCAC,UNIV CINCINNATI-WESTCHESTER,7700 UNIVERSITY DR,WEST CHESTER,OH,MEDASSETS,05/06/2024,2318132481,974,1.0,CS,215.7,0.0
,,R705T1,ECFX,UNIVERSITY OF ROCHESTER/STRONG (LUM,601 ELMWOOD AVE,ROCHESTER,NY,MEDASSETS,05/06/2024,2318164050,648,0.2,CS,31.02,0.0
,,R705T1,ECFX,UNIVERSITY OF ROCHESTER/STRONG (LUM,601 ELMWOOD AVE,ROCHESTER,NY,MEDASSETS,05/06/2024,2318162338,648,0.2,CS,31.02,0.0
,,R705T1,R152,UNIVERSITY OF ROCHESTER/STRONG (BUL,601 ELMWOOD AVE,ROCHESTER,NY,MEDASSETS,05/05/2024,2318238145,648,0.3,CS,46.5,0.0
,,R705T2,RBBA,PROMEDICA TOLEDO HOSPITAL (LUM),2142 N COVE BLVD,TOLEDO,OH,MEDASSETS,05/06/2024,2318241501,946,0.2,CS,31.48,0.0
,,R705T2,LCAC,UNIV CINCINNATI-WESTCHESTER (LUM),7700 UNIVERSITY DR,WEST CHESTER,OH,MEDASSETS,05/06/2024,2318199935,974,0.2,CS,43.14,0.0
,,R705T1,KWOM,COREWELL HEALTH DEARBORN HOSPITAL,18101 OAKWOOD BLVD,DEARBORN,MI,MEDASSETS,04/29/2024,2318244313,974,1.0,CS,220.01,0.0
,,R705T2,KPN9,GRADY HEALTH SYSTEM LUM CARTS,80 JESSE HILL JR DR SE,ATLANTA,GA,MEDASSETS,05/06/2024,2318205752,648,1.0,CS,152.0,0.0
,,R705T1,TVXH,UNIV OF CALIFORNIA - SAN FRANCISCO,1855 FOLSOM ST STE 304,SAN FRANCISCO,CA,MEDASSETS,03/28/2024,2318358488,648,1.0,CS,155.04,0.0
,,R705T1,EPDO,NICKLAUS CHILDRENS HOSPITAL,6150 SW 30TH ST,MIAMI,FL,MEDASSETS,05/07/2024,2318306127,646,4.0,CS,505.52,0.0
,,R705T1,ECFX,UNIVERSITY OF ROCHESTER/STRONG (LUM,601 ELMWOOD AVE,ROCHESTER,NY,MEDASSETS,05/07/2024,2318341659,646,0.2,CS,25.28,0.0
,,R705T1,5LRQ,AKRON CHILDRENS HOSPITAL,1 PERKINS SQ,AKRON,OH,MEDASSETS,05/07/2024,2318415917,646,2.0,CS,252.76,0.0
,,R705T2,KPN9,GRADY HEALTH SYSTEM LUM CARTS,80 JESSE HILL JR DR SE,ATLANTA,GA,MEDASSETS,05/01/2024,2318427893,648,0.2,CS,30.4,0.0
,,R705T1,VO33,ROGER WILLIAMS MEDICAL CENTER,825 CHALKSTONE AVE,PROVIDENCE,RI,MEDASSETS,05/07/2024,2318294488,648,1.0,CS,155.04,0.0
,,R705T1,R152,UNIVERSITY OF ROCHESTER/STRONG (BUL,601 ELMWOOD AVE,ROCHESTER,NY,MEDASSETS,05/07/2024,2318332108,648,1.0,CS,155.0,0.0
,,R705T1,HDIH,THE UNIVERSITY OF TEXAS SW MEDICAL,6201 HARRY HINES BLVD,DALLAS,TX,MEDASSETS,05/08/2024,2318315627,648,2.0,CS,310.08,0.0
,,R705T1,573P,INSPIRA IMAGING CTR-TOMLIN STATION,201 TOMLIN STATION RD,MULLICA HILL,NJ,MEDASSETS,05/07/2024,2318348598,957,4.0,CS,512.84,0.0
,,R705T1,JZ5Y,CHS-ST FRANCIS HOSPITAL,100 PORT WASHINGTON BLVD,ROSLYN,NY,MEDASSETS,05/08/2024,2318380479,648,1.0,CS,155.04,0.0
,,R705T2,XNYW,PROMEDICA COLDWATER REGIONAL HOSPIT,274 E CHICAGO ST,COLDWATER,MI,MEDASSETS,05/06/2024,2318399770,957,1.0,CS,125.7,0.0
,,R705T2,SUBS,UNIV CINCINNATI-BCW,3200 BURNET AVE,CINCINNATI,OH,MEDASSETS,05/08/2024,2318433512,974,3.0,CS,647.0999999999999,0.0
,,R705T1,R326,CAYUGA MEDICAL CENTER-AT ITHACA,101 DATES DR,ITHACA,NY,MEDASSETS,05/09/2024,2318488279,649,1.0,CS,155.09,0.0
,,R705T2,LCAC,UNIV CINCINNATI-WESTCHESTER,7700 UNIVERSITY DR,WEST CHESTER,OH,MEDASSETS,05/06/2024,2318398864,656,1.0,CS,137.15,0.0
,,R705T1,HFNW,CHILDRENS NATIONAL HOSPITAL(LUM),111 MICHIGAN AVE NW,WASHINGTON,DC,MEDASSETS,05/07/2024,2318409032,648,0.3,CS,46.5,0.0
,,R705T1,JY7Z,LEGACY SALMON CREEK HOSPITAL,2211 NE 139TH ST,VANCOUVER,WA,MEDASSETS,05/08/2024,2318412903,648,2.0,CS,310.08,0.0
,,R705T2,RBBA,PROMEDICA TOLEDO HOSPITAL (LUM),2142 N COVE BLVD,TOLEDO,OH,MEDASSETS,05/07/2024,2318410457,946,0.2,CS,31.48,0.0
,,R705T1,HFNW,CHILDRENS NATIONAL HOSPITAL(LUM),111 MICHIGAN AVE NW,WASHINGTON,DC,MEDASSETS,05/07/2024,2318409081,645,0.8,CS,115.92,0.0
,,R705T2,KPN9,GRADY HEALTH SYSTEM LUM CARTS,80 JESSE HILL JR DR SE,ATLANTA,GA,MEDASSETS,05/01/2024,2318427872,648,0.1,CS,15.2,0.0
,,R705T1,ECHZ,WILSON MEMORIAL HOSPITAL (LUM),33-57 HARRISON ST,JOHNSON CITY,NY,MEDASSETS,05/07/2024,2318433108,648,0.2,CS,31.02,0.0
,,R705T1,ECFX,UNIVERSITY OF ROCHESTER/STRONG (LUM,601 ELMWOOD AVE,ROCHESTER,NY,MEDASSETS,05/08/2024,2318475826,648,0.3,CS,46.5,0.0
,,R705T2,6RYB,PROMEDICA CHARLES & VIRG HICK (LUM),5640 N ADRIAN HWY,ADRIAN,MI,MEDASSETS,05/07/2024,2318425170,957,0.8,CS,100.56,0.0
,,R705T1,BAIR,WESTCHESTER MEDICAL CENTER - LUM CA,100 WOODS RD,VALHALLA,NY,MEDASSETS,05/08/2024,2318489842,946,0.4,CS,64.2,0.0
,,R705T1,P035,FORREST COUNTY GENERAL HOSPITAL,6051 U S HIGHWAY 49,HATTIESBURG,MS,MEDASSETS,05/09/2024,2318511185,956,1.0,CS,158.0,0.0
,,R705T1,R158,HIGHLAND HOSPITAL-ROCHESTER (LUM),1000 SOUTH AVE,ROCHESTER,NY,MEDASSETS,05/08/2024,2318536691,648,0.2,CS,31.02,0.0
,,R705T1,KGJM,UNIVER OF MD-ST JOSEPH MED CTR-TRIA,7601 OSLER DR,TOWSON,MD,MEDASSETS,05/08/2024,2318590962,656,1.0,CS,139.89,0.0
,,R705T1,HD28,HODGEMAN COUNTY HEALTH CENTER,809 W BRAMLEY ST,JETMORE,KS,MEDASSETS,05/08/2024,2318569474,648,0.3,CS,46.5,0.0
,,R705T2,KPN9,GRADY HEALTH SYSTEM LUM CARTS,80 JESSE HILL JR DR SE,ATLANTA,GA,MEDASSETS,05/08/2024,2318596446,646,0.1,CS,12.39,0.0
,,R705T1,ECFX,UNIVERSITY OF ROCHESTER/STRONG (LUM,601 ELMWOOD AVE,ROCHESTER,NY,MEDASSETS,05/09/2024,2318636976,648,0.2,CS,31.02,0.0
,,R705T1,JKFF,NCH MD-HEALTHCARE SYSTEM,350 7TH ST N,NAPLES,FL,MEDASSETS,05/09/2024,2318634390,648,1.0,CS,155.04,0.0
,,R705T1,HDIH,THE UNIVERSITY OF TEXAS SW MEDICAL,6201 HARRY HINES BLVD,DALLAS,TX,MEDASSETS,05/10/2024,2318709974,956,2.0,CS,316.0,0.0
,,R705T1,MLBP,PHOEBE PUTNEY MEMORIAL HOSPITAL,1008 N MONROE ST,ALBANY,GA,MEDASSETS,05/09/2024,2318643071,957,1.0,CS,128.21,0.0
,,R705T1,HFNW,CHILDRENS NATIONAL HOSPITAL(LUM),111 MICHIGAN AVE NW,WASHINGTON,DC,MEDASSETS,05/09/2024,2318664410,648,0.5,CS,77.5,0.0
,,R705T2,KPN9,GRADY HEALTH SYSTEM LUM CARTS,80 JESSE HILL JR DR SE,ATLANTA,GA,MEDASSETS,05/09/2024,2318648662,648,1.0,CS,152.0,0.0
,,R705T1,BAIR,WESTCHESTER MEDICAL CENTER - LUM CA,100 WOODS RD,VALHALLA,NY,MEDASSETS,05/09/2024,2318678877,946,0.2,CS,32.1,0.0
,,R705T2,KPN9,GRADY HEALTH SYSTEM LUM CARTS,80 JESSE HILL JR DR SE,ATLANTA,GA,MEDASSETS,05/08/2024,2318646643,646,0.1,CS,12.39,0.0
,,R705T1,BAIR,WESTCHESTER MEDICAL CENTER - LUM CA,100 WOODS RD,VALHALLA,NY,MEDASSETS,05/09/2024,2318682903,946,0.4,CS,64.2,0.0
,,R705T2,RBBA,PROMEDICA TOLEDO HOSPITAL (LUM),2142 N COVE BLVD,TOLEDO,OH,MEDASSETS,05/09/2024,2318722230,946,0.3,CS,47.22,0.0
,,R705T1,R152,UNIVERSITY OF ROCHESTER/STRONG (BUL,601 ELMWOOD AVE,ROCHESTER,NY,MEDASSETS,05/11/2024,2318768785,656,1.0,CS,139.89,0.0
,,R705T1,ECFX,UNIVERSITY OF ROCHESTER/STRONG (LUM,601 ELMWOOD AVE,ROCHESTER,NY,MEDASSETS,05/11/2024,2318787148,646,0.4,CS,50.56,0.0
,,R705T2,KPN9,GRADY HEALTH SYSTEM LUM CARTS,80 JESSE HILL JR DR SE,ATLANTA,GA,MEDASSETS,05/11/2024,2318797110,648,0.6,CS,91.19999999999999,0.0
,,R705T1,X917,COREWELL HEALTH FARMINGTON HILLS HO,28050 GRAND RIVER AVE,FARMINGTON HILLS,MI,MEDASSETS,05/09/2024,2318745879,656,2.0,CS,279.78,0.0
,,R705T1,HETB,CAPITAL REGION MEDICAL CNTR,901 N HARRY S TRUMAN DR,LARGO,MD,MEDASSETS,05/09/2024,2318743175,648,0.5,CS,77.5,0.0
,,R705T1,X7KY,GREENSPRING PAVILION III,10803 FALLS RD STE 3100,LUTHERVILLE,MD,MEDASSETS,05/10/2024,2318795399,648,1.0,CS,155.04,0.0
,,R705T1,ECFX,UNIVERSITY OF ROCHESTER/STRONG (LUM,601 ELMWOOD AVE,ROCHESTER,NY,MEDASSETS,05/11/2024,2318787123,648,0.2,CS,31.02,0.0
,,R705T1,R152,UNIVERSITY OF ROCHESTER/STRONG (BUL,601 ELMWOOD AVE,ROCHESTER,NY,MEDASSETS,05/12/2024,2318903327,648,0.5,CS,77.5,0.0
,,R705T1,HFNW,CHILDRENS NATIONAL HOSPITAL(LUM),111 MICHIGAN AVE NW,WASHINGTON,DC,MEDASSETS,05/10/2024,2318817882,646,0.5,CS,63.2,0.0
,,R705T1,WCV2,NICHOLAS H NOYES HOSPITAL,111 CLARA BARTON ST,DANSVILLE,NY,MEDASSETS,05/11/2024,2318807442,645,0.2,CS,29.0,0.0
,,R705T1,HFNW,CHILDRENS NATIONAL HOSPITAL(LUM),111 MICHIGAN AVE NW,WASHINGTON,DC,MEDASSETS,05/11/2024,2318818389,648,0.3,CS,46.5,0.0
,,R705T1,RQL9,EMANUEL HOSPITAL,2801 N GANTENBEIN AVE,PORTLAND,OR,MEDASSETS,05/13/2024,2318874816,648,2.0,CS,310.08,0.0
,,R705T1,NL10,CHILDRENS HOSP CO CO SPRINGS (BULK),4090 BRIARGATE PKWY,COLORADO SPRINGS,CO,MEDASSETS,05/02/2024,2318931451,645,1.0,CS,144.94,0.0
,,R705T1,KN7T,WHITE COUNTY MEDICAL CENTER,3214 E RACE AVE,SEARCY,AR,MEDASSETS,05/14/2024,2318995890,656,1.0,CS,139.89,0.0
,,R705T1,ECFX,UNIVERSITY OF ROCHESTER/STRONG (LUM,601 ELMWOOD AVE,ROCHESTER,NY,MEDASSETS,05/13/2024,2318986453,648,0.5,CS,77.5,0.0
,,R705T1,HHNU,CHILDRENS HOSPITAL OF WISCONSIN,6740 W WASHINGTON ST,WEST ALLIS,WI,MEDASSETS,05/13/2024,2319021331,649B,2.0,CS,279.88,0.0
,,R705T1,3M69,TULSA ER AND HOSPITAL,717 W 71ST ST,TULSA,OK,MEDASSETS,05/13/2024,2319021608,646,1.0,CS,126.38,0.0
,,R705T1,S186,KENT - LUM ON UBOAT (LUM),455 TOLL GATE RD,WARWICK,RI,MEDASSETS,05/14/2024,2319029589,648,0.4,CS,62.04,0.0
,,R705T1,HDIH,THE UNIVERSITY OF TEXAS SW MEDICAL,6201 HARRY HINES BLVD,DALLAS,TX,MEDASSETS,05/13/2024,2319040344,648,2.0,CS,310.08,0.0
,,R705T2,DT9K,UNIVERSITY OF CINCINNATI - UCMC,331 ALBERT SABIN WAY,CINCINNATI,OH,MEDASSETS,05/13/2024,2319070735,974,1.0,CS,215.7,0.0
,,R705T1,R158,HIGHLAND HOSPITAL-ROCHESTER (LUM),1000 SOUTH AVE,ROCHESTER,NY,MEDASSETS,05/13/2024,2319091674,648,0.4,CS,62.04,0.0
,,R705T1,JKFF,NCH MD-HEALTHCARE SYSTEM,350 7TH ST N,NAPLES,FL,MEDASSETS,05/13/2024,2319043928,648,2.0,CS,310.08,0.0
,,R705T2,KPN9,GRADY HEALTH SYSTEM LUM CARTS,80 JESSE HILL JR DR SE,ATLANTA,GA,MEDASSETS,05/14/2024,2319083540,648,1.0,CS,152.0,0.0
,,R705T2,LCAC,UNIV CINCINNATI-WESTCHESTER,7700 UNIVERSITY DR,WEST CHESTER,OH,MEDASSETS,05/13/2024,2319070763,656,4.0,CS,548.6,0.0
,,R705T1,RQL9,EMANUEL HOSPITAL,2801 N GANTENBEIN AVE,PORTLAND,OR,MEDASSETS,05/14/2024,2319057468,646,2.0,CS,252.76,0.0
,,R705T1,BAIR,WESTCHESTER MEDICAL CENTER - LUM CA,100 WOODS RD,VALHALLA,NY,MEDASSETS,05/10/2024,2319088860,946,1.0,CS,160.5,0.0
,,R705T1,BAIR,WESTCHESTER MEDICAL CENTER - LUM CA,100 WOODS RD,VALHALLA,NY,MEDASSETS,05/14/2024,2319094684,946,0.3,CS,48.150000000000006,0.0
,,R705T1,KWOM,COREWELL HEALTH DEARBORN HOSPITAL,18101 OAKWOOD BLVD,DEARBORN,MI,MEDASSETS,05/07/2024,2319153701,974,1.0,CS,220.01,0.0
,,R705T1,5DHG,VASCULAR AND INTERVENTIONAL PARTNER,22455 N MILLER RD STE B100,SCOTTSDALE,AZ,MEDASSETS,05/14/2024,2319196009,648,1.0,CS,155.04,0.0
,,R705T1,KWHT,SAN JUAN HOSPITAL,380 W 100 N,MONTICELLO,UT,MEDASSETS,05/15/2024,2319217243,645,0.3,CS,43.47,0.0
,,R705T1,ZSBQ,GARFIELD COUNTY HOSPITAL DISTRICT,66 N 6TH ST,POMEROY,WA,MEDASSETS,05/14/2024,2319237254,648,0.1,CS,15.5,0.0
,,R705T1,ECFX,UNIVERSITY OF ROCHESTER/STRONG (LUM,601 ELMWOOD AVE,ROCHESTER,NY,MEDASSETS,05/14/2024,2319252487,645,0.2,CS,29.0,0.0
,,R705T2,RBBA,PROMEDICA TOLEDO HOSPITAL (LUM),2142 N COVE BLVD,TOLEDO,OH,MEDASSETS,05/14/2024,2319257464,957,0.6,CS,75.42,0.0
,,R705T1,R998,SILVER CROSS HOSPITAL,1900 SILVER CROSS BLVD,NEW LENOX,IL,MEDASSETS,05/14/2024,2319192926,648,1.0,CS,155.04,0.0
,,R705T1,ECFX,UNIVERSITY OF ROCHESTER/STRONG (LUM,601 ELMWOOD AVE,ROCHESTER,NY,MEDASSETS,05/14/2024,2319252489,645,0.6,CS,86.94,0.0
,,R705T1,R152,UNIVERSITY OF ROCHESTER/STRONG (BUL,601 ELMWOOD AVE,ROCHESTER,NY,MEDASSETS,05/14/2024,2319189889,648,1.0,CS,155.0,0.0
,,R705T2,W479,UPPER VALLEY MEDICAL CENTER,3130 N COUNTY ROAD 25A,TROY,OH,MEDASSETS,05/15/2024,2319274339,957,2.0,CS,251.4,0.0
,,R705T2,SUBS,UNIV CINCINNATI-BCW,3200 BURNET AVE,CINCINNATI,OH,MEDASSETS,05/15/2024,2319305792,974,3.0,CS,647.0999999999999,0.0
,,R705T1,504X,ALLY MEDICAL EMERGENCY ROOM SPRING,2490 FM 2920 RD STE 100,SPRING,TX,MEDASSETS,05/16/2024,2319332613,646,0.2,CS,25.28,0.0
,,R705T1,504X,ALLY MEDICAL EMERGENCY ROOM SPRING,2490 FM 2920 RD STE 100,SPRING,TX,MEDASSETS,05/16/2024,2319332615,648,0.2,CS,31.0,0.0
,,R705T1,HDIH,THE UNIVERSITY OF TEXAS SW MEDICAL,6201 HARRY HINES BLVD,DALLAS,TX,MEDASSETS,05/16/2024,2319323971,648,2.0,CS,310.08,0.0
,,R705T1,XMYH,FF THOMPSON HEALTH SYSTEM INC (BULK,350 PARRISH ST,CANANDAIGUA,NY,MEDASSETS,05/14/2024,2319230095,648,1.0,CS,155.04,0.0
,,R705T2,6RYB,PROMEDICA CHARLES & VIRG HICK (LUM),5640 N ADRIAN HWY,ADRIAN,MI,MEDASSETS,05/14/2024,2319272485,957,0.5,CS,62.85,0.0
,,R705T2,Q641,PROMEDICA FLOWER HOSPITAL,5200 HARROUN RD,SYLVANIA,OH,MEDASSETS,05/15/2024,2319286102,957,1.0,CS,125.7,0.0
,,R705T1,ECFX,UNIVERSITY OF ROCHESTER/STRONG (LUM,601 ELMWOOD AVE,ROCHESTER,NY,MEDASSETS,05/15/2024,2319323078,648,0.6,CS,93.0,0.0
,,R705T2,Q542,MIAMI VALLEY HOSPITAL,1 WYOMING ST,DAYTON,OH,MEDASSETS,05/14/2024,2319282142,656,2.0,CS,274.3,0.0
,,R705T1,BADO,YAVAPAI REG MEDICAL CTR- EAST,7700 E FLORENTINE RD,PRESCOTT VALLEY,AZ,MEDASSETS,05/15/2024,2319335441,649B,1.0,CS,139.94,0.0
,,R705T1,S156,RUSH COPLEY MEDICAL CENTER,2000 OGDEN AVE,AURORA,IL,MEDASSETS,05/15/2024,2319388123,957,1.0,CS,128.21,0.0
,,R705T1,ECHZ,WILSON MEMORIAL HOSPITAL (LUM),33-57 HARRISON ST,JOHNSON CITY,NY,MEDASSETS,05/15/2024,2319409780,648,0.4,CS,62.04,0.0
,,R705T1,ECHZ,WILSON MEMORIAL HOSPITAL (LUM),33-57 HARRISON ST,JOHNSON CITY,NY,MEDASSETS,05/15/2024,2319408763,646,0.1,CS,12.64,0.0
,,R705T1,ECHZ,WILSON MEMORIAL HOSPITAL (LUM),33-57 HARRISON ST,JOHNSON CITY,NY,MEDASSETS,05/15/2024,2319408775,648,0.2,CS,31.02,0.0
,,R705T1,HFNW,CHILDRENS NATIONAL HOSPITAL(LUM),111 MICHIGAN AVE NW,WASHINGTON,DC,MEDASSETS,05/15/2024,2319445429,648,0.3,CS,46.5,0.0
,,R705T1,5K02,CURE 4 THE KIDS FOUNDATION,1 BREAKTHROUGH WAY STE 300,LAS VEGAS,NV,MEDASSETS,05/16/2024,2319523159,646,3.0,CS,379.14,0.0
,,R705T1,HFNW,CHILDRENS NATIONAL HOSPITAL(LUM),111 MICHIGAN AVE NW,WASHINGTON,DC,MEDASSETS,05/16/2024,2319478490,646,0.5,CS,63.2,0.0
,,R705T2,Q545,PROMEDICA DEFIANCE REGIONAL HOSPITA,1200 RALSTON AVE,DEFIANCE,OH,MEDASSETS,05/16/2024,2319524767,946,1.0,CS,157.35,0.0
,,R705T2,XSIU,ATRIUM MEDICAL CENTER (LUM),1 MEDICAL CENTER DR,MIDDLETOWN,OH,MEDASSETS,05/17/2024,2319487371,647,1.0,CS,151.8,0.0
,,R705T1,SQVZ,NORMAN REGIONAL HOSPITAL,901 N PORTER AVE,NORMAN,OK,MEDASSETS,05/08/2024,2319548158,649B,2.0,CS,279.88,0.0
,,R705T1,JKFF,NCH MD-HEALTHCARE SYSTEM,350 7TH ST N,NAPLES,FL,MEDASSETS,05/16/2024,2319558463,648,1.0,CS,155.04,0.0
,,R705T2,RBBA,PROMEDICA TOLEDO HOSPITAL (LUM),2142 N COVE BLVD,TOLEDO,OH,MEDASSETS,05/15/2024,2319582712,957,0.6,CS,75.42,0.0
,,R705T2,LCAC,UNIV CINCINNATI-WESTCHESTER (LUM),7700 UNIVERSITY DR,WEST CHESTER,OH,MEDASSETS,05/17/2024,2319629532,974,0.5,CS,107.85,0.0
,,R705T2,Q542,MIAMI VALLEY HOSPITAL,1 WYOMING ST,DAYTON,OH,MEDASSETS,05/16/2024,2319551914,648,1.0,CS,152.0,0.0
,,R705T2,6RYB,PROMEDICA CHARLES & VIRG HICK (LUM),5640 N ADRIAN HWY,ADRIAN,MI,MEDASSETS,05/16/2024,2319595195,957,0.3,CS,37.71,0.0
,,R705T1,HFNW,CHILDRENS NATIONAL HOSPITAL(LUM),111 MICHIGAN AVE NW,WASHINGTON,DC,MEDASSETS,05/18/2024,2319642124,646,4.0,CS,505.6,0.0
,,R705T1,HFNW,CHILDRENS NATIONAL HOSPITAL(LUM),111 MICHIGAN AVE NW,WASHINGTON,DC,MEDASSETS,05/18/2024,2319642131,646,0.5,CS,63.2,0.0
,,R705T2,RBBA,PROMEDICA TOLEDO HOSPITAL (LUM),2142 N COVE BLVD,TOLEDO,OH,MEDASSETS,05/16/2024,2319588671,946,0.2,CS,31.48,0.0
,,R705T2,Q545,PROMEDICA DEFIANCE REGIONAL (LUM),1200 RALSTON AVE,DEFIANCE,OH,MEDASSETS,05/16/2024,2319590081,946,0.1,CS,15.74,0.0
,,R705T1,HFNW,CHILDRENS NATIONAL HOSPITAL(BULK),111 MICHIGAN AVE NW,WASHINGTON,DC,MEDASSETS,05/17/2024,2319614681,646,1.0,CS,126.38,0.0
,,R705T1,Q7QB,WMC - LUM ON PALLETS,100 WOODS RD,VALHALLA,NY,MEDASSETS,05/17/2024,2319627650,974,1.0,CS,220.01,0.0
,,R705T1,R152,UNIVERSITY OF ROCHESTER/STRONG (BUL,601 ELMWOOD AVE,ROCHESTER,NY,MEDASSETS,05/18/2024,2319596429,656,1.0,CS,139.89,0.0
,,R705T1,ECFX,UNIVERSITY OF ROCHESTER/STRONG (LUM,601 ELMWOOD AVE,ROCHESTER,NY,MEDASSETS,05/18/2024,2319655206,648,0.6,CS,93.0,0.0
,,R705T1,ECFX,UNIVERSITY OF ROCHESTER/STRONG (LUM,601 ELMWOOD AVE,ROCHESTER,NY,MEDASSETS,05/18/2024,2319655212,648,0.2,CS,31.02,0.0
,,R705T2,KPN9,GRADY HEALTH SYSTEM LUM CARTS,80 JESSE HILL JR DR SE,ATLANTA,GA,MEDASSETS,05/17/2024,2319670602,648,0.4,CS,60.8,0.0
,,R705T2,KPN9,GRADY HEALTH SYSTEM LUM CARTS,80 JESSE HILL JR DR SE,ATLANTA,GA,MEDASSETS,05/19/2024,2319674275,648,0.6,CS,91.19999999999999,0.0
,,R705T1,HDIH,THE UNIVERSITY OF TEXAS SW MEDICAL,6201 HARRY HINES BLVD,DALLAS,TX,MEDASSETS,05/20/2024,2319768877,648,4.0,CS,620.16,0.0
,,R705T1,BAIR,WESTCHESTER MEDICAL CENTER - LUM CA,100 WOODS RD,VALHALLA,NY,MEDASSETS,05/17/2024,2319826889,946,1.0,CS,160.5,0.0
,,R705T1,MKSO,BELLIN MEMORIAL HOSPITAL INC,905 CASS ST,GREEN BAY,WI,MEDASSETS,05/20/2024,2319827373,648,1.0,CS,155.04,0.0
,,R705T1,R152,UNIVERSITY OF ROCHESTER/STRONG (BUL,601 ELMWOOD AVE,ROCHESTER,NY,MEDASSETS,05/19/2024,2319707678,648,0.6,CS,93.0,0.0
,,R705T1,4SMW,SCHOOLCRAFT MEMORIAL HOSPITAL,7870W US HIGHWAY 2,MANISTIQUE,MI,MEDASSETS,05/20/2024,2319728366,648,2.0,CS,310.08,0.0
,,R705T1,R158,HIGHLAND HOSPITAL-ROCHESTER (LUM),1000 SOUTH AVE,ROCHESTER,NY,MEDASSETS,05/19/2024,2319772977,648,0.2,CS,31.02,0.0
,,R705T2,XSIU,ATRIUM MEDICAL CENTER (LUM),1 MEDICAL CENTER DR,MIDDLETOWN,OH,MEDASSETS,05/17/2024,2319673448,646,1.0,CS,123.9,0.0
,,R705T2,RBBA,PROMEDICA TOLEDO HOSPITAL (LUM),2142 N COVE BLVD,TOLEDO,OH,MEDASSETS,05/20/2024,2319714454,946,0.2,CS,31.48,0.0
,,R705T1,ECFX,UNIVERSITY OF ROCHESTER/STRONG (LUM,601 ELMWOOD AVE,ROCHESTER,NY,MEDASSETS,05/20/2024,2319834386,648,0.5,CS,77.5,0.0
,,R705T1,R152,UNIVERSITY OF ROCHESTER/STRONG (BUL,601 ELMWOOD AVE,ROCHESTER,NY,MEDASSETS,05/20/2024,2319895420,648,1.0,CS,155.0,0.0
,,R705T1,Q135,UCHEALTH MEM HOSP CENTRAL (BULK),1400 E BOULDER ST,COLORADO SPRINGS,CO,MEDASSETS,05/20/2024,2319853962,646,1.0,CS,126.38,0.0
,,R705T1,RA7U,ST VINCENT HEALTHCARE,1233 N 30TH ST,BILLINGS,MT,MEDASSETS,04/23/2024,2319881598,645,1.0,CS,144.94,0.0
,,R705T1,P035,FORREST COUNTY GENERAL HOSPITAL,6051 U S HIGHWAY 49,HATTIESBURG,MS,MEDASSETS,05/14/2024,2319862208,956,1.0,CS,158.0,0.0
,,R705T1,S156,RUSH COPLEY MEDICAL CENTER,2000 OGDEN AVE,AURORA,IL,MEDASSETS,05/20/2024,2319916488,957,1.0,CS,128.21,0.0
,,R705T1,ECHZ,WILSON MEMORIAL HOSPITAL (LUM),33-57 HARRISON ST,JOHNSON CITY,NY,MEDASSETS,05/20/2024,2319928483,648,0.1,CS,15.5,0.0
,,R705T1,XOEL,KECK HOSPITAL OF USC (BULK),1500 SAN PABLO ST,LOS ANGELES,CA,MEDASSETS,05/20/2024,2319960820,956,1.0,CS,158.0,0.0
,,R705T1,5LRQ,AKRON CHILDRENS HOSPITAL,1 PERKINS SQ,AKRON,OH,MEDASSETS,05/20/2024,2319957050,646,2.0,CS,252.76,0.0
,,R705T1,HA8V,COMMUNITY HOSPITAL,805 FRIENDSHIP RD,TALLASSEE,AL,MEDASSETS,05/22/2024,2319994123,645,0.2,CS,28.98,0.0
,,R705T1,ECHZ,WILSON MEMORIAL HOSPITAL (LUM),33-57 HARRISON ST,JOHNSON CITY,NY,MEDASSETS,05/20/2024,2319928491,648,0.1,CS,15.5,0.0
,,R705T2,A5JD,NORTH MIAMI VALLEY HOSPITAL,9000 N MAIN ST,ENGLEWOOD,OH,MEDASSETS,05/03/2024,2320006764,956,1.0,CS,154.9,0.0
,,R705T1,ECHZ,WILSON MEMORIAL HOSPITAL (LUM),33-57 HARRISON ST,JOHNSON CITY,NY,MEDASSETS,05/20/2024,2319928483,646,0.1,CS,12.64,0.0
,,R705T1,S2JI,ADULT INFUSION 111010028,8081 INNOVATION PARK DR,FAIRFAX,VA,MEDASSETS,04/30/2024,2319957101,649,-1.0,CS,-155.09,0.0
,,R705T2,RBBA,PROMEDICA TOLEDO HOSPITAL (LUM),2142 N COVE BLVD,TOLEDO,OH,MEDASSETS,05/20/2024,2319924874,946,0.4,CS,62.96,0.0
,,R705T1,ECHZ,WILSON MEMORIAL HOSPITAL (LUM),33-57 HARRISON ST,JOHNSON CITY,NY,MEDASSETS,05/20/2024,2319928444,648,1.0,CS,155.0,0.0
,,R705T1,HETB,CAPITAL REGION MEDICAL CNTR,901 N HARRY S TRUMAN DR,LARGO,MD,MEDASSETS,05/20/2024,2319967318,648,2.0,CS,310.08,0.0
,,R705T2,RBBA,PROMEDICA TOLEDO HOSPITAL (LUM),2142 N COVE BLVD,TOLEDO,OH,MEDASSETS,05/21/2024,2320098127,946,0.4,CS,62.96,0.0
,,R705T1,JBCP,TAMPA GENERAL HOSPITAL-SPD,1 TAMPA GENERAL CIR,TAMPA,FL,MEDASSETS,05/22/2024,2320126644,656,0.6,CS,83.94,0.0
,,R705T2,Q358,PROMEDICA MONROE REGIONAL (LUM),718 N MACOMB ST,MONROE,MI,MEDASSETS,05/21/2024,2320109957,648,0.2,CS,30.4,0.0
,,R705T2,XSIU,ATRIUM MEDICAL CENTER (LUM),1 MEDICAL CENTER DR,MIDDLETOWN,OH,MEDASSETS,05/08/2024,2320082343,956,1.0,CS,154.9,0.0
,,R705T2,6RYB,PROMEDICA CHARLES & VIRG HICK (LUM),5640 N ADRIAN HWY,ADRIAN,MI,MEDASSETS,05/21/2024,2320109971,957,0.8,CS,100.56,0.0
,,R705T1,ECHZ,WILSON MEMORIAL HOSPITAL (LUM),33-57 HARRISON ST,JOHNSON CITY,NY,MEDASSETS,05/21/2024,2320087313,648,0.1,CS,15.5,0.0
,,R705T2,LCAC,UNIV CINCINNATI-WESTCHESTER,7700 UNIVERSITY DR,WEST CHESTER,OH,MEDASSETS,05/20/2024,2320090090,656,2.0,CS,274.3,0.0
,,R705T1,LURG,OHIO STATE UNIVERSITY,2650 KENNY RD,COLUMBUS,OH,MEDASSETS,05/23/2024,2320210697,974,0.3,CS,66.0,0.0
,,R705T1,RQL9,EMANUEL HOSPITAL,2801 N GANTENBEIN AVE,PORTLAND,OR,MEDASSETS,05/23/2024,2320182592,646,2.0,CS,252.76,0.0
,,R705T1,Q0WK,KENT COUNTY MEMORIAL HOSPITAL,455 TOLL GATE RD,WARWICK,RI,MEDASSETS,05/23/2024,2320216647,648,1.0,CS,155.0,0.0
,,R705T2,Q358,PROMEDICA MONROE REGIONAL HOSPITAL,718 N MACOMB ST,MONROE,MI,MEDASSETS,05/15/2024,2320177372,956,1.0,CS,154.9,0.0
,,R705T1,ECFX,UNIVERSITY OF ROCHESTER/STRONG (LUM,601 ELMWOOD AVE,ROCHESTER,NY,MEDASSETS,05/22/2024,2320272393,648,0.2,CS,31.02,0.0
,,R705T2,RBBA,PROMEDICA TOLEDO HOSPITAL (LUM),2142 N COVE BLVD,TOLEDO,OH,MEDASSETS,05/22/2024,2320256074,946,0.2,CS,31.48,0.0
,,R705T2,Q542,MIAMI VALLEY HOSPITAL,1 WYOMING ST,DAYTON,OH,MEDASSETS,05/22/2024,2320284412,648,1.0,CS,152.0,0.0
,,R705T2,SUBS,UNIV CINCINNATI-BCW,3200 BURNET AVE,CINCINNATI,OH,MEDASSETS,05/22/2024,2320292036,974,3.0,CS,647.0999999999999,0.0
,,R705T1,C7NV,CULICCHIA NEUROLOGICAL CENTER,1111 MEDICAL CENTER BLVD STE 750,MARRERO,LA,MEDASSETS,05/23/2024,2320332179,648,1.0,CS,155.04,0.0
,,R705T1,V57S,MERCY MEDICAL CENTER,701 10TH ST SE,CEDAR RAPIDS,IA,MEDASSETS,05/22/2024,2320250330,648,1.0,CS,155.04,0.0
,,R705T2,SUBS,UNIV CINCINNATI-BCW,3200 BURNET AVE,CINCINNATI,OH,MEDASSETS,05/22/2024,2320292036,656,2.0,CS,274.3,0.0
,,R705T2,DT9K,UNIVERSITY OF CINCINNATI - UCMC,331 ALBERT SABIN WAY,CINCINNATI,OH,MEDASSETS,05/23/2024,2320317887,974,1.0,CS,215.7,0.0
,,R705T2,RBBA,PROMEDICA TOLEDO HOSPITAL,2142 N COVE BLVD,TOLEDO,OH,MEDASSETS,05/14/2024,2320286874,956,1.0,CS,154.9,0.0
,,R705T1,ECFX,UNIVERSITY OF ROCHESTER/STRONG (LUM,601 ELMWOOD AVE,ROCHESTER,NY,MEDASSETS,05/22/2024,2320274014,645,0.1,CS,14.49,0.0
,,R705T1,ECFX,UNIVERSITY OF ROCHESTER/STRONG (LUM,601 ELMWOOD AVE,ROCHESTER,NY,MEDASSETS,05/22/2024,2320274023,648,0.4,CS,62.04,0.0
,,R705T1,ECFX,UNIVERSITY OF ROCHESTER/STRONG (LUM,601 ELMWOOD AVE,ROCHESTER,NY,MEDASSETS,05/23/2024,2320322236,646,0.3,CS,37.92,0.0
,,R705T1,ECFX,UNIVERSITY OF ROCHESTER/STRONG (LUM,601 ELMWOOD AVE,ROCHESTER,NY,MEDASSETS,05/23/2024,2320322297,648,0.6,CS,93.0,0.0
,,R705T1,XU8I,UNIV OF KANSAS HS-CAMBRIDGE DOCK,3801 EATON ST,KANSAS CITY,KS,MEDASSETS,05/24/2024,2320356591,956,2.0,CS,316.0,0.0
,,R705T2,KPN9,GRADY HEALTH SYSTEM LUM CARTS,80 JESSE HILL JR DR SE,ATLANTA,GA,MEDASSETS,05/23/2024,2320442937,648,0.2,CS,30.4,0.0
,,R705T1,HFNW,CHILDRENS NATIONAL HOSPITAL(LUM),111 MICHIGAN AVE NW,WASHINGTON,DC,MEDASSETS,05/23/2024,2320446241,648,0.5,CS,77.5,0.0
,,R705T1,HFNW,CHILDRENS NATIONAL HOSPITAL(LUM),111 MICHIGAN AVE NW,WASHINGTON,DC,MEDASSETS,05/23/2024,2320446251,645,0.8,CS,115.92,0.0
,,R705T1,JKFF,NCH MD-HEALTHCARE SYSTEM,350 7TH ST N,NAPLES,FL,MEDASSETS,05/23/2024,2320381025,648,1.0,CS,155.04,0.0
,,R705T1,K7NK,SUMMIT MEDICAL GROUP,150 PARK AVE,FLORHAM PARK,NJ,MEDASSETS,05/24/2024,2320441244,648,1.0,CS,155.04,0.0
,,R705T1,HDIH,THE UNIVERSITY OF TEXAS SW MEDICAL,6201 HARRY HINES BLVD,DALLAS,TX,MEDASSETS,05/24/2024,2320399624,648,2.0,CS,310.08,0.0
,,R705T2,6RYB,PROMEDICA CHARLES & VIRG HICK (LUM),5640 N ADRIAN HWY,ADRIAN,MI,MEDASSETS,05/23/2024,2320435917,957,0.3,CS,37.71,0.0
,,R705T1,J55T,MERIDIAN PARK HOSPITAL,19300 SW 65TH AVE,TUALATIN,OR,MEDASSETS,05/23/2024,2320396640,648,1.0,CS,155.04,0.0
,,R705T2,RBBA,PROMEDICA TOLEDO HOSPITAL (LUM),2142 N COVE BLVD,TOLEDO,OH,MEDASSETS,05/24/2024,2320425234,957,0.6,CS,75.42,0.0
,,R705T1,S8D2,ARIZONA STATE RADIOLOGY,2492 E RIVER RD,TUCSON,AZ,MEDASSETS,05/14/2024,2320447941,649,2.0,CS,310.18,0.0
,,R705T2,KPN9,GRADY HEALTH SYSTEM LUM CARTS,80 JESSE HILL JR DR SE,ATLANTA,GA,MEDASSETS,05/24/2024,2320442999,646,1.0,CS,123.9,0.0
,,R705T1,W5ZF,VANDERBILT IMAGING (BULK),2000 RICHARD JONES RD STE 270,NASHVILLE,TN,MEDASSETS,05/23/2024,2320475603,656,1.0,CS,139.89,0.0
,,R705T2,KPN9,GRADY HEALTH SYSTEM LUM CARTS,80 JESSE HILL JR DR SE,ATLANTA,GA,MEDASSETS,05/26/2024,2320527354,648,0.6,CS,91.19999999999999,0.0
,,R705T2,SUBS,UNIV CINCINNATI-BCW,3200 BURNET AVE,CINCINNATI,OH,MEDASSETS,05/23/2024,2320454150,656,1.0,CS,137.15,0.0
,,R705T1,ECFX,UNIVERSITY OF ROCHESTER/STRONG (LUM,601 ELMWOOD AVE,ROCHESTER,NY,MEDASSETS,05/25/2024,2320504076,648,0.4,CS,62.04,0.0
,,R705T1,IT3I,CHS-ST CATHERINE OF SIENA MED CTR/A,50 ROUTE 25A,SMITHTOWN,NY,MEDASSETS,05/24/2024,2320471509,648,1.0,CS,155.04,0.0
,,R705T1,BAIR,WESTCHESTER MEDICAL CENTER - LUM CA,100 WOODS RD,VALHALLA,NY,MEDASSETS,05/23/2024,2320508435,946,1.0,CS,160.5,0.0
,,R705T2,Q542,MIAMI VALLEY HOSPITAL,1 WYOMING ST,DAYTON,OH,MEDASSETS,05/24/2024,2320508822,648,1.0,CS,152.0,0.0
,,R705T1,R152,UNIVERSITY OF ROCHESTER/STRONG (BUL,601 ELMWOOD AVE,ROCHESTER,NY,MEDASSETS,05/25/2024,2320491231,656,1.0,CS,139.89,0.0
,,R705T1,ECFX,UNIVERSITY OF ROCHESTER/STRONG (LUM,601 ELMWOOD AVE,ROCHESTER,NY,MEDASSETS,05/25/2024,2320504095,648,0.2,CS,31.02,0.0
,,R705T1,ECHZ,WILSON MEMORIAL HOSPITAL (LUM),33-57 HARRISON ST,JOHNSON CITY,NY,MEDASSETS,05/24/2024,2320507579,648,0.3,CS,46.5,0.0
,,R705T1,XOEL,KECK HOSPITAL OF USC (BULK),1500 SAN PABLO ST,LOS ANGELES,CA,MEDASSETS,04/24/2024,2320509849,956,3.0,CS,474.0,0.0
,,R705T2,KPN9,GRADY HEALTH SYSTEM LUM CARTS,80 JESSE HILL JR DR SE,ATLANTA,GA,MEDASSETS,05/26/2024,2320527360,648,0.4,CS,60.8,0.0
,,R705T1,ECFX,UNIVERSITY OF ROCHESTER/STRONG (LUM,601 ELMWOOD AVE,ROCHESTER,NY,MEDASSETS,05/26/2024,2320557114,646,0.3,CS,37.92,0.0
,,R705T1,JUON,WHITMAN HOSPITAL MEDICAL CENTER,1200 W FAIRVIEW ST,COLFAX,WA,MEDASSETS,05/24/2024,2320575099,646,1.0,CS,126.38,0.0
,,R705T1,HFNW,CHILDRENS NATIONAL HOSPITAL(LUM),111 MICHIGAN AVE NW,WASHINGTON,DC,MEDASSETS,05/25/2024,2320531780,648,0.3,CS,46.5,0.0
,,R705T1,BAIR,WESTCHESTER MEDICAL CENTER - LUM CA,100 WOODS RD,VALHALLA,NY,MEDASSETS,05/28/2024,2320627604,946,0.3,CS,48.150000000000006,0.0
,,R705T1,G0J7,UNIVERSITY OF MIAMI HOSPITAL,1400 NW 12TH AVE,MIAMI,FL,MEDASSETS,05/28/2024,2320647922,646,1.0,CS,126.38,0.0
,,R705T1,V4W5,SCHEURER HOSPITAL,170 N CASEVILLE RD,PIGEON,MI,MEDASSETS,05/24/2024,2320617630,648,0.1,CS,15.5,0.0
,,R705T2,WFAZ,PMR WILDWOOD,2865 N REYNOLDS RD STE 170,TOLEDO,OH,MEDASSETS,05/15/2024,2320680207,957,8.0,CS,1005.6,0.0
,,R705T2,RBBA,PROMEDICA TOLEDO HOSPITAL,2142 N COVE BLVD,TOLEDO,OH,MEDASSETS,05/28/2024,2320744585,956,1.0,CS,154.9,0.0
,,R705T1,COT6,UNIVERSITY HOSPITAL AND CLINIC,600 HIGHLAND AVE,MADISON,WI,MEDASSETS,05/23/2024,2320752470,956,1.0,CS,158.0,0.0
,,R705T2,SUBS,UNIV CINCINNATI-BCW,3200 BURNET AVE,CINCINNATI,OH,MEDASSETS,05/28/2024,2320757923,656,1.0,CS,137.15,0.0
,,R705T1,ECFX,UNIVERSITY OF ROCHESTER/STRONG (LUM,601 ELMWOOD AVE,ROCHESTER,NY,MEDASSETS,05/28/2024,2320809352,648,0.3,CS,46.5,0.0
,,R705T2,WFAZ,PMR WILDWOOD,2865 N REYNOLDS RD STE 170,TOLEDO,OH,MEDASSETS,05/22/2024,2320680212,957,12.0,CS,1508.4,0.0
,,R705T1,5LRQ,AKRON CHILDRENS HOSPITAL,1 PERKINS SQ,AKRON,OH,MEDASSETS,05/28/2024,2320731162,646,2.0,CS,252.76,0.0
,,R705T1,HDIH,THE UNIVERSITY OF TEXAS SW MEDICAL,6201 HARRY HINES BLVD,DALLAS,TX,MEDASSETS,05/29/2024,2320759636,956,2.0,CS,316.0,0.0
,,R705T1,Q7QB,WMC - LUM ON PALLETS,100 WOODS RD,VALHALLA,NY,MEDASSETS,05/29/2024,2320789892,974,1.0,CS,220.01,0.0
,,R705T1,ECFX,UNIVERSITY OF ROCHESTER/STRONG (LUM,601 ELMWOOD AVE,ROCHESTER,NY,MEDASSETS,05/28/2024,2320809332,648,0.2,CS,31.02,0.0
,,R705T1,S156,RUSH COPLEY MEDICAL CENTER,2000 OGDEN AVE,AURORA,IL,MEDASSETS,05/28/2024,2320835633,957,1.0,CS,128.21,0.0
,,R705T2,KPN9,GRADY HEALTH SYSTEM LUM CARTS,80 JESSE HILL JR DR SE,ATLANTA,GA,MEDASSETS,05/26/2024,2320918850,648,0.4,CS,60.8,0.0
,,R705T1,ECFX,UNIVERSITY OF ROCHESTER/STRONG (LUM,601 ELMWOOD AVE,ROCHESTER,NY,MEDASSETS,05/29/2024,2320922811,648,0.5,CS,77.5,0.0
,,R705T2,KPN9,GRADY HEALTH SYSTEM LUM CARTS,80 JESSE HILL JR DR SE,ATLANTA,GA,MEDASSETS,05/29/2024,2320922420,648,0.2,CS,30.4,0.0
,,R705T1,XOEL,KECK HOSPITAL OF USC (BULK),1500 SAN PABLO ST,LOS ANGELES,CA,MEDASSETS,05/15/2024,2320745169,956,1.0,CS,158.0,0.0
,,R705T2,KPN9,GRADY HEALTH SYSTEM LUM CARTS,80 JESSE HILL JR DR SE,ATLANTA,GA,MEDASSETS,05/29/2024,2320858319,648,1.0,CS,152.0,0.0
,,R705T2,Q641,PROMEDICA FLOWER HOSPITAL (LUM),5200 HARROUN RD,SYLVANIA,OH,MEDASSETS,05/28/2024,2320869517,957,0.8,CS,100.56,0.0
,,R705T2,KPN9,GRADY HEALTH SYSTEM LUM CARTS,80 JESSE HILL JR DR SE,ATLANTA,GA,MEDASSETS,05/29/2024,2320921178,648,0.6,CS,91.19999999999999,0.0
,,R705T2,KPN9,GRADY HEALTH SYSTEM LUM CARTS,80 JESSE HILL JR DR SE,ATLANTA,GA,MEDASSETS,05/29/2024,2320922486,648,0.2,CS,30.4,0.0
,,R705T1,R152,UNIVERSITY OF ROCHESTER/STRONG (BUL,601 ELMWOOD AVE,ROCHESTER,NY,MEDASSETS,05/28/2024,2320821180,648,0.8,CS,124.0,0.0
,,R705T1,HFNW,CHILDRENS NATIONAL HOSPITAL(LUM),111 MICHIGAN AVE NW,WASHINGTON,DC,MEDASSETS,05/28/2024,2320838619,648,0.5,CS,77.5,0.0
,,R705T2,KPN9,GRADY HEALTH SYSTEM LUM CARTS,80 JESSE HILL JR DR SE,ATLANTA,GA,MEDASSETS,05/28/2024,2320855762,648,0.2,CS,30.4,0.0
,,R705T1,BAIR,WESTCHESTER MEDICAL CENTER - LUM CA,100 WOODS RD,VALHALLA,NY,MEDASSETS,05/28/2024,2320869208,946,0.2,CS,32.1,0.0
,,R705T1,JZ5Z,CHS-GOOD SAMARITAN HOSPITAL / A90,1000 MONTAUK HWY,WEST ISLIP,NY,MEDASSETS,05/28/2024,2320866240,648,1.0,CS,155.04,0.0
,,R705T1,ECFX,UNIVERSITY OF ROCHESTER/STRONG (LUM,601 ELMWOOD AVE,ROCHESTER,NY,MEDASSETS,05/29/2024,2320922843,645,0.2,CS,29.0,0.0
,,R705T1,ECFX,UNIVERSITY OF ROCHESTER/STRONG (LUM,601 ELMWOOD AVE,ROCHESTER,NY,MEDASSETS,05/29/2024,2320922833,648,0.2,CS,31.02,0.0
,,R705T1,S359,MGB - MARTHAS VINEYARD (BULK),1 HOSPITAL RD,OAK BLUFFS,MA,MEDASSETS,05/28/2024,2320912278,646,0.3,CS,37.92,0.0
,,R705T2,6RYB,PROMEDICA CHARLES & VIRG HICK (LUM),5640 N ADRIAN HWY,ADRIAN,MI,MEDASSETS,05/29/2024,2320925811,957,0.5,CS,62.85,0.0
,,R705T2,Q555,PROMEDICA MEMORIAL HOSPITAL (LUM),715 S TAFT AVE,FREMONT,OH,MEDASSETS,05/30/2024,2320927160,946,0.1,CS,15.74,0.0
,,R705T1,X917,COREWELL HEALTH FARMINGTON HILLS HO,28050 GRAND RIVER AVE,FARMINGTON HILLS,MI,MEDASSETS,05/28/2024,2320969035,656,1.0,CS,139.89,0.0
,,R705T1,DLSF,SOUTHERN ARIZONA RAD ASSOCIATES LLC,155 CALLE PORTAL STE 500,SIERRA VISTA,AZ,MEDASSETS,05/15/2024,2320913682,649,1.0,CS,155.09,0.0
,,R705T1,X917,COREWELL HEALTH FARMINGTON HILLS HO,28050 GRAND RIVER AVE,FARMINGTON HILLS,MI,MEDASSETS,05/28/2024,2320969037,656,1.0,CS,139.89,0.0
,,R705T1,MKSO,BELLIN MEMORIAL HOSPITAL INC,905 CASS ST,GREEN BAY,WI,MEDASSETS,05/29/2024,2320935064,648,1.0,CS,155.04,0.0
,,R705T1,Q611,FISHER TITUS MEDICAL CENTER,272 BENEDICT AVE,NORWALK,OH,MEDASSETS,05/29/2024,2320947088,957,1.0,CS,128.21,0.0
,,R705T1,ECHZ,WILSON MEMORIAL HOSPITAL (LUM),33-57 HARRISON ST,JOHNSON CITY,NY,MEDASSETS,05/29/2024,2321007527,648,1.0,CS,155.0,0.0
,,R705T1,JBCP,TAMPA GENERAL HOSPITAL-SPD,1 TAMPA GENERAL CIR,TAMPA,FL,MEDASSETS,05/30/2024,2320961555,656,1.0,CS,139.9,0.0
,,R705T1,HFNW,CHILDRENS NATIONAL HOSPITAL(LUM),111 MICHIGAN AVE NW,WASHINGTON,DC,MEDASSETS,05/29/2024,2321031141,648,0.3,CS,46.5,0.0
,,R705T2,V888,BON SECOURS ST FRANCIS,2095 HENRY TECKLENBURG DR,CHARLESTON,SC,MEDASSETS,05/23/2024,7175428162,656,2.0,CS,274.3,0.0
,,R705T2,ZSGA,MOUNT PLEASANT HOSPITAL,3500 N HIGHWAY 17,MOUNT PLEASANT,SC,MEDASSETS,05/02/2024,7174612765,956,1.0,CS,154.9,0.0
,,R705T2,V888,BON SECOURS ST FRANCIS,2095 HENRY TECKLENBURG DR,CHARLESTON,SC,MEDASSETS,05/07/2024,7174780485,656,2.0,CS,274.3,0.0
,,R705T2,ZSGA,MOUNT PLEASANT HOSPITAL,3500 N HIGHWAY 17,MOUNT PLEASANT,SC,MEDASSETS,05/08/2024,7174858954,956,2.0,CS,309.8,0.0
,,R705T2,V889,ROPER HOSPITAL,316 CALHOUN ST,CHARLESTON,SC,MEDASSETS,05/01/2024,7174601384,956,1.0,CS,154.9,0.0
,,R705T2,V888,BON SECOURS ST FRANCIS,2095 HENRY TECKLENBURG DR,CHARLESTON,SC,MEDASSETS,05/30/2024,7175652959,956,1.0,CS,154.9,0.0
,,R705T2,ZSGA,MOUNT PLEASANT HOSPITAL,3500 N HIGHWAY 17,MOUNT PLEASANT,SC,MEDASSETS,05/16/2024,7175188322,956,1.0,CS,154.9,0.0
,,R705T2,V889,ROPER HOSPITAL,316 CALHOUN ST,CHARLESTON,SC,MEDASSETS,05/30/2024,7175652941,656,1.0,CS,137.15,0.0
,,R705T2,ZE3F,ROPER ST FRANCIS BERKELEY HOSP,100 CALLEN BLVD,SUMMERVILLE,SC,MEDASSETS,05/08/2024,7174859092,656,2.0,CS,274.3,0.0
,,R705T2,V888,BON SECOURS ST FRANCIS,2095 HENRY TECKLENBURG DR,CHARLESTON,SC,MEDASSETS,06/25/2024,7176616126,656,1.0,CS,137.15,0.0
,,R705T2,V888,BON SECOURS ST FRANCIS,2095 HENRY TECKLENBURG DR,CHARLESTON,SC,MEDASSETS,06/26/2024,7176652131,956,2.0,CS,309.8,0.0
,,R705T2,ZSGA,MOUNT PLEASANT HOSPITAL,3500 N HIGHWAY 17,MOUNT PLEASANT,SC,MEDASSETS,06/11/2024,7176070922,956,2.0,CS,309.8,0.0
,,R705T2,ZSGA,MOUNT PLEASANT HOSPITAL,3500 N HIGHWAY 17,MOUNT PLEASANT,SC,MEDASSETS,06/21/2024,7176523257,956,2.0,CS,309.8,0.0
,,R705T2,ZE3F,ROPER ST FRANCIS BERKELEY HOSP,100 CALLEN BLVD,SUMMERVILLE,SC,MEDASSETS,06/21/2024,7176520100,656,2.0,CS,274.3,0.0
,,R705T2,V889,ROPER HOSPITAL,316 CALHOUN ST,CHARLESTON,SC,MEDASSETS,06/25/2024,7176619247,956,1.0,CS,154.9,0.0
,,R705T2,V888,BON SECOURS ST FRANCIS,2095 HENRY TECKLENBURG DR,CHARLESTON,SC,MEDASSETS,06/06/2024,7175918276,656,2.0,CS,274.3,0.0
,,R705T2,ZE3F,ROPER ST FRANCIS BERKELEY HOSP,100 CALLEN BLVD,SUMMERVILLE,SC,MEDASSETS,06/12/2024,7176093371,656,1.0,CS,137.15,0.0
,,R705T1,HDIH,THE UNIVERSITY OF TEXAS SW MEDICAL,6201 HARRY HINES BLVD,DALLAS,TX,MEDASSETS,05/31/2024,2321142681,648,2.0,CS,310.08,0.0
,,R705T2,Q542,MIAMI VALLEY HOSPITAL,1 WYOMING ST,DAYTON,OH,MEDASSETS,05/30/2024,2321076364,656,2.0,CS,274.3,0.0
,,R705T2,SUBS,UNIV CINCINNATI-BCW,3200 BURNET AVE,CINCINNATI,OH,MEDASSETS,05/30/2024,2321086897,656,1.0,CS,137.15,0.0
,,R705T1,ECFX,UNIVERSITY OF ROCHESTER/STRONG (LUM,601 ELMWOOD AVE,ROCHESTER,NY,MEDASSETS,05/30/2024,2321090672,648,0.2,CS,31.02,0.0
,,R705T1,JKFF,NCH MD-HEALTHCARE SYSTEM,350 7TH ST N,NAPLES,FL,MEDASSETS,05/30/2024,2321085836,648,1.0,CS,155.04,0.0
,,R705T1,Q7QB,WMC - LUM ON PALLETS,100 WOODS RD,VALHALLA,NY,MEDASSETS,05/30/2024,2321162003,974,1.0,CS,220.01,0.0
,,R705T2,SUBS,UNIV CINCINNATI-BCW,3200 BURNET AVE,CINCINNATI,OH,MEDASSETS,05/30/2024,2321086897,974,3.0,CS,647.0999999999999,0.0
,,R705T1,VXE3,JOHNS HOPKINS ALL CHILDRENS HOSPITA,501 6TH AVE S,SAINT PETERSBURG,FL,MEDASSETS,05/30/2024,2321093324,645,2.0,CS,289.88,0.0
,,R705T2,LCAC,UNIV CINCINNATI-WESTCHESTER (LUM),7700 UNIVERSITY DR,WEST CHESTER,OH,MEDASSETS,05/30/2024,2321131849,974,1.0,CS,215.7,0.0
,,R705T2,XSIU,ATRIUM MEDICAL CENTER (LUM),1 MEDICAL CENTER DR,MIDDLETOWN,OH,MEDASSETS,05/31/2024,2321201749,956,1.0,CS,154.9,0.0
,,R705T2,KPN9,GRADY HEALTH SYSTEM LUM CARTS,80 JESSE HILL JR DR SE,ATLANTA,GA,MEDASSETS,05/30/2024,2321195833,648,0.2,CS,30.4,0.0
,,R705T2,LCAC,UNIV CINCINNATI-WESTCHESTER,7700 UNIVERSITY DR,WEST CHESTER,OH,MEDASSETS,05/31/2024,2321226530,974,1.0,CS,215.7,0.0
,,R705T1,ECHZ,WILSON MEMORIAL HOSPITAL (LUM),33-57 HARRISON ST,JOHNSON CITY,NY,MEDASSETS,05/31/2024,2321219806,648,0.2,CS,31.02,0.0
,,R705T1,R158,HIGHLAND HOSPITAL-ROCHESTER (LUM),1000 SOUTH AVE,ROCHESTER,NY,MEDASSETS,06/01/2024,2321230796,648,0.5,CS,77.5,0.0
,,R705T1,JKFF,NCH MD-HEALTHCARE SYSTEM,350 7TH ST N,NAPLES,FL,MEDASSETS,05/31/2024,2321229115,648,1.0,CS,155.04,0.0
,,R705T1,HFNW,CHILDRENS NATIONAL HOSPITAL(BULK),111 MICHIGAN AVE NW,WASHINGTON,DC,MEDASSETS,05/31/2024,2321223559,646,1.0,CS,126.38,0.0
,,R705T1,ECHZ,WILSON MEMORIAL HOSPITAL (LUM),33-57 HARRISON ST,JOHNSON CITY,NY,MEDASSETS,05/30/2024,2321199559,648,0.2,CS,31.02,0.0
,,R705T2,LCAC,UNIV CINCINNATI-WESTCHESTER,7700 UNIVERSITY DR,WEST CHESTER,OH,MEDASSETS,05/31/2024,2321226530,656,1.0,CS,137.15,0.0
,,R705T1,YAZK,THEDACARE REG MED CTR-APPLETON(LUM),1818 N MEADE ST,APPLETON,WI,MEDASSETS,05/31/2024,2321240738,956,1.0,CS,158.0,0.0
,,R705T1,R152,UNIVERSITY OF ROCHESTER/STRONG (BUL,601 ELMWOOD AVE,ROCHESTER,NY,MEDASSETS,06/01/2024,2321273322,648,1.0,CS,155.0,0.0
,,R705T2,Q542,MIAMI VALLEY HOSPITAL,1 WYOMING ST,DAYTON,OH,MEDASSETS,05/31/2024,2321276600,648,1.0,CS,152.0,0.0
,,R705T1,BAIR,WESTCHESTER MEDICAL CENTER - LUM CA,100 WOODS RD,VALHALLA,NY,MEDASSETS,05/31/2024,2321276919,946,0.3,CS,48.150000000000006,0.0
,,R705T1,S186,KENT - LUM ON UBOAT (LUM),455 TOLL GATE RD,WARWICK,RI,MEDASSETS,06/03/2024,2321359604,648,0.5,CS,77.5,0.0
,,R705T1,KAIR,CHS-ST JOSEPHS HOSPITAL,4295 HEMPSTEAD TPKE,BETHPAGE,NY,MEDASSETS,06/03/2024,2321370308,648,1.0,CS,155.04,0.0
,,R705T1,YFZS,NEUROSCIENCE GROUP,1305 W AMERICAN DR,NEENAH,WI,MEDASSETS,06/03/2024,2321324302,648,2.0,CS,310.08,0.0
,,R705T1,ECHZ,WILSON MEMORIAL HOSPITAL (LUM),33-57 HARRISON ST,JOHNSON CITY,NY,MEDASSETS,06/03/2024,2321530341,648,0.2,CS,31.02,0.0
,,R705T1,KCBL,SILVER CROSS HOSP AMBULATORY CARE C,12701 W 143RD ST STE 100,HOMER GLEN,IL,MEDASSETS,06/03/2024,2321482349,648,0.1,CS,15.5,0.0
,,R705T1,S156,RUSH COPLEY MEDICAL CENTER,2000 OGDEN AVE,AURORA,IL,MEDASSETS,06/03/2024,2321514263,957,1.0,CS,128.21,0.0
,,R705T1,R152,UNIVERSITY OF ROCHESTER/STRONG (BUL,601 ELMWOOD AVE,ROCHESTER,NY,MEDASSETS,06/03/2024,2321448486,648,0.5,CS,77.5,0.0
,,R705T1,R152,UNIVERSITY OF ROCHESTER/STRONG (BUL,601 ELMWOOD AVE,ROCHESTER,NY,MEDASSETS,06/03/2024,2321448494,656,1.0,CS,139.89,0.0
,,R705T1,ECFX,UNIVERSITY OF ROCHESTER/STRONG (LUM,601 ELMWOOD AVE,ROCHESTER,NY,MEDASSETS,06/03/2024,2321449177,648,0.1,CS,15.5,0.0
,,R705T1,ECFX,UNIVERSITY OF ROCHESTER/STRONG (LUM,601 ELMWOOD AVE,ROCHESTER,NY,MEDASSETS,06/03/2024,2321449181,648,0.2,CS,31.02,0.0
,,R705T1,W5ZF,VANDERBILT IMAGING (BULK),2000 RICHARD JONES RD STE 270,NASHVILLE,TN,MEDASSETS,06/03/2024,2321469267,656,1.0,CS,139.89,0.0
,,R705T1,JY7Z,LEGACY SALMON CREEK HOSPITAL,2211 NE 139TH ST,VANCOUVER,WA,MEDASSETS,06/03/2024,2321519354,646,1.0,CS,126.38,0.0
,,R705T2,KPN9,GRADY HEALTH SYSTEM BULK,80 JESSE HILL JR DR SE,ATLANTA,GA,MEDASSETS,05/31/2024,2321529414,646,0.1,CS,12.39,0.0
,,R705T2,KPN9,GRADY HEALTH SYSTEM BULK,80 JESSE HILL JR DR SE,ATLANTA,GA,MEDASSETS,05/31/2024,2321529420,646,0.1,CS,12.39,0.0
,,R705T2,RBBA,PROMEDICA TOLEDO HOSPITAL (LUM),2142 N COVE BLVD,TOLEDO,OH,MEDASSETS,06/03/2024,2321564908,946,0.2,CS,31.48,0.0
,,R705T1,MF5W,GOOD SAMARITAN HOSPITAL,1015 NW 22ND AVE,PORTLAND,OR,MEDASSETS,06/03/2024,2321586512,648,1.0,CS,155.04,0.0
,,R705T2,LCAC,UNIV CINCINNATI-WESTCHESTER,7700 UNIVERSITY DR,WEST CHESTER,OH,MEDASSETS,05/31/2024,2321551621,656,2.0,CS,274.3,0.0
,,R705T1,X917,COREWELL HEALTH FARMINGTON HILLS HO,28050 GRAND RIVER AVE,FARMINGTON HILLS,MI,MEDASSETS,05/31/2024,2321572443,656,1.0,CS,139.89,0.0
,,R705T1,ECHZ,WILSON MEMORIAL HOSPITAL (LUM),33-57 HARRISON ST,JOHNSON CITY,NY,MEDASSETS,06/04/2024,2321708386,648,0.2,CS,31.02,0.0
,,R705T1,XQI2,THE CENTER FOR NEUROSCIENCES,2450 E RIVER RD,TUCSON,AZ,MEDASSETS,06/04/2024,2321697187,648,1.0,CS,155.04,0.0
,,R705T2,KPN9,GRADY HEALTH SYSTEM LUM CARTS,80 JESSE HILL JR DR SE,ATLANTA,GA,MEDASSETS,06/03/2024,2321724570,648,0.2,CS,30.4,0.0
,,R705T1,AUJC,HARRISON MEMORIAL HOSPITAL,1210 KY HIGHWAY 36 E,CYNTHIANA,KY,MEDASSETS,06/05/2024,2321720571,648,0.4,CS,62.04,0.0
,,R705T2,RBBA,PROMEDICA TOLEDO HOSPITAL (LUM),2142 N COVE BLVD,TOLEDO,OH,MEDASSETS,06/05/2024,2321739723,957,0.3,CS,37.71,0.0
,,R705T1,5LRQ,AKRON CHILDRENS HOSPITAL,1 PERKINS SQ,AKRON,OH,MEDASSETS,06/04/2024,2321757851,646,2.0,CS,252.76,0.0
,,R705T1,R152,UNIVERSITY OF ROCHESTER/STRONG (BUL,601 ELMWOOD AVE,ROCHESTER,NY,MEDASSETS,06/04/2024,2321664008,646,0.2,CS,25.28,0.0
,,R705T1,JY7Z,LEGACY SALMON CREEK HOSPITAL,2211 NE 139TH ST,VANCOUVER,WA,MEDASSETS,05/17/2024,2321730660,656,3.0,CS,419.66999999999996,0.0
,,R705T1,JY7Z,LEGACY SALMON CREEK HOSPITAL,2211 NE 139TH ST,VANCOUVER,WA,MEDASSETS,05/21/2024,2321730661,656,1.0,CS,139.89,0.0
,,R705T1,T691,NORTH CADDO MEMORIAL HOSPITAL LTAC,1000 S SPRUCE ST,VIVIAN,LA,MEDASSETS,06/05/2024,2321664860,648,1.0,CS,155.04,0.0
,,R705T1,T691,NORTH CADDO MEMORIAL HOSPITAL LTAC,1000 S SPRUCE ST,VIVIAN,LA,MEDASSETS,06/05/2024,2321664860,647,0.2,CS,30.96,0.0
,,R705T1,HFNW,CHILDRENS NATIONAL HOSPITAL(LUM),111 MICHIGAN AVE NW,WASHINGTON,DC,MEDASSETS,06/04/2024,2321679958,648,0.3,CS,46.5,0.0
,,R705T2,RBBA,PROMEDICA TOLEDO HOSPITAL (LUM),2142 N COVE BLVD,TOLEDO,OH,MEDASSETS,06/04/2024,2321737277,946,0.3,CS,47.22,0.0
,,R705T1,ECFX,UNIVERSITY OF ROCHESTER/STRONG (LUM,601 ELMWOOD AVE,ROCHESTER,NY,MEDASSETS,06/05/2024,2321811927,648,0.6,CS,93.0,0.0
,,R705T1,ECFX,UNIVERSITY OF ROCHESTER/STRONG (LUM,601 ELMWOOD AVE,ROCHESTER,NY,MEDASSETS,06/05/2024,2321811941,645,0.6,CS,86.94,0.0
,,R705T1,HFNW,CHILDRENS NATIONAL HOSPITAL(LUM),111 MICHIGAN AVE NW,WASHINGTON,DC,MEDASSETS,06/05/2024,2321824888,646,0.5,CS,63.2,0.0
,,R705T1,HFNW,CHILDRENS NATIONAL HOSPITAL(LUM),111 MICHIGAN AVE NW,WASHINGTON,DC,MEDASSETS,06/04/2024,2321819169,646,4.0,CS,505.6,0.0
,,R705T1,M9O2,GOOD SAM HOSPITAL OF SUFFERN STOCK,255 LAFAYETTE AVE,SUFFERN,NY,MEDASSETS,06/05/2024,2321855859,974,1.0,CS,220.01,0.0
,,R705T1,JY7Z,LEGACY SALMON CREEK HOSPITAL,2211 NE 139TH ST,VANCOUVER,WA,MEDASSETS,05/21/2024,2321858227,656,1.0,CS,139.89,0.0
,,R705T2,LCAC,UNIV CINCINNATI-WESTCHESTER (LUM),7700 UNIVERSITY DR,WEST CHESTER,OH,MEDASSETS,06/05/2024,2321893343,974,0.2,CS,43.14,0.0
,,R705T2,6RYB,PROMEDICA CHARLES AND VIRGINIA HICK,5640 N ADRIAN HWY,ADRIAN,MI,MEDASSETS,06/05/2024,2321878602,956,1.0,CS,154.9,0.0
,,R705T1,ECFX,UNIVERSITY OF ROCHESTER/STRONG (LUM,601 ELMWOOD AVE,ROCHESTER,NY,MEDASSETS,06/05/2024,2321811913,648,0.2,CS,31.02,0.0
,,R705T1,ECFX,UNIVERSITY OF ROCHESTER/STRONG (LUM,601 ELMWOOD AVE,ROCHESTER,NY,MEDASSETS,06/05/2024,2321811946,648,0.6,CS,93.0,0.0
,,R705T1,J82C,SSM HEALTH ST MARY HOSPITAL-JEFFERS,2505 MISSION DR,JEFFERSON CITY,MO,MEDASSETS,06/06/2024,2321810122,656,1.0,CS,139.89,0.0
,,R705T1,XOJW,YAVAPAI REG MEDICAL CTR- WEST,1003 WILLOW CREEK RD,PRESCOTT,AZ,MEDASSETS,06/05/2024,2321807008,649B,2.0,CS,279.88,0.0
,,R705T1,HFNW,CHILDRENS NATIONAL HOSPITAL(LUM),111 MICHIGAN AVE NW,WASHINGTON,DC,MEDASSETS,06/05/2024,2321824815,646,4.0,CS,505.6,0.0
,,R705T2,Q358,PROMEDICA MONROE REGIONAL (LUM),718 N MACOMB ST,MONROE,MI,MEDASSETS,06/05/2024,2321938618,648,0.2,CS,30.4,0.0
,,R705T2,Q641,PROMEDICA FLOWER HOSPITAL (LUM),5200 HARROUN RD,SYLVANIA,OH,MEDASSETS,06/06/2024,2321993350,957,0.5,CS,62.85,0.0
,,R705T2,6RYB,PROMEDICA CHARLES & VIRG HICK (LUM),5640 N ADRIAN HWY,ADRIAN,MI,MEDASSETS,06/06/2024,2321998187,957,0.2,CS,25.14,0.0
,,R705T1,VZK4,MT HOOD MEDICAL CENTER,24800 SE STARK ST,GRESHAM,OR,MEDASSETS,06/05/2024,2321929892,648,1.0,CS,155.04,0.0
,,R705T2,WDTC,PROMEDICA FOSTORIA COMM HOSP (LUM),501 VAN BUREN ST,FOSTORIA,OH,MEDASSETS,06/06/2024,2321939483,946,0.2,CS,31.48,0.0
,,R705T1,HDIH,THE UNIVERSITY OF TEXAS SW MEDICAL,6201 HARRY HINES BLVD,DALLAS,TX,MEDASSETS,06/07/2024,2321995577,648,2.0,CS,310.08,0.0
,,R705T1,RQL9,EMANUEL HOSPITAL,2801 N GANTENBEIN AVE,PORTLAND,OR,MEDASSETS,06/07/2024,2322031208,646,1.0,CS,126.38,0.0
,,R705T1,6D93,UMUC AT ABERDEEN,660 MCHENRY RD,ABERDEEN,MD,MEDASSETS,06/05/2024,2321921045,648,0.5,CS,77.5,0.0
,,R705T1,ECFX,UNIVERSITY OF ROCHESTER/STRONG (LUM,601 ELMWOOD AVE,ROCHESTER,NY,MEDASSETS,06/06/2024,2321991207,648,0.2,CS,31.02,0.0
,,R705T2,RBBA,PROMEDICA TOLEDO HOSPITAL (LUM),2142 N COVE BLVD,TOLEDO,OH,MEDASSETS,06/06/2024,2321987116,946,0.3,CS,47.22,0.0
,,R705T1,R326,CAYUGA MEDICAL CENTER-AT ITHACA,101 DATES DR,ITHACA,NY,MEDASSETS,06/06/2024,2322020356,646,0.1,CS,12.64,0.0
,,R705T1,R326,CAYUGA MEDICAL CENTER-AT ITHACA,101 DATES DR,ITHACA,NY,MEDASSETS,06/06/2024,2322020356,649,1.0,CS,155.09,0.0
,,R705T2,KPN9,GRADY HEALTH SYSTEM LUM CARTS,80 JESSE HILL JR DR SE,ATLANTA,GA,MEDASSETS,06/06/2024,2322021336,648,0.6,CS,91.19999999999999,0.0
,,R705T1,X917,COREWELL HEALTH FARMINGTON HILLS HO,28050 GRAND RIVER AVE,FARMINGTON HILLS,MI,MEDASSETS,06/04/2024,2321906519,656,2.0,CS,279.78,0.0
,,R705T2,RBBA,PROMEDICA TOLEDO HOSPITAL (LUM),2142 N COVE BLVD,TOLEDO,OH,MEDASSETS,06/05/2024,2321935427,946,0.4,CS,62.96,0.0
,,R705T1,ECFX,UNIVERSITY OF ROCHESTER/STRONG (LUM,601 ELMWOOD AVE,ROCHESTER,NY,MEDASSETS,06/06/2024,2321991203,645,0.1,CS,14.49,0.0
,,R705T1,JBCP,TAMPA GENERAL HOSPITAL-SPD,1 TAMPA GENERAL CIR,TAMPA,FL,MEDASSETS,06/07/2024,2321978539,656,0.6,CS,83.94,0.0
,,R705T2,RBBA,PROMEDICA TOLEDO HOSPITAL (LUM),2142 N COVE BLVD,TOLEDO,OH,MEDASSETS,06/06/2024,2321984537,946,0.4,CS,62.96,0.0
,,R705T1,HHNU,CHILDRENS HOSPITAL OF WISCONSIN,6740 W WASHINGTON ST,WEST ALLIS,WI,MEDASSETS,06/06/2024,2322002129,649B,2.0,CS,279.88,0.0
,,R705T1,XC71,MARLETTE REGIONAL HOSPITAL,2770 MAIN ST,MARLETTE,MI,MEDASSETS,06/07/2024,2322042468,646,0.1,CS,12.64,0.0
,,R705T1,R158,HIGHLAND HOSPITAL-ROCHESTER (LUM),1000 SOUTH AVE,ROCHESTER,NY,MEDASSETS,06/06/2024,2322040008,648,0.2,CS,31.02,0.0
,,R705T2,LCAC,UNIV CINCINNATI-WESTCHESTER (LUM),7700 UNIVERSITY DR,WEST CHESTER,OH,MEDASSETS,06/06/2024,2322097400,974,0.2,CS,43.14,0.0
,,R705T1,5R0F,MEDSTAR RADIOLOGY NETW ROCKVILLE,3202 TOWER OAKS BLVD STE 120,ROCKVILLE,MD,MEDASSETS,06/03/2024,2322091183,656,2.0,CS,279.78,0.0
,,R705T1,KYMU,VENTURA COUNTY MEDICAL CENTER BULK,300 HILLMONT AVE,VENTURA,CA,MEDASSETS,06/06/2024,2322089453,645,1.0,CS,144.94,0.0
,,R705T1,6D93,UMUC AT ABERDEEN,660 MCHENRY RD,ABERDEEN,MD,MEDASSETS,06/05/2024,2322023048,656,1.0,CS,139.89,0.0
,,R705T2,KPN9,GRADY HEALTH SYSTEM LUM CARTS,80 JESSE HILL JR DR SE,ATLANTA,GA,MEDASSETS,06/07/2024,2322023215,648,1.0,CS,152.0,0.0
,,R705T2,Q542,MIAMI VALLEY HOSPITAL,1 WYOMING ST,DAYTON,OH,MEDASSETS,06/07/2024,2322139950,648,1.0,CS,152.0,0.0
,,R705T1,JKFF,NCH MD-HEALTHCARE SYSTEM,350 7TH ST N,NAPLES,FL,MEDASSETS,06/07/2024,2322149991,648,1.0,CS,155.04,0.0
,,R705T1,JKFF,NCH MD-HEALTHCARE SYSTEM,350 7TH ST N,NAPLES,FL,MEDASSETS,06/07/2024,2322149996,648,1.0,CS,155.04,0.0
,,R705T1,UQIF,COURSEY ENTERPRISES INC,1259 S LYNN LN,IDABEL,OK,MEDASSETS,06/07/2024,2322143334,645,1.0,CS,144.94,0.0
,,R705T1,BADO,YAVAPAI REG MEDICAL CTR- EAST,7700 E FLORENTINE RD,PRESCOTT VALLEY,AZ,MEDASSETS,06/07/2024,2322166395,649B,1.0,CS,139.94,0.0
,,R705T1,ID0C,TIPPAH COUNTY HOSPITAL,1005 CITY AVE N,RIPLEY,MS,MEDASSETS,05/07/2024,2322169020,645,0.3,CS,43.47,0.0
,,R705T1,P035,FORREST COUNTY GENERAL HOSPITAL,6051 U S HIGHWAY 49,HATTIESBURG,MS,MEDASSETS,06/10/2024,2322237906,956,2.0,CS,316.0,0.0
,,R705T2,Q641,PROMEDICA FLOWER HOSPITAL (LUM),5200 HARROUN RD,SYLVANIA,OH,MEDASSETS,06/07/2024,2322173292,956,1.0,CS,154.9,0.0
,,R705T1,ECFX,UNIVERSITY OF ROCHESTER/STRONG (LUM,601 ELMWOOD AVE,ROCHESTER,NY,MEDASSETS,06/08/2024,2322189079,646,0.2,CS,25.28,0.0
,,R705T1,VO33,ROGER WILLIAMS MEDICAL CENTER,825 CHALKSTONE AVE,PROVIDENCE,RI,MEDASSETS,06/07/2024,2322188655,648,1.0,CS,155.04,0.0
,,R705T1,HFNW,CHILDRENS NATIONAL HOSPITAL(LUM),111 MICHIGAN AVE NW,WASHINGTON,DC,MEDASSETS,06/08/2024,2322157906,646,0.5,CS,63.2,0.0
,,R705T1,HFNW,CHILDRENS NATIONAL HOSPITAL(LUM),111 MICHIGAN AVE NW,WASHINGTON,DC,MEDASSETS,06/08/2024,2322157906,648,0.4,CS,62.04,0.0
,,R705T2,LCAC,UNIV CINCINNATI-WESTCHESTER,7700 UNIVERSITY DR,WEST CHESTER,OH,MEDASSETS,06/07/2024,2322144822,656,2.0,CS,274.3,0.0
,,R705T1,KGJM,UNIVER OF MD-ST JOSEPH MED CTR-TRIA,7601 OSLER DR,TOWSON,MD,MEDASSETS,06/07/2024,2322159045,656,1.0,CS,139.89,0.0
,,R705T1,BAIR,WESTCHESTER MEDICAL CENTER - LUM CA,100 WOODS RD,VALHALLA,NY,MEDASSETS,06/09/2024,2322181232,946,0.2,CS,32.1,0.0
,,R705T1,ECHZ,WILSON MEMORIAL HOSPITAL (LUM),33-57 HARRISON ST,JOHNSON CITY,NY,MEDASSETS,06/07/2024,2322189284,648,0.3,CS,46.5,0.0
,,R705T1,ECFX,UNIVERSITY OF ROCHESTER/STRONG (LUM,601 ELMWOOD AVE,ROCHESTER,NY,MEDASSETS,06/08/2024,2322189048,648,0.1,CS,15.5,0.0
,,R705T2,LCAC,UNIV CINCINNATI-WESTCHESTER,7700 UNIVERSITY DR,WEST CHESTER,OH,MEDASSETS,06/07/2024,2322314506,974,2.0,CS,431.4,0.0
,,R705T1,RQL9,EMANUEL HOSPITAL,2801 N GANTENBEIN AVE,PORTLAND,OR,MEDASSETS,06/11/2024,2322410109,648,2.0,CS,310.08,0.0
,,R705T1,RQL9,EMANUEL HOSPITAL,2801 N GANTENBEIN AVE,PORTLAND,OR,MEDASSETS,06/07/2024,2322301675,646,1.0,CS,126.38,0.0
,,R705T2,KPN9,GRADY HEALTH SYSTEM LUM CARTS,80 JESSE HILL JR DR SE,ATLANTA,GA,MEDASSETS,06/09/2024,2322292977,648,0.2,CS,30.4,0.0
,,R705T1,BAIR,WESTCHESTER MEDICAL CENTER - LUM CA,100 WOODS RD,VALHALLA,NY,MEDASSETS,06/10/2024,2322314607,946,0.3,CS,48.150000000000006,0.0
,,R705T1,R152,UNIVERSITY OF ROCHESTER/STRONG (BUL,601 ELMWOOD AVE,ROCHESTER,NY,MEDASSETS,06/10/2024,2322427116,656,1.0,CS,139.89,0.0
,,R705T1,S186,KENT - LUM ON UBOAT (LUM),455 TOLL GATE RD,WARWICK,RI,MEDASSETS,06/11/2024,2322439674,648,0.4,CS,62.04,0.0
,,R705T1,HFNW,CHILDRENS NATIONAL HOSPITAL(LUM),111 MICHIGAN AVE NW,WASHINGTON,DC,MEDASSETS,06/10/2024,2322454896,646,0.8,CS,101.12,0.0
,,R705T2,RBBA,PROMEDICA TOLEDO HOSPITAL (LUM),2142 N COVE BLVD,TOLEDO,OH,MEDASSETS,06/10/2024,2322476077,946,0.2,CS,31.48,0.0
,,R705T1,Q7QB,WMC - LUM ON PALLETS,100 WOODS RD,VALHALLA,NY,MEDASSETS,06/10/2024,2322278209,974,1.0,CS,220.01,0.0
,,R705T1,HFNW,CHILDRENS NATIONAL HOSPITAL(LUM),111 MICHIGAN AVE NW,WASHINGTON,DC,MEDASSETS,06/10/2024,2322454872,648,0.5,CS,77.5,0.0
,,R705T1,ECHZ,WILSON MEMORIAL HOSPITAL (LUM),33-57 HARRISON ST,JOHNSON CITY,NY,MEDASSETS,06/10/2024,2322476486,648,0.2,CS,31.02,0.0
,,R705T2,WFAZ,PMR WILDWOOD,2865 N REYNOLDS RD STE 170,TOLEDO,OH,MEDASSETS,06/05/2024,2322504013,957,6.0,CS,754.2,0.0
,,R705T1,R152,UNIVERSITY OF ROCHESTER/STRONG (BUL,601 ELMWOOD AVE,ROCHESTER,NY,MEDASSETS,06/10/2024,2322427116,648,1.0,CS,155.0,0.0
,,R705T2,6RYB,PROMEDICA CHARLES & VIRG HICK (LUM),5640 N ADRIAN HWY,ADRIAN,MI,MEDASSETS,06/10/2024,2322487566,957,0.2,CS,25.14,0.0
,,R705T1,S410,HENRY HEYWOOD MEMORIAL HOSPITAL,242 GREEN ST,GARDNER,MA,MEDASSETS,06/12/2024,2322545472,645,0.2,CS,29.0,0.0
,,R705T1,ECFX,UNIVERSITY OF ROCHESTER/STRONG (LUM,601 ELMWOOD AVE,ROCHESTER,NY,MEDASSETS,06/11/2024,2322565168,648,0.6,CS,93.0,0.0
,,R705T1,ECFX,UNIVERSITY OF ROCHESTER/STRONG (LUM,601 ELMWOOD AVE,ROCHESTER,NY,MEDASSETS,06/11/2024,2322565175,645,0.6,CS,86.94,0.0
,,R705T1,HFNW,CHILDRENS NATIONAL HOSPITAL(LUM),111 MICHIGAN AVE NW,WASHINGTON,DC,MEDASSETS,06/11/2024,2322597678,648,0.5,CS,77.5,0.0
,,R705T1,JZ5Y,CHS-ST FRANCIS HOSPITAL,100 PORT WASHINGTON BLVD,ROSLYN,NY,MEDASSETS,06/11/2024,2322602565,648,2.0,CS,310.08,0.0
,,R705T2,KPN9,GRADY HEALTH SYSTEM LUM CARTS,80 JESSE HILL JR DR SE,ATLANTA,GA,MEDASSETS,06/11/2024,2322637360,648,0.1,CS,15.2,0.0
,,R705T2,Q641,PROMEDICA FLOWER HOSPITAL (LUM),5200 HARROUN RD,SYLVANIA,OH,MEDASSETS,06/11/2024,2322644545,957,0.3,CS,37.71,0.0
,,R705T1,HFNW,CHILDRENS NATIONAL HOSPITAL(LUM),111 MICHIGAN AVE NW,WASHINGTON,DC,MEDASSETS,06/11/2024,2322598814,648,0.3,CS,46.5,0.0
,,R705T1,R998,SILVER CROSS HOSPITAL,1900 SILVER CROSS BLVD,NEW LENOX,IL,MEDASSETS,06/11/2024,2322548943,648,1.0,CS,155.04,0.0
,,R705T1,DJRD,JENNIE M MELHAM MEMORIAL MEDICAL,145 MEMORIAL DR,BROKEN BOW,NE,MEDASSETS,06/12/2024,2322558765,648,0.1,CS,15.5,0.0
,,R705T1,Q7QB,WMC - LUM ON PALLETS,100 WOODS RD,VALHALLA,NY,MEDASSETS,06/11/2024,2322612195,974,1.0,CS,220.01,0.0
,,R705T2,KPN9,GRADY HEALTH SYSTEM LUM CARTS,80 JESSE HILL JR DR SE,ATLANTA,GA,MEDASSETS,06/11/2024,2322637302,648,0.6,CS,91.19999999999999,0.0
,,R705T1,XU8I,UNIV OF KANSAS HS-CAMBRIDGE DOCK,3801 EATON ST,KANSAS CITY,KS,MEDASSETS,06/12/2024,2322562671,956,2.0,CS,316.0,0.0
,,R705T1,HFNW,CHILDRENS NATIONAL HOSPITAL(LUM),111 MICHIGAN AVE NW,WASHINGTON,DC,MEDASSETS,06/11/2024,2322598835,646,0.8,CS,101.12,0.0
,,R705T1,X917,COREWELL HEALTH FARMINGTON HILLS HO,28050 GRAND RIVER AVE,FARMINGTON HILLS,MI,MEDASSETS,06/10/2024,2322650618,656,1.0,CS,139.89,0.0
,,R705T1,R192,CHENANGO MEMORIAL HOSPITAL,179 N BROAD ST,NORWICH,NY,MEDASSETS,06/12/2024,2322734448,646,1.0,CS,126.4,0.0
,,R705T1,ECFX,UNIVERSITY OF ROCHESTER/STRONG (LUM,601 ELMWOOD AVE,ROCHESTER,NY,MEDASSETS,06/12/2024,2322739852,648,0.1,CS,15.5,0.0
,,R705T2,42PD,SOUTH MIAMI VALLEY HEALTH CTR (LUM),2400 MIAMI VALLEY DR,CENTERVILLE,OH,MEDASSETS,06/13/2024,2322726449,648,1.0,CS,152.0,0.0
,,R705T1,LMUD,ORTHONEBRASKA HOSPITAL (LUM),2808 S 143RD PLZ,OMAHA,NE,MEDASSETS,06/13/2024,2322739222,648,0.2,CS,31.02,0.0
,,R705T1,R192,CHENANGO MEMORIAL HOSPITAL,179 N BROAD ST,NORWICH,NY,MEDASSETS,06/12/2024,2322734447,648,0.1,CS,15.5,0.0
,,R705T2,KPN9,GRADY HEALTH SYSTEM BULK,80 JESSE HILL JR DR SE,ATLANTA,GA,MEDASSETS,06/12/2024,2322756244,646,0.1,CS,12.39,0.0
,,R705T1,BAIR,WESTCHESTER MEDICAL CENTER - LUM CA,100 WOODS RD,VALHALLA,NY,MEDASSETS,06/11/2024,2322656396,946,0.2,CS,32.1,0.0
,,R705T1,JBCP,TAMPA GENERAL HOSPITAL-SPD,1 TAMPA GENERAL CIR,TAMPA,FL,MEDASSETS,06/12/2024,2322624021,656,0.5,CS,69.95,0.0
,,R705T1,5LRQ,AKRON CHILDRENS HOSPITAL,1 PERKINS SQ,AKRON,OH,MEDASSETS,06/11/2024,2322636520,646,2.0,CS,252.76,0.0
,,R705T1,BAIR,WESTCHESTER MEDICAL CENTER - LUM CA,100 WOODS RD,VALHALLA,NY,MEDASSETS,06/11/2024,2322751030,946,1.0,CS,160.5,0.0
,,R705T1,HDIH,THE UNIVERSITY OF TEXAS SW MEDICAL,6201 HARRY HINES BLVD,DALLAS,TX,MEDASSETS,06/13/2024,2322785922,648,2.0,CS,310.08,0.0
,,R705T2,RBBA,PROMEDICA TOLEDO HOSPITAL (LUM),2142 N COVE BLVD,TOLEDO,OH,MEDASSETS,06/12/2024,2322814723,946,0.2,CS,31.48,0.0
,,R705T1,ECFX,UNIVERSITY OF ROCHESTER/STRONG (LUM,601 ELMWOOD AVE,ROCHESTER,NY,MEDASSETS,06/13/2024,2322890542,646,0.6,CS,75.84,0.0
,,R705T1,BAIR,WESTCHESTER MEDICAL CENTER - LUM CA,100 WOODS RD,VALHALLA,NY,MEDASSETS,06/12/2024,2322906674,946,1.0,CS,160.5,0.0
,,R705T2,6RYB,PROMEDICA CHARLES & VIRG HICK (LUM),5640 N ADRIAN HWY,ADRIAN,MI,MEDASSETS,06/12/2024,2322827894,957,0.3,CS,37.71,0.0
,,R705T2,KPN9,GRADY HEALTH SYSTEM LUM CARTS,80 JESSE HILL JR DR SE,ATLANTA,GA,MEDASSETS,06/14/2024,2322909149,648,1.0,CS,152.0,0.0
,,R705T1,5CXE,MARC,8300 FLOYD CURL DR,SAN ANTONIO,TX,MEDASSETS,06/13/2024,2322908064,647,1.0,CS,154.84,0.0
,,R705T2,KPN9,GRADY HEALTH SYSTEM LUM CARTS,80 JESSE HILL JR DR SE,ATLANTA,GA,MEDASSETS,06/12/2024,2322905639,648,0.2,CS,30.4,0.0
,,R705T1,BAIR,WESTCHESTER MEDICAL CENTER - LUM CA,100 WOODS RD,VALHALLA,NY,MEDASSETS,06/13/2024,2322915040,946,0.3,CS,48.150000000000006,0.0
,,R705T1,73V3,UT HEALTH AUSTIN PHYSICIANS CLINIC,1601 TRINITY ST STOP Z0200,AUSTIN,TX,MEDASSETS,05/30/2024,2322945699,648,1.0,CS,155.04,0.0
,,R705T1,V4W5,SCHEURER HOSPITAL,170 N CASEVILLE RD,PIGEON,MI,MEDASSETS,06/14/2024,2322969914,648,0.1,CS,15.5,0.0
,,R705T2,RBBA,PROMEDICA TOLEDO HOSPITAL (LUM),2142 N COVE BLVD,TOLEDO,OH,MEDASSETS,06/14/2024,2323008121,946,0.2,CS,31.48,0.0
,,R705T2,RBBA,PROMEDICA TOLEDO HOSPITAL (LUM),2142 N COVE BLVD,TOLEDO,OH,MEDASSETS,06/16/2024,2323057532,957,0.3,CS,37.71,0.0
,,R705T2,6RYB,PROMEDICA CHARLES & VIRG HICK (LUM),5640 N ADRIAN HWY,ADRIAN,MI,MEDASSETS,06/14/2024,2323058697,957,0.3,CS,37.71,0.0
,,R705T1,MKSO,BELLIN MEMORIAL HOSPITAL INC,905 CASS ST,GREEN BAY,WI,MEDASSETS,06/14/2024,2323044675,648,1.0,CS,155.0,0.0
,,R705T1,ECHZ,WILSON MEMORIAL HOSPITAL (LUM),33-57 HARRISON ST,JOHNSON CITY,NY,MEDASSETS,06/14/2024,2323030621,648,0.2,CS,31.02,0.0
,,R705T1,HFNW,CHILDRENS NATIONAL HOSPITAL(LUM),111 MICHIGAN AVE NW,WASHINGTON,DC,MEDASSETS,06/13/2024,2322990804,648,0.3,CS,46.5,0.0
,,R705T2,6RYB,PROMEDICA CHARLES & VIRG HICK (LUM),5640 N ADRIAN HWY,ADRIAN,MI,MEDASSETS,06/13/2024,2323009961,957,0.2,CS,25.14,0.0
,,R705T1,JKFF,NCH MD-HEALTHCARE SYSTEM,350 7TH ST N,NAPLES,FL,MEDASSETS,06/14/2024,2323040656,648,1.0,CS,155.04,0.0
,,R705T2,SUBS,UNIV CINCINNATI-BCW,3200 BURNET AVE,CINCINNATI,OH,MEDASSETS,06/14/2024,2323051928,656,2.0,CS,274.3,0.0
,,R705T1,ECHZ,WILSON MEMORIAL HOSPITAL (LUM),33-57 HARRISON ST,JOHNSON CITY,NY,MEDASSETS,06/13/2024,2322979410,646,0.1,CS,12.64,0.0
,,R705T1,R152,UNIVERSITY OF ROCHESTER/STRONG (BUL,601 ELMWOOD AVE,ROCHESTER,NY,MEDASSETS,06/13/2024,2322995232,648,1.0,CS,155.0,0.0
,,R705T1,ECFX,UNIVERSITY OF ROCHESTER/STRONG (LUM,601 ELMWOOD AVE,ROCHESTER,NY,MEDASSETS,06/15/2024,2323030549,646,0.2,CS,25.28,0.0
,,R705T1,HFNW,CHILDRENS NATIONAL HOSPITAL(LUM),111 MICHIGAN AVE NW,WASHINGTON,DC,MEDASSETS,06/16/2024,2323051614,648,0.3,CS,46.5,0.0
,,R705T2,KPN9,GRADY HEALTH SYSTEM LUM CARTS,80 JESSE HILL JR DR SE,ATLANTA,GA,MEDASSETS,06/13/2024,2323076787,648,0.2,CS,30.4,0.0
,,R705T1,J55T,MERIDIAN PARK HOSPITAL,19300 SW 65TH AVE,TUALATIN,OR,MEDASSETS,06/16/2024,2323064195,648,1.0,CS,155.04,0.0
,,R705T1,R192,CHENANGO MEMORIAL HOSPITAL,179 N BROAD ST,NORWICH,NY,MEDASSETS,06/13/2024,2323082647,646,1.0,CS,126.4,0.0
,,R705T2,KPN9,GRADY HEALTH SYSTEM LUM CARTS,80 JESSE HILL JR DR SE,ATLANTA,GA,MEDASSETS,06/15/2024,2323082149,648,0.4,CS,60.8,0.0
,,R705T1,IG83,JACKSON HOSPITAL AND CLINIC (BULK),1725 PINE ST,MONTGOMERY,AL,MEDASSETS,06/12/2024,2323124758,957,1.0,CS,128.21,0.0
,,R705T2,KPN9,GRADY HEALTH SYSTEM LUM CARTS,80 JESSE HILL JR DR SE,ATLANTA,GA,MEDASSETS,06/17/2024,2323199188,648,1.0,CS,152.0,0.0
,,R705T2,KPN9,GRADY HEALTH SYSTEM LUM CARTS,80 JESSE HILL JR DR SE,ATLANTA,GA,MEDASSETS,06/16/2024,2323198359,648,0.6,CS,91.19999999999999,0.0
,,R705T2,Q542,MIAMI VALLEY HOSPITAL,1 WYOMING ST,DAYTON,OH,MEDASSETS,06/17/2024,2323279533,648,1.0,CS,152.0,0.0
,,R705T2,RBBA,PROMEDICA TOLEDO HOSPITAL (LUM),2142 N COVE BLVD,TOLEDO,OH,MEDASSETS,06/17/2024,2323354610,946,0.1,CS,15.74,0.0
,,R705T1,V648,GRADY MEMORIAL HOSPITAL,2220 W IOWA AVE,CHICKASHA,OK,MEDASSETS,06/17/2024,2323176632,645,1.0,CS,144.94,0.0
,,R705T1,K7NK,SUMMIT MEDICAL GROUP,150 PARK AVE,FLORHAM PARK,NJ,MEDASSETS,06/16/2024,2323200564,648,1.0,CS,155.04,0.0
,,R705T1,OLWT,WILSON HEALTH,915 W MICHIGAN ST,SIDNEY,OH,MEDASSETS,06/17/2024,2323290529,974,0.1,CS,22.0,0.0
,,R705T1,R152,UNIVERSITY OF ROCHESTER/STRONG (BUL,601 ELMWOOD AVE,ROCHESTER,NY,MEDASSETS,06/17/2024,2323336286,656,1.0,CS,139.89,0.0
,,R705T1,R152,UNIVERSITY OF ROCHESTER/STRONG (BUL,601 ELMWOOD AVE,ROCHESTER,NY,MEDASSETS,06/17/2024,2323336255,648,1.0,CS,155.0,0.0
,,R705T1,ECFX,UNIVERSITY OF ROCHESTER/STRONG (LUM,601 ELMWOOD AVE,ROCHESTER,NY,MEDASSETS,06/17/2024,2323271551,648,0.2,CS,31.02,0.0
,,R705T1,ECFX,UNIVERSITY OF ROCHESTER/STRONG (LUM,601 ELMWOOD AVE,ROCHESTER,NY,MEDASSETS,06/08/2024,2323267032,648,0.2,CS,31.02,0.0
,,R705T1,ECHZ,WILSON MEMORIAL HOSPITAL (LUM),33-57 HARRISON ST,JOHNSON CITY,NY,MEDASSETS,06/17/2024,2323349442,648,0.2,CS,31.02,0.0
,,R705T1,ECHZ,WILSON MEMORIAL HOSPITAL (LUM),33-57 HARRISON ST,JOHNSON CITY,NY,MEDASSETS,06/17/2024,2323349470,648,0.1,CS,15.5,0.0
,,R705T1,HFNW,CHILDRENS NATIONAL HOSPITAL(LUM),111 MICHIGAN AVE NW,WASHINGTON,DC,MEDASSETS,06/17/2024,2323345702,648,0.5,CS,77.5,0.0
,,R705T2,RBBA,PROMEDICA TOLEDO HOSPITAL (LUM),2142 N COVE BLVD,TOLEDO,OH,MEDASSETS,06/16/2024,2323347248,946,0.2,CS,31.48,0.0
,,R705T1,ECFX,UNIVERSITY OF ROCHESTER/STRONG (LUM,601 ELMWOOD AVE,ROCHESTER,NY,MEDASSETS,06/17/2024,2323270099,648,0.6,CS,93.0,0.0
,,R705T2,RBBA,PROMEDICA TOLEDO HOSPITAL (LUM),2142 N COVE BLVD,TOLEDO,OH,MEDASSETS,06/17/2024,2323347262,957,0.3,CS,37.71,0.0
,,R705T1,R158,HIGHLAND HOSPITAL-ROCHESTER (LUM),1000 SOUTH AVE,ROCHESTER,NY,MEDASSETS,06/18/2024,2323502884,648,0.4,CS,62.04,0.0
,,R705T2,WFAZ,PMR WILDWOOD,2865 N REYNOLDS RD STE 170,TOLEDO,OH,MEDASSETS,06/12/2024,2323372816,957,12.0,CS,1508.4,0.0
,,R705T1,V703,SCOTT COUNTY HOSPITAL,201 ALBERT AVE,SCOTT CITY,KS,MEDASSETS,06/10/2024,2323385506,649,1.0,CS,155.09,0.0
,,R705T1,BAIR,WESTCHESTER MEDICAL CENTER - LUM CA,100 WOODS RD,VALHALLA,NY,MEDASSETS,06/19/2024,2323430265,946,0.3,CS,48.150000000000006,0.0
,,R705T1,HDIH,THE UNIVERSITY OF TEXAS SW MEDICAL,6201 HARRY HINES BLVD,DALLAS,TX,MEDASSETS,06/19/2024,2323450362,648,2.0,CS,310.08,0.0
,,R705T1,YFZS,NEUROSCIENCE GROUP,1305 W AMERICAN DR,NEENAH,WI,MEDASSETS,06/18/2024,2323448158,648,2.0,CS,310.08,0.0
,,R705T1,SBCN,GEORGIA NEUROSURGICAL INST-ASC,840 PINE ST STE 810,MACON,GA,MEDASSETS,06/17/2024,2323480672,648,0.4,CS,62.04,0.0
,,R705T1,RQL9,EMANUEL HOSPITAL,2801 N GANTENBEIN AVE,PORTLAND,OR,MEDASSETS,06/19/2024,2323489330,646,2.0,CS,252.76,0.0
,,R705T1,ECFX,UNIVERSITY OF ROCHESTER/STRONG (LUM,601 ELMWOOD AVE,ROCHESTER,NY,MEDASSETS,06/18/2024,2323509231,645,0.1,CS,14.49,0.0
,,R705T1,ECFX,UNIVERSITY OF ROCHESTER/STRONG (LUM,601 ELMWOOD AVE,ROCHESTER,NY,MEDASSETS,06/18/2024,2323509239,645,0.3,CS,43.47,0.0
,,R705T2,XNYW,PROMEDICA COLDWATER REGIONAL HOSPIT,274 E CHICAGO ST,COLDWATER,MI,MEDASSETS,06/18/2024,2323530659,957,1.0,CS,125.7,0.0
,,R705T2,Q641,PROMEDICA FLOWER HOSPITAL (LUM),5200 HARROUN RD,SYLVANIA,OH,MEDASSETS,06/18/2024,2323537297,957,0.8,CS,100.56,0.0
,,R705T1,XMYH,FF THOMPSON HEALTH SYSTEM INC (BULK,350 PARRISH ST,CANANDAIGUA,NY,MEDASSETS,06/18/2024,2323546075,648,1.0,CS,155.04,0.0
,,R705T1,HFNW,CHILDRENS NATIONAL HOSPITAL(LUM),111 MICHIGAN AVE NW,WASHINGTON,DC,MEDASSETS,06/18/2024,2323504762,648,0.3,CS,46.5,0.0
,,R705T1,S186,KENT - LUM ON UBOAT (LUM),455 TOLL GATE RD,WARWICK,RI,MEDASSETS,06/19/2024,2323502411,648,0.5,CS,77.5,0.0
,,R705T1,KGJM,UNIVER OF MD-ST JOSEPH MED CTR-TRIA,7601 OSLER DR,TOWSON,MD,MEDASSETS,06/19/2024,2323627118,648,1.0,CS,155.04,0.0
,,R705T1,5LRQ,AKRON CHILDRENS HOSPITAL,1 PERKINS SQ,AKRON,OH,MEDASSETS,06/19/2024,2323658310,646,1.0,CS,126.38,0.0
,,R705T1,JKFF,NCH MD-HEALTHCARE SYSTEM,350 7TH ST N,NAPLES,FL,MEDASSETS,06/19/2024,2323676165,648,1.0,CS,155.04,0.0
,,R705T1,JZ5Z,CHS-GOOD SAMARITAN HOSPITAL / A90,1000 MONTAUK HWY,WEST ISLIP,NY,MEDASSETS,06/19/2024,2323634436,648,1.0,CS,155.04,0.0
,,R705T1,P035,FORREST COUNTY GENERAL HOSPITAL,6051 U S HIGHWAY 49,HATTIESBURG,MS,MEDASSETS,06/20/2024,2323701492,956,1.0,CS,158.0,0.0
,,R705T1,HDIH,THE UNIVERSITY OF TEXAS SW MEDICAL,6201 HARRY HINES BLVD,DALLAS,TX,MEDASSETS,06/21/2024,2323773752,648,2.0,CS,310.08,0.0
,,R705T1,RA7U,ST VINCENT HEALTHCARE,1233 N 30TH ST,BILLINGS,MT,MEDASSETS,06/19/2024,2323806657,645,1.0,CS,144.94,0.0
,,R705T1,TVXH,UNIV OF CALIFORNIA - SAN FRANCISCO,1855 FOLSOM ST STE 304,SAN FRANCISCO,CA,MEDASSETS,05/20/2024,2323808808,648,1.0,CS,155.04,0.0
,,R705T2,KPN9,GRADY HEALTH SYSTEM LUM CARTS,80 JESSE HILL JR DR SE,ATLANTA,GA,MEDASSETS,06/19/2024,2323723746,648,0.2,CS,30.4,0.0
,,R705T1,S169,GRACE COTTAGE HOSPITAL,185 GRAFTON RD,TOWNSHEND,VT,MEDASSETS,06/20/2024,2323717414,645,0.2,CS,29.0,0.0
,,R705T1,29WN,EAST OHIO REGIONAL HOSPITAL,90 N 4TH ST,MARTINS FERRY,OH,MEDASSETS,06/19/2024,2323720128,648,1.0,CS,155.04,0.0
,,R705T1,TVXH,UNIV OF CALIFORNIA - SAN FRANCISCO,1855 FOLSOM ST STE 304,SAN FRANCISCO,CA,MEDASSETS,05/20/2024,2323808807,648,1.0,CS,155.04,0.0
,,R705T1,ECFX,UNIVERSITY OF ROCHESTER/STRONG (LUM,601 ELMWOOD AVE,ROCHESTER,NY,MEDASSETS,06/20/2024,2323767466,648,0.2,CS,31.02,0.0
,,R705T1,ECFX,UNIVERSITY OF ROCHESTER/STRONG (LUM,601 ELMWOOD AVE,ROCHESTER,NY,MEDASSETS,06/20/2024,2323767470,648,0.2,CS,31.02,0.0
,,R705T1,KN7T,WHITE COUNTY MEDICAL CENTER,3214 E RACE AVE,SEARCY,AR,MEDASSETS,06/20/2024,2323761007,656,1.0,CS,139.89,0.0
,,R705T2,6RYB,PROMEDICA CHARLES & VIRG HICK (LUM),5640 N ADRIAN HWY,ADRIAN,MI,MEDASSETS,06/20/2024,2323777054,957,0.2,CS,25.14,0.0
,,R705T1,TVXH,UNIV OF CALIFORNIA - SAN FRANCISCO,1855 FOLSOM ST STE 304,SAN FRANCISCO,CA,MEDASSETS,05/20/2024,2323808807,648,1.0,CS,155.04,0.0
,,R705T1,HFNW,CHILDRENS NATIONAL HOSPITAL(LUM),111 MICHIGAN AVE NW,WASHINGTON,DC,MEDASSETS,06/20/2024,2323817717,648,1.0,CS,155.0,0.0
,,R705T2,RBBA,PROMEDICA TOLEDO HOSPITAL (LUM),2142 N COVE BLVD,TOLEDO,OH,MEDASSETS,06/21/2024,2323886958,946,0.2,CS,31.48,0.0
,,R705T1,ECFX,UNIVERSITY OF ROCHESTER/STRONG (LUM,601 ELMWOOD AVE,ROCHESTER,NY,MEDASSETS,06/22/2024,2323908215,646,0.6,CS,75.84,0.0
,,R705T1,BAIR,WESTCHESTER MEDICAL CENTER - LUM CA,100 WOODS RD,VALHALLA,NY,MEDASSETS,06/20/2024,2323844554,974,0.3,CS,66.0,0.0
,,R705T1,ECFX,UNIVERSITY OF ROCHESTER/STRONG (LUM,601 ELMWOOD AVE,ROCHESTER,NY,MEDASSETS,06/22/2024,2323908215,648,0.5,CS,77.5,0.0
,,R705T1,BAIR,WESTCHESTER MEDICAL CENTER - LUM CA,100 WOODS RD,VALHALLA,NY,MEDASSETS,06/20/2024,2323848258,974,0.1,CS,22.0,0.0
,,R705T1,BAIR,WESTCHESTER MEDICAL CENTER - LUM CA,100 WOODS RD,VALHALLA,NY,MEDASSETS,06/21/2024,2323851459,974,0.2,CS,44.0,0.0
,,R705T1,BAIR,WESTCHESTER MEDICAL CENTER - LUM CA,100 WOODS RD,VALHALLA,NY,MEDASSETS,06/20/2024,2323848281,974,0.1,CS,22.0,0.0
,,R705T1,5LRQ,AKRON CHILDRENS HOSPITAL,1 PERKINS SQ,AKRON,OH,MEDASSETS,06/20/2024,2323878146,646,2.0,CS,252.76,0.0
,,R705T1,HHNU,CHILDRENS HOSPITAL OF WISCONSIN,6740 W WASHINGTON ST,WEST ALLIS,WI,MEDASSETS,06/21/2024,2323923606,649B,1.0,CS,139.94,0.0
,,R705T1,VO33,ROGER WILLIAMS MEDICAL CENTER,825 CHALKSTONE AVE,PROVIDENCE,RI,MEDASSETS,06/21/2024,2323925511,648,1.0,CS,155.04,0.0
,,R705T2,6RYB,PROMEDICA CHARLES & VIRG HICK (LUM),5640 N ADRIAN HWY,ADRIAN,MI,MEDASSETS,06/21/2024,2323966683,957,0.1,CS,12.57,0.0
,,R705T1,DYQE,GENESIS HEALTHCARE SYSTEM,2951 MAPLE AVE,ZANESVILLE,OH,MEDASSETS,06/21/2024,2323930086,648,2.0,CS,310.08,0.0
,,R705T1,BAIR,WESTCHESTER MEDICAL CENTER - LUM CA,100 WOODS RD,VALHALLA,NY,MEDASSETS,06/23/2024,2323957147,974,0.1,CS,22.0,0.0
,,R705T1,5K02,CURE 4 THE KIDS FOUNDATION,1 BREAKTHROUGH WAY STE 300,LAS VEGAS,NV,MEDASSETS,06/21/2024,2323964348,646,5.0,CS,631.9,0.0
,,R705T1,R152,UNIVERSITY OF ROCHESTER/STRONG (BUL,601 ELMWOOD AVE,ROCHESTER,NY,MEDASSETS,06/22/2024,2323937147,646,0.4,CS,50.56,0.0
,,R705T1,BAIR,WESTCHESTER MEDICAL CENTER - LUM CA,100 WOODS RD,VALHALLA,NY,MEDASSETS,06/23/2024,2323957167,974,0.1,CS,22.0,0.0
,,R705T2,RBBA,PROMEDICA TOLEDO HOSPITAL (LUM),2142 N COVE BLVD,TOLEDO,OH,MEDASSETS,06/23/2024,2323962932,946,0.1,CS,15.74,0.0
,,R705T1,573P,INSPIRA IMAGING CTR-TOMLIN STATION,201 TOMLIN STATION RD,MULLICA HILL,NJ,MEDASSETS,06/23/2024,2324054654,957,3.0,CS,384.63,0.0
,,R705T1,R152,UNIVERSITY OF ROCHESTER/STRONG (BUL,601 ELMWOOD AVE,ROCHESTER,NY,MEDASSETS,06/23/2024,2324074079,648,0.5,CS,77.5,0.0
,,R705T2,RBBA,PROMEDICA TOLEDO HOSPITAL (LUM),2142 N COVE BLVD,TOLEDO,OH,MEDASSETS,06/23/2024,2324009261,946,0.2,CS,31.48,0.0
,,R705T2,KPN9,GRADY HEALTH SYSTEM LUM CARTS,80 JESSE HILL JR DR SE,ATLANTA,GA,MEDASSETS,06/23/2024,2324017141,646,0.4,CS,49.56,0.0
,,R705T1,MF5W,GOOD SAMARITAN HOSPITAL,1015 NW 22ND AVE,PORTLAND,OR,MEDASSETS,06/24/2024,2324058507,648,1.0,CS,155.04,0.0
,,R705T1,JBCP,TAMPA GENERAL HOSPITAL-SPD,1 TAMPA GENERAL CIR,TAMPA,FL,MEDASSETS,06/24/2024,2324082391,656,1.0,CS,139.9,0.0
,,R705T1,JZ5Y,CHS-ST FRANCIS HOSPITAL,100 PORT WASHINGTON BLVD,ROSLYN,NY,MEDASSETS,06/24/2024,2324162378,648,1.0,CS,155.04,0.0
,,R705T2,XSIU,ATRIUM MEDICAL CENTER (LUM),1 MEDICAL CENTER DR,MIDDLETOWN,OH,MEDASSETS,06/06/2024,2324173548,647,1.0,CS,151.8,0.0
,,R705T2,XSIU,ATRIUM MEDICAL CENTER (LUM),1 MEDICAL CENTER DR,MIDDLETOWN,OH,MEDASSETS,06/24/2024,2324173557,956,1.0,CS,154.9,0.0
,,R705T1,KTLS,MURDOCH DEVELOPMENTAL CENTER,1600 E C ST,BUTNER,NC,MEDASSETS,06/25/2024,2324190931,648,0.8,CS,124.0,0.0
,,R705T1,BAIR,WESTCHESTER MEDICAL CENTER - LUM CA,100 WOODS RD,VALHALLA,NY,MEDASSETS,06/24/2024,2324201137,946,0.3,CS,48.150000000000006,0.0
,,R705T2,Q542,MIAMI VALLEY HOSPITAL,1 WYOMING ST,DAYTON,OH,MEDASSETS,06/24/2024,2324203957,656,2.0,CS,274.3,0.0
,,R705T1,DUIN,CCP TASS INC,711 TROY SCHENECTADY RD STE 201,LATHAM,NY,MEDASSETS,06/25/2024,2324204726,648,1.0,CS,155.04,0.0
,,R705T1,BAIR,WESTCHESTER MEDICAL CENTER - LUM CA,100 WOODS RD,VALHALLA,NY,MEDASSETS,06/24/2024,2324025294,974,0.1,CS,22.0,0.0
,,R705T1,JZ5Y,CHS-ST FRANCIS HOSPITAL,100 PORT WASHINGTON BLVD,ROSLYN,NY,MEDASSETS,06/25/2024,2324162385,648,1.0,CS,155.04,0.0
,,R705T1,ENET,MED PED ID INC,28078 BAXTER RD STE 320,MURRIETA,CA,MEDASSETS,06/24/2024,2324175833,645,0.2,CS,28.98,0.0
,,R705T1,MKSO,BELLIN MEMORIAL HOSPITAL INC,905 CASS ST,GREEN BAY,WI,MEDASSETS,06/25/2024,2324210245,646,0.2,CS,25.28,0.0
,,R705T1,SV5T,VANDERBILT UNIVERSITY MEDICAL CTR(B,1301 MEDICAL CENTER DR,NASHVILLE,TN,MEDASSETS,06/25/2024,2324227878,656,1.0,CS,139.89,0.0
,,R705T1,ECHZ,WILSON MEMORIAL HOSPITAL (LUM),33-57 HARRISON ST,JOHNSON CITY,NY,MEDASSETS,06/24/2024,2324228949,648,0.5,CS,77.5,0.0
,,R705T2,WFAZ,PMR WILDWOOD,2865 N REYNOLDS RD STE 170,TOLEDO,OH,MEDASSETS,06/19/2024,2324239655,957,10.0,CS,1257.0,0.0
,,R705T2,SUBS,UNIV CINCINNATI-BCW,3200 BURNET AVE,CINCINNATI,OH,MEDASSETS,06/24/2024,2324219503,656,1.0,CS,137.15,0.0
,,R705T1,V4W5,SCHEURER HOSPITAL,170 N CASEVILLE RD,PIGEON,MI,MEDASSETS,06/24/2024,2324233320,648,0.4,CS,62.04,0.0
,,R705T1,HDIH,THE UNIVERSITY OF TEXAS SW MEDICAL,6201 HARRY HINES BLVD,DALLAS,TX,MEDASSETS,06/25/2024,2324260182,648,2.0,CS,310.08,0.0
,,R705T1,ECFX,UNIVERSITY OF ROCHESTER/STRONG (LUM,601 ELMWOOD AVE,ROCHESTER,NY,MEDASSETS,06/24/2024,2324318317,648,0.4,CS,62.04,0.0
,,R705T2,Q641,PROMEDICA FLOWER HOSPITAL (LUM),5200 HARROUN RD,SYLVANIA,OH,MEDASSETS,06/25/2024,2324393982,957,0.5,CS,62.85,0.0
,,R705T1,V781,GRAHAM COUNTY HOSPITAL,304 W PROUT ST,HILL CITY,KS,MEDASSETS,06/21/2024,2324363771,645,1.0,CS,144.94,0.0
,,R705T1,UQIF,COURSEY ENTERPRISES INC,1259 S LYNN LN,IDABEL,OK,MEDASSETS,06/25/2024,2324315130,645,1.0,CS,144.94,0.0
,,R705T2,RBBA,PROMEDICA TOLEDO HOSPITAL (LUM),2142 N COVE BLVD,TOLEDO,OH,MEDASSETS,06/25/2024,2324385437,957,0.6,CS,75.42,0.0
,,R705T1,MKSO,BELLIN MEMORIAL HOSPITAL INC,905 CASS ST,GREEN BAY,WI,MEDASSETS,06/25/2024,2324411326,648,1.0,CS,155.04,0.0
,,R705T2,6RYB,PROMEDICA CHARLES & VIRG HICK (LUM),5640 N ADRIAN HWY,ADRIAN,MI,MEDASSETS,06/25/2024,2324398026,957,0.3,CS,37.71,0.0
,,R705T2,Q555,PROMEDICA MEMORIAL HOSPITAL,715 S TAFT AVE,FREMONT,OH,MEDASSETS,06/24/2024,2324431046,956,1.0,CS,154.9,0.0
,,R705T1,KIW0,HUNTINGTON MEMORIAL HOSPITAL (BULK),100 W CALIFORNIA BLVD,PASADENA,CA,MEDASSETS,06/13/2024,2324489103,649,3.0,CS,465.27,0.0
,,R705T1,ECFX,UNIVERSITY OF ROCHESTER/STRONG (LUM,601 ELMWOOD AVE,ROCHESTER,NY,MEDASSETS,06/26/2024,2324514954,646,0.1,CS,12.64,0.0
,,R705T2,Q555,PROMEDICA MEMORIAL HOSPITAL,715 S TAFT AVE,FREMONT,OH,MEDASSETS,06/24/2024,2324431046,957,1.0,CS,125.7,0.0
,,R705T1,IT3I,CHS-ST CATHERINE OF SIENA MED CTR/A,50 ROUTE 25A,SMITHTOWN,NY,MEDASSETS,06/26/2024,2324522150,648,1.0,CS,155.04,0.0
,,R705T2,Q542,MIAMI VALLEY HOSPITAL,1 WYOMING ST,DAYTON,OH,MEDASSETS,06/27/2024,2324561925,648,1.0,CS,152.0,0.0
,,R705T1,R152,UNIVERSITY OF ROCHESTER/STRONG (BUL,601 ELMWOOD AVE,ROCHESTER,NY,MEDASSETS,06/26/2024,2324580458,648,1.0,CS,155.0,0.0
,,R705T2,RBBA,PROMEDICA TOLEDO HOSPITAL (LUM),2142 N COVE BLVD,TOLEDO,OH,MEDASSETS,06/27/2024,2324653280,946,0.2,CS,31.48,0.0
,,R705T2,KPN9,GRADY HEALTH SYSTEM LUM CARTS,80 JESSE HILL JR DR SE,ATLANTA,GA,MEDASSETS,06/25/2024,2324485155,648,0.2,CS,30.4,0.0
,,R705T1,ECFX,UNIVERSITY OF ROCHESTER/STRONG (LUM,601 ELMWOOD AVE,ROCHESTER,NY,MEDASSETS,06/26/2024,2324514903,648,0.5,CS,77.5,0.0
,,R705T1,V57S,MERCY MEDICAL CENTER,701 10TH ST SE,CEDAR RAPIDS,IA,MEDASSETS,06/26/2024,2324518702,648,1.0,CS,155.04,0.0
,,R705T1,JKFF,NCH MD-HEALTHCARE SYSTEM,350 7TH ST N,NAPLES,FL,MEDASSETS,06/26/2024,2324543700,648,1.0,CS,155.04,0.0
,,R705T1,IIE5,USC UNIVERSITY AND RESEARCH,1640 MARENGO ST STE 300,LOS ANGELES,CA,MEDASSETS,06/26/2024,2324554893,648,2.0,CS,310.08,0.0
,,R705T2,KPN9,GRADY HEALTH SYSTEM LUM CARTS,80 JESSE HILL JR DR SE,ATLANTA,GA,MEDASSETS,06/26/2024,2324488355,648,0.6,CS,91.19999999999999,0.0
,,R705T2,Q542,MIAMI VALLEY HOSPITAL,1 WYOMING ST,DAYTON,OH,MEDASSETS,06/26/2024,2324559778,648,1.0,CS,152.0,0.0
,,R705T1,R152,UNIVERSITY OF ROCHESTER/STRONG (BUL,601 ELMWOOD AVE,ROCHESTER,NY,MEDASSETS,06/26/2024,2324580458,656,1.0,CS,139.89,0.0
,,R705T2,6RYB,PROMEDICA CHARLES & VIRG HICK (LUM),5640 N ADRIAN HWY,ADRIAN,MI,MEDASSETS,06/26/2024,2324609709,957,0.3,CS,37.71,0.0
,,R705T2,6RYB,PROMEDICA CHARLES & VIRG HICK (LUM),5640 N ADRIAN HWY,ADRIAN,MI,MEDASSETS,06/27/2024,2324664154,957,0.2,CS,25.14,0.0
,,R705T1,5LRQ,AKRON CHILDRENS HOSPITAL,1 PERKINS SQ,AKRON,OH,MEDASSETS,06/26/2024,2324555588,646,2.0,CS,252.76,0.0
,,R705T1,HDIH,THE UNIVERSITY OF TEXAS SW MEDICAL,6201 HARRY HINES BLVD,DALLAS,TX,MEDASSETS,06/27/2024,2324557135,956,2.0,CS,316.0,0.0
,,R705T1,X917,COREWELL HEALTH FARMINGTON HILLS HO,28050 GRAND RIVER AVE,FARMINGTON HILLS,MI,MEDASSETS,06/27/2024,2324649648,656,2.0,CS,279.78,0.0
,,R705T2,RBBA,PROMEDICA TOLEDO HOSPITAL (LUM),2142 N COVE BLVD,TOLEDO,OH,MEDASSETS,06/27/2024,2324651443,946,0.3,CS,47.22,0.0
,,R705T1,R152,UNIVERSITY OF ROCHESTER/STRONG (BUL,601 ELMWOOD AVE,ROCHESTER,NY,MEDASSETS,06/27/2024,2324669907,648,2.0,CS,310.0,0.0
,,R705T2,Q555,PROMEDICA MEMORIAL HOSPITAL (LUM),715 S TAFT AVE,FREMONT,OH,MEDASSETS,06/27/2024,2324667952,946,0.1,CS,15.74,0.0
,,R705T1,V57S,MERCY MEDICAL CENTER,701 10TH ST SE,CEDAR RAPIDS,IA,MEDASSETS,06/27/2024,2324722554,646,1.0,CS,126.38,0.0
,,R705T1,XQI2,THE CENTER FOR NEUROSCIENCES,2450 E RIVER RD,TUCSON,AZ,MEDASSETS,06/27/2024,2324703369,648,1.0,CS,155.04,0.0
,,R705T1,WCV2,NICHOLAS H NOYES HOSPITAL,111 CLARA BARTON ST,DANSVILLE,NY,MEDASSETS,06/28/2024,2324726253,648,0.3,CS,46.5,0.0
,,R705T1,BAIR,WESTCHESTER MEDICAL CENTER - LUM CA,100 WOODS RD,VALHALLA,NY,MEDASSETS,06/28/2024,2324688387,946,0.3,CS,48.150000000000006,0.0
,,R705T1,ECFX,UNIVERSITY OF ROCHESTER/STRONG (LUM,601 ELMWOOD AVE,ROCHESTER,NY,MEDASSETS,06/27/2024,2324686701,648,0.3,CS,46.5,0.0
,,R705T1,ECHZ,WILSON MEMORIAL HOSPITAL (LUM),33-57 HARRISON ST,JOHNSON CITY,NY,MEDASSETS,06/27/2024,2324747642,648,0.2,CS,31.02,0.0
,,R705T1,HDIH,THE UNIVERSITY OF TEXAS SW MEDICAL,6201 HARRY HINES BLVD,DALLAS,TX,MEDASSETS,06/28/2024,2324774116,648,2.0,CS,310.08,0.0
,,R705T2,Q555,PROMEDICA MEMORIAL HOSPITAL,715 S TAFT AVE,FREMONT,OH,MEDASSETS,06/28/2024,2324767113,956,1.0,CS,154.9,0.0
,,R705T1,6D93,UMUC AT ABERDEEN,660 MCHENRY RD,ABERDEEN,MD,MEDASSETS,06/28/2024,2324816005,648,1.0,CS,155.04,0.0
,,R705T1,R158,HIGHLAND HOSPITAL-ROCHESTER (LUM),1000 SOUTH AVE,ROCHESTER,NY,MEDASSETS,06/27/2024,2324671769,648,0.2,CS,31.02,0.0
,,R705T1,BAIR,WESTCHESTER MEDICAL CENTER - LUM CA,100 WOODS RD,VALHALLA,NY,MEDASSETS,06/28/2024,2324817314,946,1.0,CS,160.5,0.0
,,R705T1,ECHZ,WILSON MEMORIAL - DVH,33-57 HARRISON ST,JOHNSON CITY,NY,MEDASSETS,06/28/2024,2324836426,646,0.2,CS,25.28,0.0
,,R705T1,ECHZ,WILSON MEMORIAL - DVH,33-57 HARRISON ST,JOHNSON CITY,NY,MEDASSETS,06/28/2024,2324836426,648,0.2,CS,31.02,0.0
,,R705T2,V888,BON SECOURS ST FRANCIS,2095 HENRY TECKLENBURG DR,CHARLESTON,SC,MEDASSETS,07/16/2024,7177326267,946,1.0,CS,157.35,20.05
,,R705T2,V888,BON SECOURS ST FRANCIS,2095 HENRY TECKLENBURG DR,CHARLESTON,SC,MEDASSETS,07/09/2024,7177087965,656,2.0,CS,274.3,0.0
,,R705T2,ZSGA,MOUNT PLEASANT HOSPITAL,3500 N HIGHWAY 17,MOUNT PLEASANT,SC,MEDASSETS,07/23/2024,7177613309,956,2.0,CS,309.8,0.0
,,R705T2,V888,BON SECOURS ST FRANCIS,2095 HENRY TECKLENBURG DR,CHARLESTON,SC,MEDASSETS,07/24/2024,7177680018,656,2.0,CS,274.3,0.0
,,R705T2,V889,ROPER HOSPITAL,316 CALHOUN ST,CHARLESTON,SC,MEDASSETS,07/03/2024,7176917694,656,1.0,CS,137.15,0.0
,,R705T2,ZSGA,MOUNT PLEASANT HOSPITAL,3500 N HIGHWAY 17,MOUNT PLEASANT,SC,MEDASSETS,07/23/2024,7177613780,956,1.0,CS,154.9,0.0
,,R705T2,V889,ROPER HOSPITAL,316 CALHOUN ST,CHARLESTON,SC,MEDASSETS,07/31/2024,7177918397,956,1.0,CS,154.9,0.0
,,R705T2,V888,BON SECOURS ST FRANCIS,2095 HENRY TECKLENBURG DR,CHARLESTON,SC,MEDASSETS,07/31/2024,7177918978,656,2.0,CS,274.3,0.0
,,R705T2,V888,BON SECOURS ST FRANCIS,2095 HENRY TECKLENBURG DR,CHARLESTON,SC,MEDASSETS,07/11/2024,7177186469,656,1.0,CS,137.15,0.0
,,R705T2,V888,BON SECOURS ST FRANCIS XAVIER,2095 HENRY TECKLENBURG DR,CHARLESTON,SC,MEDASSETS,07/02/2024,7176866818,656,2.0,CS,274.3,0.0
,,R705T2,V889,ROPER HOSPITAL,316 CALHOUN ST,CHARLESTON,SC,MEDASSETS,07/31/2024,7177918397,956,1.0,CS,154.9,0.0
,,R705T2,ZE3F,ROPER ST FRANCIS BERKELEY HOSP,100 CALLEN BLVD,SUMMERVILLE,SC,MEDASSETS,07/31/2024,7177918949,656,2.0,CS,274.3,0.0
,,R705T2,ZE3F,ROPER ST FRANCIS BERKELEY HOSP,100 CALLEN BLVD,SUMMERVILLE,SC,MEDASSETS,07/03/2024,7176917326,656,2.0,CS,274.3,0.0
,,R705T1,ECFX,UNIVERSITY OF ROCHESTER/STRONG (LUM,601 ELMWOOD AVE,ROCHESTER,NY,MEDASSETS,06/29/2024,2324850401,646,0.1,CS,12.64,0.0
,,R705T1,CVBH,ANN AND ROBERT H LURIE CHILDRENS,200 E SUPERIOR ST,CHICAGO,IL,MEDASSETS,07/01/2024,2324926120,648,0.7,CS,108.5,0.0
,,R705T1,HDIH,THE UNIVERSITY OF TEXAS SW MEDICAL,6201 HARRY HINES BLVD,DALLAS,TX,MEDASSETS,07/01/2024,2324909890,648,1.0,CS,155.04,0.0
,,R705T2,KPN9,GRADY HEALTH SYSTEM LUM CARTS,80 JESSE HILL JR DR SE,ATLANTA,GA,MEDASSETS,07/01/2024,2324918282,648,1.0,CS,152.0,0.0
,,R705T1,S186,KENT - LUM ON UBOAT (LUM),455 TOLL GATE RD,WARWICK,RI,MEDASSETS,07/01/2024,2324913350,648,0.6,CS,93.0,0.0
,,R705T1,RE2G,METROPOLITAN GOVERNMENT OF,1818 ALBION ST,NASHVILLE,TN,MEDASSETS,07/01/2024,2324929917,648,1.0,CS,155.04,0.0
,,R705T1,HD25,GRAND RIVER HOSPITAL DISTRICT,501 AIRPORT RD,RIFLE,CO,MEDASSETS,06/13/2024,2324932708,649,1.0,CS,155.09,0.0
,,R705T2,Q555,PROMEDICA MEMORIAL HOSPITAL,715 S TAFT AVE,FREMONT,OH,MEDASSETS,06/24/2024,2324450623,956,-1.0,CS,-154.9,0.0
,,R705T2,LCAC,UNIV CINCINNATI-WESTCHESTER,7700 UNIVERSITY DR,WEST CHESTER,OH,MEDASSETS,07/01/2024,2325064371,656,4.0,CS,548.6,0.0
,,R705T2,RBBA,PROMEDICA TOLEDO HOSPITAL,2142 N COVE BLVD,TOLEDO,OH,MEDASSETS,07/01/2024,2325089562,956,1.0,CS,154.9,0.0
,,R705T1,Q611,FISHER TITUS MEDICAL CENTER,272 BENEDICT AVE,NORWALK,OH,MEDASSETS,07/01/2024,2325091107,957,1.0,CS,128.21,0.0
,,R705T1,V4W5,SCHEURER HOSPITAL,170 N CASEVILLE RD,PIGEON,MI,MEDASSETS,06/28/2024,2325100108,648,0.2,CS,31.02,0.0
,,R705T2,Q542,MIAMI VALLEY HOSPITAL,1 WYOMING ST,DAYTON,OH,MEDASSETS,07/01/2024,2325079993,648,1.0,CS,152.0,0.0
,,R705T1,ECFX,UNIVERSITY OF ROCHESTER/STRONG (LUM,601 ELMWOOD AVE,ROCHESTER,NY,MEDASSETS,07/01/2024,2325114014,645,0.1,CS,14.49,0.0
,,R705T1,BAIR,WESTCHESTER MEDICAL CENTER - LUM CA,100 WOODS RD,VALHALLA,NY,MEDASSETS,07/02/2024,2325081358,946,0.3,CS,48.150000000000006,0.0
,,R705T1,YFZS,NEUROSCIENCE GROUP,1305 W AMERICAN DR,NEENAH,WI,MEDASSETS,07/02/2024,2325096780,648,1.0,CS,155.04,0.0
,,R705T1,ECHZ,WILSON MEMORIAL HOSPITAL (LUM),33-57 HARRISON ST,JOHNSON CITY,NY,MEDASSETS,07/01/2024,2325107697,648,0.2,CS,31.02,0.0
,,R705T1,W5ZF,VANDERBILT IMAGING (BULK),2000 RICHARD JONES RD STE 270,NASHVILLE,TN,MEDASSETS,06/27/2024,2325160877,656,1.0,CS,139.89,0.0
,,R705T1,S410,HENRY HEYWOOD MEMORIAL HOSPITAL,242 GREEN ST,GARDNER,MA,MEDASSETS,07/02/2024,2325149341,645,0.1,CS,14.49,0.0
,,R705T2,KPN9,GRADY HEALTH SYSTEM LUM CARTS,80 JESSE HILL JR DR SE,ATLANTA,GA,MEDASSETS,06/30/2024,2325188287,646,0.1,CS,12.39,0.0
,,R705T1,JBCP,TAMPA GENERAL HOSPITAL-SPD,1 TAMPA GENERAL CIR,TAMPA,FL,MEDASSETS,07/02/2024,2325192559,656,0.5,CS,69.95,0.0
,,R705T2,WEZO,PMR WILDWOOD,2865 N REYNOLDS RD STE 170,TOLEDO,OH,MEDASSETS,06/26/2024,2325196901,957,10.0,CS,1257.0,0.0
,,R705T1,WCV2,NICHOLAS H NOYES HOSPITAL,111 CLARA BARTON ST,DANSVILLE,NY,MEDASSETS,07/01/2024,2325198090,648,0.3,CS,46.5,0.0
,,R705T1,JZ5Y,CHS-ST FRANCIS HOSPITAL,100 PORT WASHINGTON BLVD,ROSLYN,NY,MEDASSETS,07/01/2024,2325203004,648,1.0,CS,155.04,0.0
,,R705T1,ECFX,UNIVERSITY OF ROCHESTER/STRONG (LUM,601 ELMWOOD AVE,ROCHESTER,NY,MEDASSETS,07/02/2024,2325272228,648,0.2,CS,31.02,0.0
,,R705T1,ECFX,UNIVERSITY OF ROCHESTER/STRONG (LUM,601 ELMWOOD AVE,ROCHESTER,NY,MEDASSETS,07/02/2024,2325272299,648,0.2,CS,31.02,0.0
,,R705T2,6RYB,PROMEDICA CHARLES & VIRG HICK (LUM),5640 N ADRIAN HWY,ADRIAN,MI,MEDASSETS,07/02/2024,2325322101,957,0.2,CS,25.14,0.0
,,R705T1,JZ5Z,CHS-GOOD SAMARITAN HOSPITAL / A90,1000 MONTAUK HWY,WEST ISLIP,NY,MEDASSETS,07/02/2024,2325279352,648,1.0,CS,155.04,0.0
,,R705T1,5LRQ,AKRON CHILDRENS HOSPITAL,1 PERKINS SQ,AKRON,OH,MEDASSETS,07/02/2024,2325299909,646,2.0,CS,252.76,0.0
,,R705T2,Q641,PROMEDICA FLOWER HOSPITAL (LUM),5200 HARROUN RD,SYLVANIA,OH,MEDASSETS,07/02/2024,2325314387,957,0.5,CS,62.85,0.0
,,R705T1,X917,COREWELL HEALTH FARMINGTON HILLS HO,28050 GRAND RIVER AVE,FARMINGTON HILLS,MI,MEDASSETS,07/01/2024,2325321325,656,2.0,CS,279.78,0.0
,,R705T2,RBBA,PROMEDICA TOLEDO HOSPITAL (LUM),2142 N COVE BLVD,TOLEDO,OH,MEDASSETS,07/02/2024,2325305985,957,0.3,CS,37.71,0.0
,,R705T1,HDIH,THE UNIVERSITY OF TEXAS SW MEDICAL,6201 HARRY HINES BLVD,DALLAS,TX,MEDASSETS,07/03/2024,2325327306,648,2.0,CS,310.08,0.0
,,R705T1,RQL9,EMANUEL HOSPITAL,2801 N GANTENBEIN AVE,PORTLAND,OR,MEDASSETS,07/03/2024,2325341178,646,2.0,CS,252.76,0.0
,,R705T2,KPN9,GRADY HEALTH SYSTEM LUM CARTS,80 JESSE HILL JR DR SE,ATLANTA,GA,MEDASSETS,07/03/2024,2325316727,648,1.0,CS,152.0,0.0
,,R705T1,RQL9,EMANUEL HOSPITAL,2801 N GANTENBEIN AVE,PORTLAND,OR,MEDASSETS,07/03/2024,2325341185,656,1.0,CS,139.89,0.0
,,R705T1,R152,UNIVERSITY OF ROCHESTER/STRONG (BUL,601 ELMWOOD AVE,ROCHESTER,NY,MEDASSETS,07/02/2024,2325344390,645,0.1,CS,14.49,0.0
,,R705T1,R326,CAYUGA MEDICAL CENTER-AT ITHACA,101 DATES DR,ITHACA,NY,MEDASSETS,07/02/2024,2325320867,649,1.0,CS,155.09,0.0
,,R705T1,YBIZ,MORRIS COUNTY HOSPITAL,600 N WASHINGTON ST,COUNCIL GROVE,KS,MEDASSETS,07/02/2024,2325354881,645,0.3,CS,43.47,0.0
,,R705T1,HFNW,CHILDRENS NATIONAL HOSPITAL(LUM),111 MICHIGAN AVE NW,WASHINGTON,DC,MEDASSETS,07/02/2024,2325375478,648,0.3,CS,46.5,0.0
,,R705T1,R998,SILVER CROSS HOSPITAL,1900 SILVER CROSS BLVD,NEW LENOX,IL,MEDASSETS,07/02/2024,2325377279,648,1.0,CS,155.04,0.0
,,R705T1,R158,HIGHLAND HOSPITAL-ROCHESTER (LUM),1000 SOUTH AVE,ROCHESTER,NY,MEDASSETS,07/02/2024,2325396516,648,0.4,CS,62.04,0.0
,,R705T1,BAIR,WESTCHESTER MEDICAL CENTER - LUM CA,100 WOODS RD,VALHALLA,NY,MEDASSETS,07/03/2024,2325435656,946,0.3,CS,48.150000000000006,0.0
,,R705T1,HFNW,CHILDRENS NATIONAL HOSPITAL(LUM),111 MICHIGAN AVE NW,WASHINGTON,DC,MEDASSETS,07/04/2024,2325452901,646,4.0,CS,505.6,0.0
,,R705T2,6RYB,PROMEDICA CHARLES & VIRG HICK (LUM),5640 N ADRIAN HWY,ADRIAN,MI,MEDASSETS,07/03/2024,2325447932,957,0.2,CS,25.14,0.0
,,R705T1,HFNW,CHILDRENS NATIONAL HOSPITAL(LUM),111 MICHIGAN AVE NW,WASHINGTON,DC,MEDASSETS,07/03/2024,2325452549,645,0.5,CS,72.45,0.0
,,R705T2,XNYW,PROMEDICA COLDWATER REGIONAL (LUM),274 E CHICAGO ST,COLDWATER,MI,MEDASSETS,07/03/2024,2325442536,946,0.1,CS,15.74,0.0
,,R705T1,ECHZ,WILSON MEMORIAL HOSPITAL (LUM),33-57 HARRISON ST,JOHNSON CITY,NY,MEDASSETS,07/03/2024,2325480741,646,0.2,CS,25.28,0.0
,,R705T1,X917,COREWELL HEALTH FARMINGTON HILLS HO,28050 GRAND RIVER AVE,FARMINGTON HILLS,MI,MEDASSETS,07/02/2024,2325493710,656,2.0,CS,279.78,0.0
,,R705T2,RBBA,PROMEDICA TOLEDO HOSPITAL (LUM),2142 N COVE BLVD,TOLEDO,OH,MEDASSETS,07/03/2024,2325510667,946,0.4,CS,62.96,0.0
,,R705T1,ECFX,UNIVERSITY OF ROCHESTER/STRONG (LUM,601 ELMWOOD AVE,ROCHESTER,NY,MEDASSETS,07/03/2024,2325510343,648,0.4,CS,62.04,0.0
,,R705T1,R152,UNIVERSITY OF ROCHESTER/STRONG (BUL,601 ELMWOOD AVE,ROCHESTER,NY,MEDASSETS,07/03/2024,2325507844,648,1.0,CS,155.0,0.0
,,R705T1,ECFX,UNIVERSITY OF ROCHESTER/STRONG (LUM,601 ELMWOOD AVE,ROCHESTER,NY,MEDASSETS,07/03/2024,2325510362,648,0.6,CS,93.0,0.0
,,R705T1,ECFX,UNIVERSITY OF ROCHESTER/STRONG (LUM,601 ELMWOOD AVE,ROCHESTER,NY,MEDASSETS,07/03/2024,2325510372,648,0.3,CS,46.5,0.0
,,R705T1,S1G1,HELEN NEWBERRY JOY HOSPITAL,310 W AVENUE A,NEWBERRY,MI,MEDASSETS,07/05/2024,2325576245,649,1.0,CS,155.09,0.0
,,R705T1,YECN,NEWMAN REGIONAL HEALTH-MEMORIAL COU,1201 W 12TH AVE,EMPORIA,KS,MEDASSETS,07/05/2024,2325591296,648,1.0,CS,155.04,0.0
,,R705T1,R151,CHS-MERCY MEDICAL CENTER,1000 N VILLAGE AVE,ROCKVILLE CENTRE,NY,MEDASSETS,07/05/2024,2325621028,648,2.0,CS,310.08,0.0
,,R705T1,JBCP,TAMPA GENERAL HOSPITAL-SPD,1 TAMPA GENERAL CIR,TAMPA,FL,MEDASSETS,07/05/2024,2325591181,656,0.9,CS,125.91,0.0
,,R705T1,S366,MGB - NEWTON WELLESLEY (BULK),2014 WASHINGTON ST,NEWTON,MA,MEDASSETS,07/03/2024,2325614339,646,0.4,CS,50.56,0.0
,,R705T2,RBBA,PROMEDICA TOLEDO HOSPITAL,2142 N COVE BLVD,TOLEDO,OH,MEDASSETS,07/05/2024,2325639467,976,2.0,CS,398.2,0.0
,,R705T2,XSIU,ATRIUM MEDICAL CENTER (LUM),1 MEDICAL CENTER DR,MIDDLETOWN,OH,MEDASSETS,07/05/2024,2325626586,956,1.0,CS,154.9,0.0
,,R705T2,R152,UNIVERSITY OF ROCHESTER/STRONG (BUL,601 ELMWOOD AVE,ROCHESTER,NY,MEDASSETS,07/07/2024,2325688906,656,1.0,CS,137.15,0.0
,,R705T1,YAZK,THEDACARE REG MED CTR-APPLETON(LUM),1818 N MEADE ST,APPLETON,WI,MEDASSETS,07/04/2024,2325681992,956,1.0,CS,158.0,0.0
,,R705T2,ECFX,UNIVERSITY OF ROCHESTER/STRONG (LUM,601 ELMWOOD AVE,ROCHESTER,NY,MEDASSETS,07/07/2024,2325689146,648,0.4,CS,60.8,0.0
,,R705T1,5WUJ,UMMG NEUROLOGY PAC,1150 NW 14TH ST STE 609,MIAMI,FL,MEDASSETS,07/07/2024,2325693357,649,3.0,CS,465.27,0.0
,,R705T1,BAIR,WESTCHESTER MEDICAL CENTER - LUM CA,100 WOODS RD,VALHALLA,NY,MEDASSETS,07/07/2024,2325718836,974,0.4,CS,88.0,0.0
,,R705T1,BAIR,WESTCHESTER MEDICAL CENTER - LUM CA,100 WOODS RD,VALHALLA,NY,MEDASSETS,07/07/2024,2325720827,974,0.2,CS,44.0,0.0
,,R705T1,BAIR,WESTCHESTER MEDICAL CENTER - LUM CA,100 WOODS RD,VALHALLA,NY,MEDASSETS,07/07/2024,2325722756,974,0.1,CS,22.0,0.0
,,R705T1,HFNW,CHILDRENS NATIONAL HOSPITAL(LUM),111 MICHIGAN AVE NW,WASHINGTON,DC,MEDASSETS,07/05/2024,2325726510,648,0.5,CS,77.5,0.0
,,R705T2,KPN9,GRADY HEALTH SYSTEM LUM CARTS,80 JESSE HILL JR DR SE,ATLANTA,GA,MEDASSETS,07/05/2024,2325737185,648,0.2,CS,30.4,0.0
,,R705T1,5LRQ,AKRON CHILDRENS HOSPITAL,1 PERKINS SQ,AKRON,OH,MEDASSETS,06/19/2024,2325817609,646,-1.0,CS,-126.38,0.0
,,R705T1,JBCP,TAMPA GENERAL HOSPITAL-SPD,1 TAMPA GENERAL CIR,TAMPA,FL,MEDASSETS,07/05/2024,2325853835,656,0.1,CS,13.99,0.0
,,R705T1,JY7Z,LEGACY SALMON CREEK HOSPITAL,2211 NE 139TH ST,VANCOUVER,WA,MEDASSETS,07/07/2024,2325871727,648,2.0,CS,310.08,0.0
,,R705T1,BAIR,WESTCHESTER MEDICAL CENTER - LUM CA,100 WOODS RD,VALHALLA,NY,MEDASSETS,07/08/2024,2325873827,974,0.2,CS,44.0,0.0
,,R705T1,BAIR,WESTCHESTER MEDICAL CENTER - LUM CA,100 WOODS RD,VALHALLA,NY,MEDASSETS,07/08/2024,2325873827,946,0.3,CS,48.150000000000006,0.0
,,R705T2,R158,HIGHLAND HOSPITAL-ROCHESTER (LUM),1000 SOUTH AVE,ROCHESTER,NY,MEDASSETS,07/08/2024,2325883902,648,0.4,CS,60.8,0.0
,,R705T2,Q542,MIAMI VALLEY HOSPITAL,1 WYOMING ST,DAYTON,OH,MEDASSETS,07/08/2024,2325936071,648,1.0,CS,152.0,0.0
,,R705T1,HDIH,THE UNIVERSITY OF TEXAS SW MEDICAL,6201 HARRY HINES BLVD,DALLAS,TX,MEDASSETS,07/08/2024,2325871006,648,2.0,CS,310.08,0.0
,,R705T1,BAIR,WESTCHESTER MEDICAL CENTER - LUM CA,100 WOODS RD,VALHALLA,NY,MEDASSETS,07/08/2024,2325873820,974,0.2,CS,44.0,0.0
,,R705T1,BAIR,WESTCHESTER MEDICAL CENTER - LUM CA,100 WOODS RD,VALHALLA,NY,MEDASSETS,07/08/2024,2325873830,974,2.0,CS,440.02,0.0
,,R705T1,BAIR,WESTCHESTER MEDICAL CENTER - LUM CA,100 WOODS RD,VALHALLA,NY,MEDASSETS,07/09/2024,2325950774,974,0.1,CS,22.0,0.0
,,R705T1,4KV1,OKLAHOMA ER AND HOSPITAL,15103 N PENNSYLVANIA AVE,EDMOND,OK,MEDASSETS,07/02/2024,2326017226,649,1.0,CS,155.09,0.0
,,R705T2,LCAC,UNIV CINCINNATI-WESTCHESTER (LUM),7700 UNIVERSITY DR,WEST CHESTER,OH,MEDASSETS,07/08/2024,2325999715,974,0.4,CS,86.28,0.0
,,R705T1,S410,HENRY HEYWOOD MEMORIAL HOSPITAL,242 GREEN ST,GARDNER,MA,MEDASSETS,07/08/2024,2326013196,645,0.1,CS,14.49,0.0
,,R705T2,LCAC,UNIV CINCINNATI-WESTCHESTER (LUM),7700 UNIVERSITY DR,WEST CHESTER,OH,MEDASSETS,07/08/2024,2325999728,974,0.5,CS,107.85,0.0
,,R705T1,Q7QB,WMC - LUM ON PALLETS,100 WOODS RD,VALHALLA,NY,MEDASSETS,07/08/2024,2326011642,974,2.0,CS,440.02,0.0
,,R705T2,Q358,PROMEDICA MONROE REGIONAL (LUM),718 N MACOMB ST,MONROE,MI,MEDASSETS,07/08/2024,2326032097,648,0.2,CS,30.4,0.0
,,R705T1,X75V,PANOLA MEDICAL CENTER,303 MEDICAL CENTER DR,BATESVILLE,MS,MEDASSETS,07/08/2024,2326020535,648,0.3,CS,46.5,0.0
,,R705T2,Q641,PROMEDICA FLOWER HOSPITAL (LUM),5200 HARROUN RD,SYLVANIA,OH,MEDASSETS,07/09/2024,2326030919,957,0.8,CS,100.56,0.0
,,R705T1,RE2G,METROPOLITAN GOVERNMENT OF,1818 ALBION ST,NASHVILLE,TN,MEDASSETS,07/08/2024,2326027357,648,1.0,CS,155.04,0.0
,,R705T2,KPN9,GRADY HEALTH SYSTEM LUM CARTS,80 JESSE HILL JR DR SE,ATLANTA,GA,MEDASSETS,07/08/2024,2326049610,648,0.4,CS,60.8,0.0
,,R705T1,JC6V,WESTCHESTER COUNTY MEDICAL CTR,100 WOODS RD,VALHALLA,NY,MEDASSETS,06/21/2024,2326068190,974,1.0,CS,220.01,0.0
,,R705T2,DT9K,UNIVERSITY OF CINCINNATI - UCMC,331 ALBERT SABIN WAY,CINCINNATI,OH,MEDASSETS,06/14/2024,2326075618,974,2.0,CS,431.4,0.0
,,R705T1,JC6V,WESTCHESTER COUNTY MEDICAL CTR,100 WOODS RD,VALHALLA,NY,MEDASSETS,06/19/2024,2326068192,974,1.0,CS,220.01,0.0
,,R705T1,5LRQ,AKRON CHILDRENS HOSPITAL,1 PERKINS SQ,AKRON,OH,MEDASSETS,07/08/2024,2326084528,646,2.0,CS,252.76,0.0
,,R705T1,KOGP,REDLANDS COMMUNITY HOSPITAL (BULK),350 TERRACINA BLVD,REDLANDS,CA,MEDASSETS,07/10/2024,2326162999,646,1.0,CS,126.38,0.0
,,R705T1,P035,FORREST COUNTY GENERAL HOSPITAL,6051 U S HIGHWAY 49,HATTIESBURG,MS,MEDASSETS,07/10/2024,2326164885,956,1.0,CS,158.0,0.0
,,R705T1,HFNW,CHILDRENS NATIONAL HOSPITAL(LUM),111 MICHIGAN AVE NW,WASHINGTON,DC,MEDASSETS,07/08/2024,2326087723,646,0.5,CS,63.2,0.0
,,R705T1,5LRQ,AKRON CHILDRENS HOSPITAL,1 PERKINS SQ,AKRON,OH,MEDASSETS,07/08/2024,2326084529,646,1.0,CS,126.38,0.0
,,R705T1,XU8I,UNIV OF KANSAS HS-CAMBRIDGE DOCK,3801 EATON ST,KANSAS CITY,KS,MEDASSETS,07/10/2024,2326158192,956,2.0,CS,316.0,0.0
,,R705T1,ECHZ,WILSON MEMORIAL HOSPITAL (LUM),33-57 HARRISON ST,JOHNSON CITY,NY,MEDASSETS,07/09/2024,2326191723,648,1.0,CS,155.0,0.0
,,R705T1,JBCP,TAMPA GENERAL HOSPITAL-SPD,1 TAMPA GENERAL CIR,TAMPA,FL,MEDASSETS,07/10/2024,2326208273,656,1.0,CS,139.9,0.0
,,R705T1,R998,SILVER CROSS HOSPITAL,1900 SILVER CROSS BLVD,NEW LENOX,IL,MEDASSETS,07/09/2024,2326169784,648,1.0,CS,155.04,0.0
,,R705T1,ECHZ,WILSON MEMORIAL HOSPITAL (LUM),33-57 HARRISON ST,JOHNSON CITY,NY,MEDASSETS,07/09/2024,2326189473,648,0.4,CS,62.04,0.0
,,R705T1,HFNW,CHILDRENS NATIONAL HOSPITAL(LUM),111 MICHIGAN AVE NW,WASHINGTON,DC,MEDASSETS,07/09/2024,2326226164,648,0.4,CS,62.04,0.0
,,R705T2,DT9K,UNIVERSITY OF CINCINNATI - UCMC,331 ALBERT SABIN WAY,CINCINNATI,OH,MEDASSETS,06/21/2024,2326223804,974,1.0,CS,215.7,0.0
,,R705T2,DT9K,UNIVERSITY OF CINCINNATI - UCMC,331 ALBERT SABIN WAY,CINCINNATI,OH,MEDASSETS,06/24/2024,2326223806,974,1.0,CS,215.7,0.0
,,R705T2,LCAC,UNIV CINCINNATI-WESTCHESTER,7700 UNIVERSITY DR,WEST CHESTER,OH,MEDASSETS,07/09/2024,2326223826,656,2.0,CS,274.3,0.0
,,R705T1,WGKR,MGB - SALEM HOSPITAL (LUM),81 HIGHLAND AVE,SALEM,MA,MEDASSETS,07/09/2024,2326233249,646,0.2,CS,25.28,0.0
,,R705T2,RBBA,PROMEDICA TOLEDO HOSPITAL (LUM),2142 N COVE BLVD,TOLEDO,OH,MEDASSETS,07/09/2024,2326236309,946,0.3,CS,47.22,0.0
,,R705T1,YSKM,COREWELL HEALTH BEAUMONT GROSSE POI,468 CADIEUX RD,GROSSE POINTE,MI,MEDASSETS,05/09/2024,2326215259,974,1.0,CS,220.01,0.0
,,R705T1,HDIH,THE UNIVERSITY OF TEXAS SW MEDICAL,6201 HARRY HINES BLVD,DALLAS,TX,MEDASSETS,07/10/2024,2326216339,648,1.0,CS,155.04,0.0
,,R705T1,HFNW,CHILDRENS NATIONAL HOSPITAL(BULK),111 MICHIGAN AVE NW,WASHINGTON,DC,MEDASSETS,07/09/2024,2326211768,646,1.0,CS,126.38,0.0
,,R705T2,LCAC,UNIV CINCINNATI-WESTCHESTER,7700 UNIVERSITY DR,WEST CHESTER,OH,MEDASSETS,07/09/2024,2326223826,974,2.0,CS,431.4,0.0
,,R705T2,LCAC,UNIV CINCINNATI-WESTCHESTER,7700 UNIVERSITY DR,WEST CHESTER,OH,MEDASSETS,07/01/2024,2326223832,974,2.0,CS,431.4,0.0
,,R705T1,S156,RUSH COPLEY MEDICAL CENTER,2000 OGDEN AVE,AURORA,IL,MEDASSETS,07/09/2024,2326210845,957,1.0,CS,128.21,0.0
,,R705T1,CVBH,ANN AND ROBERT H LURIE CHILDRENS,200 E SUPERIOR ST,CHICAGO,IL,MEDASSETS,07/08/2024,2326219407,648,0.5,CS,77.5,0.0
,,R705T1,HFNW,CHILDRENS NATIONAL HOSPITAL(LUM),111 MICHIGAN AVE NW,WASHINGTON,DC,MEDASSETS,07/09/2024,2326226164,646,0.5,CS,63.2,0.0
,,R705T2,DT9K,UNIVERSITY OF CINCINNATI - UCMC,331 ALBERT SABIN WAY,CINCINNATI,OH,MEDASSETS,06/21/2024,2326223805,974,1.0,CS,215.7,0.0
,,R705T2,Q358,PROMEDICA MONROE REGIONAL (LUM),718 N MACOMB ST,MONROE,MI,MEDASSETS,07/09/2024,2326239681,648,0.1,CS,15.2,0.0
,,R705T2,6RYB,PROMEDICA CHARLES & VIRG HICK (LUM),5640 N ADRIAN HWY,ADRIAN,MI,MEDASSETS,07/09/2024,2326242610,957,0.2,CS,25.14,0.0
,,R705T1,X917,COREWELL HEALTH FARMINGTON HILLS HO,28050 GRAND RIVER AVE,FARMINGTON HILLS,MI,MEDASSETS,07/08/2024,2326255578,656,1.0,CS,139.89,0.0
,,R705T2,Q542,MIAMI VALLEY HOSPITAL,1 WYOMING ST,DAYTON,OH,MEDASSETS,07/10/2024,2326265073,656,2.0,CS,274.3,0.0
,,R705T1,MKSO,BELLIN MEMORIAL HOSPITAL INC,905 CASS ST,GREEN BAY,WI,MEDASSETS,07/10/2024,2326237730,648,1.0,CS,155.04,0.0
,,R705T2,XNYW,PROMEDICA COLDWATER REGIONAL (LUM),274 E CHICAGO ST,COLDWATER,MI,MEDASSETS,07/09/2024,2326237928,946,0.4,CS,62.96,0.0
,,R705T2,6RYB,PROMEDICA CHARLES & VIRG HICK (LUM),5640 N ADRIAN HWY,ADRIAN,MI,MEDASSETS,07/10/2024,2326242678,957,0.2,CS,25.14,0.0
,,R705T2,W479,UPPER VALLEY MEDICAL CENTER,3130 N COUNTY ROAD 25A,TROY,OH,MEDASSETS,07/08/2024,2326252589,957,3.0,CS,377.1,0.0
,,R705T2,SUBS,UNIV CINCINNATI-BCW,3200 BURNET AVE,CINCINNATI,OH,MEDASSETS,06/17/2024,2326274661,974,3.0,CS,647.0999999999999,0.0
,,R705T2,R152,UNIVERSITY OF ROCHESTER/STRONG (BUL,601 ELMWOOD AVE,ROCHESTER,NY,MEDASSETS,07/10/2024,2326281206,648,0.4,CS,60.8,0.0
,,R705T2,SUBS,UNIV CINCINNATI-BCW,3200 BURNET AVE,CINCINNATI,OH,MEDASSETS,06/07/2024,2326274660,974,4.0,CS,862.8,0.0
,,R705T2,ECFX,UNIVERSITY OF ROCHESTER/STRONG (LUM,601 ELMWOOD AVE,ROCHESTER,NY,MEDASSETS,07/09/2024,2326285043,645,0.6,CS,85.26,0.0
,,R705T1,KWOM,COREWELL HEALTH DEARBORN HOSPITAL,18101 OAKWOOD BLVD,DEARBORN,MI,MEDASSETS,05/15/2024,2326288217,974,1.0,CS,220.01,0.0
,,R705T2,R152,UNIVERSITY OF ROCHESTER/STRONG (BUL,601 ELMWOOD AVE,ROCHESTER,NY,MEDASSETS,07/10/2024,2326280677,648,0.8,CS,121.6,0.0
,,R705T1,VZK4,MT HOOD MEDICAL CENTER,24800 SE STARK ST,GRESHAM,OR,MEDASSETS,07/09/2024,2326290235,648,1.0,CS,155.04,0.0
,,R705T2,ECFX,UNIVERSITY OF ROCHESTER/STRONG (LUM,601 ELMWOOD AVE,ROCHESTER,NY,MEDASSETS,07/10/2024,2326403705,645,0.1,CS,14.21,0.0
,,R705T2,ECFX,UNIVERSITY OF ROCHESTER/STRONG (LUM,601 ELMWOOD AVE,ROCHESTER,NY,MEDASSETS,07/10/2024,2326400902,646,0.6,CS,74.34,0.0
,,R705T2,ECFX,UNIVERSITY OF ROCHESTER/STRONG (LUM,601 ELMWOOD AVE,ROCHESTER,NY,MEDASSETS,07/10/2024,2326400902,648,0.5,CS,76.0,0.0
,,R705T2,ECFX,UNIVERSITY OF ROCHESTER/STRONG (LUM,601 ELMWOOD AVE,ROCHESTER,NY,MEDASSETS,07/10/2024,2326400999,645,0.1,CS,14.21,0.0
,,R705T1,R192,CHENANGO MEMORIAL HOSPITAL,179 N BROAD ST,NORWICH,NY,MEDASSETS,07/08/2024,2326419612,648,1.0,CS,155.0,0.0
,,R705T2,ECFX,UNIVERSITY OF ROCHESTER/STRONG (LUM,601 ELMWOOD AVE,ROCHESTER,NY,MEDASSETS,07/10/2024,2326400999,646,0.1,CS,12.39,0.0
,,R705T2,KPN9,GRADY HEALTH SYSTEM LUM CARTS,80 JESSE HILL JR DR SE,ATLANTA,GA,MEDASSETS,07/10/2024,2326440071,648,0.6,CS,91.19999999999999,0.0
,,R705T1,U5DE,ST PETERS HOSPITAL,2475 E BROADWAY ST,HELENA,MT,MEDASSETS,06/24/2024,2326424945,974,2.0,CS,440.02,0.0
,,R705T1,ECHZ,WILSON MEMORIAL HOSPITAL (LUM),33-57 HARRISON ST,JOHNSON CITY,NY,MEDASSETS,07/10/2024,2326420276,646,0.3,CS,37.92,0.0
,,R705T1,S410,HENRY HEYWOOD MEMORIAL HOSPITAL,242 GREEN ST,GARDNER,MA,MEDASSETS,07/11/2024,2326454507,645,0.1,CS,14.49,0.0
,,R705T1,HDIH,THE UNIVERSITY OF TEXAS SW MEDICAL,6201 HARRY HINES BLVD,DALLAS,TX,MEDASSETS,07/11/2024,2326461829,648,1.0,CS,155.04,0.0
,,R705T1,HFNW,CHILDRENS NATIONAL HOSPITAL(LUM),111 MICHIGAN AVE NW,WASHINGTON,DC,MEDASSETS,07/10/2024,2326492310,648,0.5,CS,77.5,0.0
,,R705T1,HFNW,CHILDRENS NATIONAL HOSPITAL(LUM),111 MICHIGAN AVE NW,WASHINGTON,DC,MEDASSETS,07/10/2024,2326493402,648,0.4,CS,62.04,0.0
,,R705T2,R152,UNIVERSITY OF ROCHESTER/STRONG (BUL,601 ELMWOOD AVE,ROCHESTER,NY,MEDASSETS,07/10/2024,2326510579,645,0.4,CS,56.84,0.0
,,R705T1,BAIR,WESTCHESTER MEDICAL CENTER - LUM CA,100 WOODS RD,VALHALLA,NY,MEDASSETS,07/11/2024,2326505807,974,0.1,CS,22.0,0.0
,,R705T2,R152,UNIVERSITY OF ROCHESTER/STRONG (BUL,601 ELMWOOD AVE,ROCHESTER,NY,MEDASSETS,07/11/2024,2326513419,648,1.0,CS,152.0,0.0
,,R705T1,HFNW,CHILDRENS NATIONAL HOSPITAL(LUM),111 MICHIGAN AVE NW,WASHINGTON,DC,MEDASSETS,07/11/2024,2326610789,645,0.8,CS,115.92,0.0
,,R705T1,Q371,COREWELL HEALTH NILES HOSPITAL,31 N SAINT JOSEPH AVE,NILES,MI,MEDASSETS,06/06/2024,2326607776,974,1.0,CS,220.01,0.0
,,R705T1,BAIR,WESTCHESTER MEDICAL CENTER - LUM CA,100 WOODS RD,VALHALLA,NY,MEDASSETS,07/11/2024,2326531486,974,0.2,CS,44.0,0.0
,,R705T1,Q0WK,KENT COUNTY MEMORIAL HOSPITAL,455 TOLL GATE RD,WARWICK,RI,MEDASSETS,07/12/2024,2326617073,648,1.0,CS,155.0,0.0
,,R705T2,ECFX,UNIVERSITY OF ROCHESTER/STRONG (LUM,601 ELMWOOD AVE,ROCHESTER,NY,MEDASSETS,07/12/2024,2326616997,648,0.4,CS,60.8,0.0
,,R705T1,KCBL,SILVER CROSS HOSP AMBULATORY CARE C,12701 W 143RD ST STE 100,HOMER GLEN,IL,MEDASSETS,07/11/2024,2326617781,648,0.1,CS,15.5,0.0
,,R705T2,LCAC,UNIV CINCINNATI-WESTCHESTER (LUM),7700 UNIVERSITY DR,WEST CHESTER,OH,MEDASSETS,07/11/2024,2326649106,974,1.0,CS,215.7,0.0
,,R705T2,RBBA,PROMEDICA TOLEDO HOSPITAL (LUM),2142 N COVE BLVD,TOLEDO,OH,MEDASSETS,07/10/2024,2326687629,946,0.4,CS,62.96,0.0
,,R705T2,RBBA,PROMEDICA TOLEDO HOSPITAL (LUM),2142 N COVE BLVD,TOLEDO,OH,MEDASSETS,07/11/2024,2326689065,946,0.3,CS,47.22,0.0
,,R705T2,SUBS,UNIV CINCINNATI-BCW,3200 BURNET AVE,CINCINNATI,OH,MEDASSETS,07/11/2024,2326722776,656,2.0,CS,274.3,0.0
,,R705T1,6D93,UMUC AT ABERDEEN,660 MCHENRY RD,ABERDEEN,MD,MEDASSETS,07/07/2024,2326728573,946,0.3,CS,48.150000000000006,0.0
,,R705T1,R487,UM SHORE MED CENTER EASTON (BULK),219 S WASHINGTON ST,EASTON,MD,MEDASSETS,07/08/2024,2326725040,946,1.0,CS,160.5,0.0
,,R705T1,RQL9,EMANUEL HOSPITAL,2801 N GANTENBEIN AVE,PORTLAND,OR,MEDASSETS,07/11/2024,2326738783,648,2.0,CS,310.08,0.0
,,R705T1,J55T,MERIDIAN PARK HOSPITAL,19300 SW 65TH AVE,TUALATIN,OR,MEDASSETS,07/11/2024,2326739547,648,1.0,CS,155.04,0.0
,,R705T2,R152,UNIVERSITY OF ROCHESTER/STRONG (BUL,601 ELMWOOD AVE,ROCHESTER,NY,MEDASSETS,07/13/2024,2326778093,656,1.0,CS,137.15,0.0
,,R705T1,R487,UM SHORE MED CENTER EASTON (BULK),219 S WASHINGTON ST,EASTON,MD,MEDASSETS,07/10/2024,2326826659,656,1.0,CS,139.89,0.0
,,R705T1,BAIR,WESTCHESTER MEDICAL CENTER - LUM CA,100 WOODS RD,VALHALLA,NY,MEDASSETS,07/14/2024,2326848651,974,0.2,CS,44.0,0.0
,,R705T1,BAIR,WESTCHESTER MEDICAL CENTER - LUM CA,100 WOODS RD,VALHALLA,NY,MEDASSETS,07/14/2024,2326844862,974,0.1,CS,22.0,0.0
,,R705T2,6RYB,PROMEDICA CHARLES & VIRG HICK (LUM),5640 N ADRIAN HWY,ADRIAN,MI,MEDASSETS,07/12/2024,2326858272,957,0.2,CS,25.14,0.0
,,R705T2,KPN9,GRADY HEALTH SYSTEM LUM CARTS,80 JESSE HILL JR DR SE,ATLANTA,GA,MEDASSETS,07/12/2024,2326842731,648,0.2,CS,30.4,0.0
,,R705T1,JZ5Z,CHS-GOOD SAMARITAN HOSPITAL / A90,1000 MONTAUK HWY,WEST ISLIP,NY,MEDASSETS,07/15/2024,2326956676,648,1.0,CS,155.04,0.0
,,R705T2,R152,UNIVERSITY OF ROCHESTER/STRONG (BUL,601 ELMWOOD AVE,ROCHESTER,NY,MEDASSETS,07/14/2024,2327002651,648,0.6,CS,91.19999999999999,0.0
,,R705T1,S186,KENT - LUM ON UBOAT (LUM),455 TOLL GATE RD,WARWICK,RI,MEDASSETS,07/16/2024,2327066128,648,0.5,CS,77.5,0.0
,,R705T1,XU8I,UNIV OF KANSAS HS-CAMBRIDGE DOCK,3801 EATON ST,KANSAS CITY,KS,MEDASSETS,07/15/2024,2327020644,956,1.0,CS,158.0,0.0
,,R705T2,RBBA,PROMEDICA TOLEDO HOSPITAL (LUM),2142 N COVE BLVD,TOLEDO,OH,MEDASSETS,07/14/2024,2327022031,946,0.2,CS,31.48,0.0
,,R705T1,HDIH,THE UNIVERSITY OF TEXAS SW MEDICAL,6201 HARRY HINES BLVD,DALLAS,TX,MEDASSETS,07/15/2024,2327016280,648,3.0,CS,465.12,0.0
,,R705T1,WZ0G,MEMORIAL HOSPITAL OF SWEETWATER,1200 COLLEGE DR,ROCK SPRINGS,WY,MEDASSETS,07/01/2024,2327102864,645,1.0,CS,144.94,0.0
,,R705T1,WZ0G,MEMORIAL HOSPITAL OF SWEETWATER,1200 COLLEGE DR,ROCK SPRINGS,WY,MEDASSETS,07/01/2024,2327102864,645,1.0,CS,144.94,0.0
,,R705T1,BADO,YAVAPAI REG MEDICAL CTR- EAST,7700 E FLORENTINE RD,PRESCOTT VALLEY,AZ,MEDASSETS,07/15/2024,2327084173,649B,1.0,CS,139.94,0.0
,,R705T2,RBBA,PROMEDICA TOLEDO HOSPITAL,2142 N COVE BLVD,TOLEDO,OH,MEDASSETS,07/15/2024,2327098212,956,1.0,CS,154.9,0.0
,,R705T1,X917,COREWELL HEALTH FARMINGTON HILLS HO,28050 GRAND RIVER AVE,FARMINGTON HILLS,MI,MEDASSETS,07/15/2024,2327108628,656,1.0,CS,139.89,0.0
,,R705T2,Q555,PROMEDICA MEMORIAL HOSPITAL (LUM),715 S TAFT AVE,FREMONT,OH,MEDASSETS,07/16/2024,2327117402,946,0.1,CS,15.74,0.0
,,R705T2,Q555,PROMEDICA MEMORIAL HOSPITAL (LUM),715 S TAFT AVE,FREMONT,OH,MEDASSETS,07/16/2024,2327117402,648,0.2,CS,30.4,0.0
,,R705T2,WEZO,PMR WILDWOOD,2865 N REYNOLDS RD STE 170,TOLEDO,OH,MEDASSETS,07/10/2024,2327132128,957,10.0,CS,1257.0,0.0
,,R705T1,RQL9,EMANUEL HOSPITAL,2801 N GANTENBEIN AVE,PORTLAND,OR,MEDASSETS,07/16/2024,2327127161,646,2.0,CS,252.76,0.0
,,R705T2,WEZO,PMR WILDWOOD,2865 N REYNOLDS RD STE 170,TOLEDO,OH,MEDASSETS,07/16/2024,2327132129,957,6.0,CS,754.2,0.0
,,R705T2,LCAC,UNIV CINCINNATI-WESTCHESTER (LUM),7700 UNIVERSITY DR,WEST CHESTER,OH,MEDASSETS,07/15/2024,2327173574,974,0.2,CS,43.14,0.0
,,R705T1,W5ZF,VANDERBILT IMAGING (BULK),2000 RICHARD JONES RD STE 270,NASHVILLE,TN,MEDASSETS,07/11/2024,2327179277,656,1.0,CS,139.89,0.0
,,R705T1,IG83,JACKSON HOSPITAL AND CLINIC (BULK),1725 PINE ST,MONTGOMERY,AL,MEDASSETS,07/16/2024,2327251406,957,1.0,CS,128.21,0.0
,,R705T1,JY7Z,LEGACY SALMON CREEK HOSPITAL,2211 NE 139TH ST,VANCOUVER,WA,MEDASSETS,07/16/2024,2327264854,648,2.0,CS,310.08,0.0
,,R705T1,HDIH,THE UNIVERSITY OF TEXAS SW MEDICAL,6201 HARRY HINES BLVD,DALLAS,TX,MEDASSETS,07/17/2024,2327303775,956,2.0,CS,316.0,0.0
,,R705T1,X917,COREWELL HEALTH FARMINGTON HILLS HO,28050 GRAND RIVER AVE,FARMINGTON HILLS,MI,MEDASSETS,07/15/2024,2327306262,656,1.0,CS,139.89,0.0
,,R705T1,X917,COREWELL HEALTH FARMINGTON HILLS HO,28050 GRAND RIVER AVE,FARMINGTON HILLS,MI,MEDASSETS,07/16/2024,2327306276,656,1.0,CS,139.89,0.0
,,R705T1,Q7QB,WMC - LUM ON PALLETS,100 WOODS RD,VALHALLA,NY,MEDASSETS,07/16/2024,2327323563,974,1.0,CS,220.01,0.0
,,R705T2,KPN9,GRADY HEALTH SYSTEM LUM CARTS,80 JESSE HILL JR DR SE,ATLANTA,GA,MEDASSETS,07/16/2024,2327354007,646,0.1,CS,12.39,0.0
,,R705T2,KPN9,GRADY HEALTH SYSTEM LUM CARTS,80 JESSE HILL JR DR SE,ATLANTA,GA,MEDASSETS,07/16/2024,2327354013,648,0.4,CS,60.8,0.0
,,R705T2,KPN9,GRADY HEALTH SYSTEM LUM CARTS,80 JESSE HILL JR DR SE,ATLANTA,GA,MEDASSETS,07/16/2024,2327354021,648,0.2,CS,30.4,0.0
,,R705T2,KPN9,GRADY HEALTH SYSTEM LUM CARTS,80 JESSE HILL JR DR SE,ATLANTA,GA,MEDASSETS,07/16/2024,2327354025,646,0.1,CS,12.39,0.0
,,R705T1,WV5Q,ALLY MEDICAL EMERGENCY ROOM BASTROP,512 HIGHWAY 71 W,BASTROP,TX,MEDASSETS,07/17/2024,2327377000,648,0.2,CS,31.0,0.0
,,R705T2,Q358,PROMEDICA MONROE REGIONAL (LUM),718 N MACOMB ST,MONROE,MI,MEDASSETS,07/16/2024,2327367510,648,0.2,CS,30.4,0.0
,,R705T2,ECFX,UNIVERSITY OF ROCHESTER/STRONG (LUM,601 ELMWOOD AVE,ROCHESTER,NY,MEDASSETS,07/16/2024,2327363740,645,0.1,CS,14.21,0.0
,,R705T2,ECFX,UNIVERSITY OF ROCHESTER/STRONG (LUM,601 ELMWOOD AVE,ROCHESTER,NY,MEDASSETS,07/17/2024,2327374220,648,0.4,CS,60.8,0.0
,,R705T2,RBBA,PROMEDICA TOLEDO HOSPITAL (LUM),2142 N COVE BLVD,TOLEDO,OH,MEDASSETS,07/16/2024,2327357617,957,0.3,CS,37.71,0.0
,,R705T2,RBBA,PROMEDICA TOLEDO HOSPITAL (LUM),2142 N COVE BLVD,TOLEDO,OH,MEDASSETS,07/16/2024,2327357692,946,0.2,CS,31.48,0.0
,,R705T2,ECFX,UNIVERSITY OF ROCHESTER/STRONG (LUM,601 ELMWOOD AVE,ROCHESTER,NY,MEDASSETS,07/16/2024,2327363740,646,0.1,CS,12.39,0.0
,,R705T2,ECFX,UNIVERSITY OF ROCHESTER/STRONG (LUM,601 ELMWOOD AVE,ROCHESTER,NY,MEDASSETS,07/16/2024,2327363759,646,0.1,CS,12.39,0.0
,,R705T1,WV5Q,ALLY MEDICAL EMERGENCY ROOM BASTROP,512 HIGHWAY 71 W,BASTROP,TX,MEDASSETS,07/17/2024,2327377000,646,0.1,CS,12.64,0.0
,,R705T2,6RYB,PROMEDICA CHARLES & VIRG HICK (LUM),5640 N ADRIAN HWY,ADRIAN,MI,MEDASSETS,07/16/2024,2327367581,957,0.2,CS,25.14,0.0
,,R705T1,VXE3,JOHNS HOPKINS ALL CHILDRENS HOSPITA,501 6TH AVE S,SAINT PETERSBURG,FL,MEDASSETS,07/18/2024,2327450522,645,1.0,CS,144.94,0.0
,,R705T1,BAIR,WESTCHESTER MEDICAL CENTER - LUM CA,100 WOODS RD,VALHALLA,NY,MEDASSETS,07/16/2024,2327390927,974,0.1,CS,22.0,0.0
,,R705T1,BAIR,WESTCHESTER MEDICAL CENTER - LUM CA,100 WOODS RD,VALHALLA,NY,MEDASSETS,07/16/2024,2327390941,974,0.2,CS,44.0,0.0
,,R705T1,BAIR,WESTCHESTER MEDICAL CENTER - LUM CA,100 WOODS RD,VALHALLA,NY,MEDASSETS,07/17/2024,2327392280,974,0.1,CS,22.0,0.0
,,R705T1,R192,CHENANGO MEMORIAL HOSPITAL,179 N BROAD ST,NORWICH,NY,MEDASSETS,07/16/2024,2327485491,646,0.1,CS,12.64,0.0
,,R705T1,R192,CHENANGO MEMORIAL HOSPITAL,179 N BROAD ST,NORWICH,NY,MEDASSETS,07/16/2024,2327485491,648,0.2,CS,31.02,0.0
,,R705T1,R192,CHENANGO MEMORIAL HOSPITAL,179 N BROAD ST,NORWICH,NY,MEDASSETS,07/17/2024,2327485495,648,1.0,CS,155.0,0.0
,,R705T2,RBBA,PROMEDICA TOLEDO HOSPITAL (LUM),2142 N COVE BLVD,TOLEDO,OH,MEDASSETS,07/17/2024,2327514476,946,0.2,CS,31.48,0.0
,,R705T1,JBCP,TAMPA GENERAL HOSPITAL-SPD,1 TAMPA GENERAL CIR,TAMPA,FL,MEDASSETS,07/16/2024,2327530036,656,0.9,CS,125.91,0.0
,,R705T1,CVBH,ANN AND ROBERT H LURIE CHILDRENS,200 E SUPERIOR ST,CHICAGO,IL,MEDASSETS,07/17/2024,2327541739,648,0.5,CS,77.5,0.0
,,R705T1,P550,AHMC ANAHEIM REGIONAL MEDICAL CTR,1111 W LA PALMA AVE,ANAHEIM,CA,MEDASSETS,07/17/2024,2327537612,646,1.0,CS,126.38,0.0
,,R705T1,X917,COREWELL HEALTH FARMINGTON HILLS HO,28050 GRAND RIVER AVE,FARMINGTON HILLS,MI,MEDASSETS,07/16/2024,2327563465,656,1.0,CS,139.89,0.0
,,R705T1,HFNW,CHILDRENS NATIONAL HOSPITAL(LUM),111 MICHIGAN AVE NW,WASHINGTON,DC,MEDASSETS,07/17/2024,2327548246,648,0.4,CS,62.04,0.0
,,R705T2,ECFX,UNIVERSITY OF ROCHESTER/STRONG (LUM,601 ELMWOOD AVE,ROCHESTER,NY,MEDASSETS,07/17/2024,2327555081,646,0.4,CS,49.56,0.0
,,R705T1,WGKR,MGB - SALEM HOSPITAL (LUM),81 HIGHLAND AVE,SALEM,MA,MEDASSETS,07/17/2024,2327541132,646,0.1,CS,12.64,0.0
,,R705T2,DT9K,UNIVERSITY OF CINCINNATI - UCMC,331 ALBERT SABIN WAY,CINCINNATI,OH,MEDASSETS,07/17/2024,2327566971,946,3.0,CS,472.04999999999995,0.0
,,R705T2,R152,UNIVERSITY OF ROCHESTER/STRONG (BUL,601 ELMWOOD AVE,ROCHESTER,NY,MEDASSETS,07/17/2024,2327582759,648,0.1,CS,15.2,0.0
,,R705T2,R158,HIGHLAND HOSPITAL-ROCHESTER (LUM),1000 SOUTH AVE,ROCHESTER,NY,MEDASSETS,07/16/2024,2327587612,648,0.4,CS,60.8,0.0
,,R705T1,BAIR,WESTCHESTER MEDICAL CENTER - LUM CA,100 WOODS RD,VALHALLA,NY,MEDASSETS,07/18/2024,2327593683,974,0.1,CS,22.0,0.0
,,R705T2,R152,UNIVERSITY OF ROCHESTER/STRONG (BUL,601 ELMWOOD AVE,ROCHESTER,NY,MEDASSETS,07/18/2024,2327586010,648,1.0,CS,152.0,0.0
,,R705T1,P281,NORTHEAST ALABAMA MEDICAL CENTER,400 E 10TH ST,ANNISTON,AL,MEDASSETS,07/19/2024,2327627839,648,1.0,CS,155.0,0.0
,,R705T1,S780,ENGLEWOOD HOSPITAL,350 ENGLE ST,ENGLEWOOD,NJ,MEDASSETS,07/17/2024,2327641488,645,1.0,CS,144.94,0.0
,,R705T2,Q641,PROMEDICA FLOWER HOSPITAL (LUM),5200 HARROUN RD,SYLVANIA,OH,MEDASSETS,07/18/2024,2327653974,957,0.4,CS,50.28,0.0
,,R705T1,S169,GRACE COTTAGE HOSPITAL,185 GRAFTON RD,TOWNSHEND,VT,MEDASSETS,07/18/2024,2327670920,648,0.3,CS,46.5,0.0
,,R705T2,6RYB,PROMEDICA CHARLES & VIRG HICK (LUM),5640 N ADRIAN HWY,ADRIAN,MI,MEDASSETS,07/18/2024,2327659603,957,0.1,CS,12.57,0.0
,,R705T1,HFNW,CHILDRENS NATIONAL HOSPITAL(LUM),111 MICHIGAN AVE NW,WASHINGTON,DC,MEDASSETS,07/18/2024,2327658378,645,0.3,CS,43.47,0.0
,,R705T2,ECFX,UNIVERSITY OF ROCHESTER/STRONG (LUM,601 ELMWOOD AVE,ROCHESTER,NY,MEDASSETS,07/19/2024,2327660016,648,0.2,CS,30.4,0.0
,,R705T1,MKSO,BELLIN MEMORIAL HOSPITAL INC,905 CASS ST,GREEN BAY,WI,MEDASSETS,07/19/2024,2327701819,646,1.0,CS,126.38,0.0
,,R705T1,BAIR,WESTCHESTER MEDICAL CENTER - LUM CA,100 WOODS RD,VALHALLA,NY,MEDASSETS,07/18/2024,2327697403,946,0.2,CS,32.1,0.0
,,R705T2,DT9K,UNIVERSITY OF CINCINNATI - UCMC,331 ALBERT SABIN WAY,CINCINNATI,OH,MEDASSETS,07/18/2024,2327682601,974,1.0,CS,215.7,0.0
,,R705T1,HHNU,CHILDRENS HOSPITAL OF WISCONSIN,6740 W WASHINGTON ST,WEST ALLIS,WI,MEDASSETS,07/18/2024,2327705850,649,2.0,CS,310.18,0.0
,,R705T1,ZNJ2,ROGER WILLIAMS MEDICAL CENTER,825 CHALKSTONE AVE,PROVIDENCE,RI,MEDASSETS,07/18/2024,2327715107,648,1.0,CS,155.04,0.0
,,R705T1,W5ZF,VANDERBILT IMAGING (BULK),2000 RICHARD JONES RD STE 270,NASHVILLE,TN,MEDASSETS,07/19/2024,2327730707,656,1.0,CS,139.89,0.0
,,R705T1,BAIR,WESTCHESTER MEDICAL CENTER - LUM CA,100 WOODS RD,VALHALLA,NY,MEDASSETS,07/19/2024,2327810998,974,0.1,CS,22.0,0.0
,,R705T2,LCAC,UNIV CINCINNATI-WESTCHESTER (LUM),7700 UNIVERSITY DR,WEST CHESTER,OH,MEDASSETS,07/19/2024,2327817389,974,0.2,CS,43.14,0.0
,,R705T2,RBBA,PROMEDICA TOLEDO HOSPITAL (LUM),2142 N COVE BLVD,TOLEDO,OH,MEDASSETS,07/21/2024,2327820615,957,0.6,CS,75.42,0.0
,,R705T1,BAIR,WESTCHESTER MEDICAL CENTER - LUM CA,100 WOODS RD,VALHALLA,NY,MEDASSETS,07/19/2024,2327818143,974,0.1,CS,22.0,0.0
,,R705T2,RBBA,PROMEDICA TOLEDO HOSPITAL (LUM),2142 N COVE BLVD,TOLEDO,OH,MEDASSETS,07/19/2024,2327816688,946,0.2,CS,31.48,0.0
,,R705T1,BAIR,WESTCHESTER MEDICAL CENTER - LUM CA,100 WOODS RD,VALHALLA,NY,MEDASSETS,07/21/2024,2327824749,946,0.3,CS,48.150000000000006,0.0
,,R705T1,BAIR,WESTCHESTER MEDICAL CENTER - LUM CA,100 WOODS RD,VALHALLA,NY,MEDASSETS,07/19/2024,2327818155,946,0.2,CS,32.1,0.0
,,R705T2,DT9K,UNIVERSITY OF CINCINNATI - UCMC,331 ALBERT SABIN WAY,CINCINNATI,OH,MEDASSETS,07/18/2024,2327825325,974,1.0,CS,215.7,0.0
,,R705T1,HFNW,CHILDRENS NATIONAL HOSPITAL(LUM),111 MICHIGAN AVE NW,WASHINGTON,DC,MEDASSETS,07/19/2024,2327835814,648,0.3,CS,46.5,0.0
,,R705T1,HFNW,CHILDRENS NATIONAL HOSPITAL(LUM),111 MICHIGAN AVE NW,WASHINGTON,DC,MEDASSETS,07/20/2024,2327835848,648,0.4,CS,62.04,0.0
,,R705T1,BAIR,WESTCHESTER MEDICAL CENTER - LUM CA,100 WOODS RD,VALHALLA,NY,MEDASSETS,07/22/2024,2327899589,974,0.1,CS,22.0,0.0
,,R705T1,BAIR,WESTCHESTER MEDICAL CENTER - LUM CA,100 WOODS RD,VALHALLA,NY,MEDASSETS,07/22/2024,2327899587,974,0.3,CS,66.0,0.0
,,R705T1,5LRQ,AKRON CHILDRENS HOSPITAL,1 PERKINS SQ,AKRON,OH,MEDASSETS,07/19/2024,2327916717,646,2.0,CS,252.76,0.0
,,R705T1,HDIH,THE UNIVERSITY OF TEXAS SW MEDICAL,6201 HARRY HINES BLVD,DALLAS,TX,MEDASSETS,07/19/2024,2327978576,648,1.0,CS,155.04,0.0
,,R705T1,HDIH,THE UNIVERSITY OF TEXAS SW MEDICAL,6201 HARRY HINES BLVD,DALLAS,TX,MEDASSETS,07/18/2024,2327978587,648,2.0,CS,310.08,0.0
,,R705T1,5K02,CURE 4 THE KIDS FOUNDATION,1 BREAKTHROUGH WAY STE 300,LAS VEGAS,NV,MEDASSETS,07/22/2024,2327967063,646,2.0,CS,252.76,0.0
,,R705T2,R152,UNIVERSITY OF ROCHESTER/STRONG (BUL,601 ELMWOOD AVE,ROCHESTER,NY,MEDASSETS,07/21/2024,2327974160,648,0.6,CS,91.19999999999999,0.0
,,R705T1,HDIH,THE UNIVERSITY OF TEXAS SW MEDICAL,6201 HARRY HINES BLVD,DALLAS,TX,MEDASSETS,07/22/2024,2327981851,648,2.0,CS,310.08,0.0
,,R705T2,KPN9,GRADY HEALTH SYSTEM LUM CARTS,80 JESSE HILL JR DR SE,ATLANTA,GA,MEDASSETS,07/22/2024,2327969084,648,1.0,CS,152.0,0.0
,,R705T1,KTLS,MURDOCH DEVELOPMENTAL CENTER,1600 E C ST,BUTNER,NC,MEDASSETS,06/25/2024,2328007403,648,-0.8,CS,-124.0,0.0
,,R705T1,HCIN,CENTRAL REGIONAL HOSPITAL,1003 12TH ST,BUTNER,NC,MEDASSETS,06/25/2024,2328007390,648,0.8,CS,124.0,0.0
,,R705T2,ECFX,UNIVERSITY OF ROCHESTER/STRONG (LUM,601 ELMWOOD AVE,ROCHESTER,NY,MEDASSETS,07/22/2024,2328085421,646,0.2,CS,24.78,0.0
,,R705T2,A5JD,NORTH MIAMI VALLEY HOSPITAL,9000 N MAIN ST,ENGLEWOOD,OH,MEDASSETS,07/22/2024,2328080457,956,1.0,CS,154.9,0.0
,,R705T2,R152,UNIVERSITY OF ROCHESTER/STRONG (BUL,601 ELMWOOD AVE,ROCHESTER,NY,MEDASSETS,07/22/2024,2328074596,656,1.0,CS,137.15,0.0
,,R705T2,ECFX,UNIVERSITY OF ROCHESTER/STRONG (LUM,601 ELMWOOD AVE,ROCHESTER,NY,MEDASSETS,07/23/2024,2328089560,648,0.2,CS,30.4,0.0
,,R705T1,ECHZ,WILSON MEMORIAL HOSPITAL (LUM),33-57 HARRISON ST,JOHNSON CITY,NY,MEDASSETS,07/22/2024,2328099510,648,0.1,CS,15.5,0.0
,,R705T1,S169,GRACE COTTAGE HOSPITAL,185 GRAFTON RD,TOWNSHEND,VT,MEDASSETS,07/22/2024,2328120600,648,0.2,CS,31.02,0.0
,,R705T2,ECFX,UNIVERSITY OF ROCHESTER/STRONG (LUM,601 ELMWOOD AVE,ROCHESTER,NY,MEDASSETS,07/22/2024,2328083636,648,0.2,CS,30.4,0.0
,,R705T1,ECHZ,WILSON MEMORIAL HOSPITAL,33-57 HARRISON ST,JOHNSON CITY,NY,MEDASSETS,07/22/2024,2328128567,648,0.5,CS,77.5,0.0
,,R705T2,WCV2,NICHOLAS H NOYES HOSPITAL,111 CLARA BARTON ST,DANSVILLE,NY,MEDASSETS,07/22/2024,2328126733,648,0.3,CS,45.599999999999994,0.0
,,R705T1,JBCP,TAMPA GENERAL HOSPITAL-SPD,1 TAMPA GENERAL CIR,TAMPA,FL,MEDASSETS,07/23/2024,2328150540,656,0.5,CS,69.95,0.0
,,R705T1,JKFF,NCH MD-HEALTHCARE SYSTEM,350 7TH ST N,NAPLES,FL,MEDASSETS,07/23/2024,2328133736,648,1.0,CS,155.04,0.0
,,R705T1,HFNW,CHILDRENS NATIONAL HOSPITAL(LUM),111 MICHIGAN AVE NW,WASHINGTON,DC,MEDASSETS,07/22/2024,2328165437,646,4.0,CS,505.6,0.0
,,R705T2,RBBA,PROMEDICA TOLEDO HOSPITAL (LUM),2142 N COVE BLVD,TOLEDO,OH,MEDASSETS,07/23/2024,2328179161,946,0.2,CS,31.48,0.0
,,R705T1,DYQE,GENESIS HEALTHCARE SYSTEM,2951 MAPLE AVE,ZANESVILLE,OH,MEDASSETS,07/23/2024,2328194855,648,2.0,CS,310.08,0.0
,,R705T1,BAIR,WESTCHESTER MEDICAL CENTER - LUM CA,100 WOODS RD,VALHALLA,NY,MEDASSETS,07/23/2024,2328191933,974,0.1,CS,22.0,0.0
,,R705T1,JKFF,NCH MD-HEALTHCARE SYSTEM,350 7TH ST N,NAPLES,FL,MEDASSETS,07/24/2024,2328252587,648,1.0,CS,155.04,0.0
,,R705T1,BAIR,WESTCHESTER MEDICAL CENTER - LUM CA,100 WOODS RD,VALHALLA,NY,MEDASSETS,07/24/2024,2328245836,974,0.1,CS,22.0,0.0
,,R705T2,ECFX,UNIVERSITY OF ROCHESTER/STRONG (LUM,601 ELMWOOD AVE,ROCHESTER,NY,MEDASSETS,07/23/2024,2328232568,648,0.4,CS,60.8,0.0
,,R705T2,ECFX,UNIVERSITY OF ROCHESTER/STRONG (LUM,601 ELMWOOD AVE,ROCHESTER,NY,MEDASSETS,07/24/2024,2328242819,648,0.6,CS,91.19999999999999,0.0
,,R705T2,ECFX,UNIVERSITY OF ROCHESTER/STRONG (LUM,601 ELMWOOD AVE,ROCHESTER,NY,MEDASSETS,07/24/2024,2328242836,648,0.8,CS,121.6,0.0
,,R705T1,P035,FORREST COUNTY GENERAL HOSPITAL,6051 U S HIGHWAY 49,HATTIESBURG,MS,MEDASSETS,07/23/2024,2328275729,956,1.0,CS,158.0,0.0
,,R705T1,Q7QB,WMC - LUM ON PALLETS,100 WOODS RD,VALHALLA,NY,MEDASSETS,07/23/2024,2328339250,974,1.0,CS,220.01,0.0
,,R705T1,QLIO,COMMUNITY HOSPITAL OF ANACONDA,401 W PENNSYLVANIA ST,ANACONDA,MT,MEDASSETS,07/24/2024,2328324757,645,0.1,CS,14.49,0.0
,,R705T2,RBBA,PROMEDICA TOLEDO HOSPITAL (LUM),2142 N COVE BLVD,TOLEDO,OH,MEDASSETS,07/24/2024,2328332066,946,0.3,CS,47.22,0.0
,,R705T1,HHNU,CHILDRENS HOSPITAL OF WISCONSIN,6740 W WASHINGTON ST,WEST ALLIS,WI,MEDASSETS,07/18/2024,2328342689,649,1.0,CS,155.09,0.0
,,R705T2,KPN9,GRADY HEALTH SYSTEM LUM CARTS,80 JESSE HILL JR DR SE,ATLANTA,GA,MEDASSETS,07/23/2024,2328352529,648,0.1,CS,15.2,0.0
,,R705T2,KPN9,GRADY HEALTH SYSTEM LUM CARTS,80 JESSE HILL JR DR SE,ATLANTA,GA,MEDASSETS,07/23/2024,2328348085,648,0.2,CS,30.4,0.0
,,R705T2,SUBS,UNIV CINCINNATI-BCW,3200 BURNET AVE,CINCINNATI,OH,MEDASSETS,07/24/2024,2328427605,656,2.0,CS,274.3,0.0
,,R705T2,Q542,MIAMI VALLEY HOSPITAL,1 WYOMING ST,DAYTON,OH,MEDASSETS,07/23/2024,2328382412,648,1.0,CS,152.0,0.0
,,R705T2,XSIU,ATRIUM MEDICAL CENTER (LUM),1 MEDICAL CENTER DR,MIDDLETOWN,OH,MEDASSETS,07/24/2024,2328465014,956,1.0,CS,154.9,0.0
,,R705T2,R152,UNIVERSITY OF ROCHESTER/STRONG (BUL,601 ELMWOOD AVE,ROCHESTER,NY,MEDASSETS,07/25/2024,2328469208,648,1.0,CS,152.0,0.0
,,R705T1,YFZS,NEUROSCIENCE GROUP,1305 W AMERICAN DR,NEENAH,WI,MEDASSETS,07/25/2024,2328464855,648,1.0,CS,155.04,0.0
,,R705T2,ECFX,UNIVERSITY OF ROCHESTER/STRONG (LUM,601 ELMWOOD AVE,ROCHESTER,NY,MEDASSETS,07/25/2024,2328457835,648,0.4,CS,60.8,0.0
,,R705T1,S780,ENGLEWOOD HOSPITAL,350 ENGLE ST,ENGLEWOOD,NJ,MEDASSETS,07/24/2024,2328507688,645,2.0,CS,289.88,0.0
,,R705T1,UOL7,ARNOT-OGDEN MEDICAL CENTER,600 ROE AVE,ELMIRA,NY,MEDASSETS,07/23/2024,2328516928,648,1.0,CS,155.04,0.0
,,R705T1,I45I,CHS-ST CHARLES HOSPITAL/A90,200 BELLE TERRE RD,PORT JEFFERSON,NY,MEDASSETS,07/24/2024,2328530195,648,1.0,CS,155.04,0.0
,,R705T1,S156,RUSH COPLEY MEDICAL CENTER,2000 OGDEN AVE,AURORA,IL,MEDASSETS,07/24/2024,2328526618,957,4.0,CS,512.84,0.0
,,R705T2,KPN9,GRADY HEALTH SYSTEM LUM CARTS,80 JESSE HILL JR DR SE,ATLANTA,GA,MEDASSETS,07/24/2024,2328543908,648,0.4,CS,60.8,0.0
,,R705T1,HDIH,THE UNIVERSITY OF TEXAS SW MEDICAL,6201 HARRY HINES BLVD,DALLAS,TX,MEDASSETS,07/25/2024,2328561378,648,2.0,CS,310.08,0.0
,,R705T2,Q641,PROMEDICA FLOWER HOSPITAL (LUM),5200 HARROUN RD,SYLVANIA,OH,MEDASSETS,07/25/2024,2328560648,957,0.8,CS,100.56,0.0
,,R705T1,CVBH,ANN AND ROBERT H LURIE CHILDRENS,200 E SUPERIOR ST,CHICAGO,IL,MEDASSETS,07/24/2024,2328557081,648,4.0,CS,620.16,0.0
,,R705T2,Q542,MIAMI VALLEY HOSPITAL,1 WYOMING ST,DAYTON,OH,MEDASSETS,07/25/2024,2328563789,656,2.0,CS,274.3,0.0
,,R705T2,Q542,MIAMI VALLEY HOSPITAL,1 WYOMING ST,DAYTON,OH,MEDASSETS,07/24/2024,2328563793,946,1.0,CS,157.35,0.0
,,R705T1,KN7T,WHITE COUNTY MEDICAL CENTER,3214 E RACE AVE,SEARCY,AR,MEDASSETS,07/26/2024,2328621923,656,1.0,CS,139.89,0.0
,,R705T1,ECHZ,WILSON MEMORIAL HOSPITAL (LUM),33-57 HARRISON ST,JOHNSON CITY,NY,MEDASSETS,07/25/2024,2328641285,646,0.1,CS,12.64,0.0
,,R705T2,DUCM,HIGHLAND HOSPITAL,1000 SOUTH AVE,ROCHESTER,NY,MEDASSETS,07/26/2024,2328655688,645,0.2,CS,28.42,0.0
,,R705T1,KGJM,UNIVER OF MD-ST JOSEPH MED CTR-TRIA,7601 OSLER DR,TOWSON,MD,MEDASSETS,07/25/2024,2328644732,648,3.0,CS,465.12,0.0
,,R705T1,JBCP,TAMPA GENERAL HOSPITAL-SPD,1 TAMPA GENERAL CIR,TAMPA,FL,MEDASSETS,07/26/2024,2328654616,656,0.5,CS,69.95,0.0
,,R705T2,6RYB,PROMEDICA CHARLES & VIRG HICK (LUM),5640 N ADRIAN HWY,ADRIAN,MI,MEDASSETS,07/25/2024,2328670217,957,0.1,CS,12.57,0.0
,,R705T1,V4W5,SCHEURER HOSPITAL,170 N CASEVILLE RD,PIGEON,MI,MEDASSETS,07/26/2024,2328691817,648,0.1,CS,15.5,0.0
,,R705T2,DT9K,UNIVERSITY OF CINCINNATI - UCMC,331 ALBERT SABIN WAY,CINCINNATI,OH,MEDASSETS,07/17/2024,2328704121,946,1.0,CS,157.35,0.0
,,R705T2,KPN9,GRADY HEALTH SYSTEM LUM CARTS,80 JESSE HILL JR DR SE,ATLANTA,GA,MEDASSETS,07/26/2024,2328709293,648,1.0,CS,152.0,0.0
,,R705T2,KPN9,GRADY HEALTH SYSTEM LUM CARTS,80 JESSE HILL JR DR SE,ATLANTA,GA,MEDASSETS,07/25/2024,2328709283,648,1.2,CS,182.39999999999998,0.0
,,R705T1,SBCN,GEORGIA NEUROSURGICAL INST-ASC,840 PINE ST STE 810,MACON,GA,MEDASSETS,07/22/2024,2328707493,648,1.0,CS,155.04,0.0
,,R705T1,BAIR,WESTCHESTER MEDICAL CENTER - LUM CA,100 WOODS RD,VALHALLA,NY,MEDASSETS,07/26/2024,2328732840,974,0.2,CS,44.0,0.0
,,R705T2,6RYB,PROMEDICA CHARLES & VIRG HICK (LUM),5640 N ADRIAN HWY,ADRIAN,MI,MEDASSETS,07/26/2024,2328778129,957,0.2,CS,25.14,0.0
,,R705T1,JKFF,NCH MD-HEALTHCARE SYSTEM,350 7TH ST N,NAPLES,FL,MEDASSETS,07/27/2024,2328792377,648,1.0,CS,155.04,0.0
,,R705T1,R998,SILVER CROSS HOSPITAL,1900 SILVER CROSS BLVD,NEW LENOX,IL,MEDASSETS,07/26/2024,2328806093,648,1.0,CS,155.04,0.0
,,R705T2,R152,UNIVERSITY OF ROCHESTER/STRONG (BUL,601 ELMWOOD AVE,ROCHESTER,NY,MEDASSETS,07/26/2024,2328809581,648,0.3,CS,45.599999999999994,0.0
,,R705T1,66L0,LUTHERAN HOSPITAL (BULK),12911 WEST 40TH AVENUE,WHEAT RIDGE,CO,MEDASSETS,07/26/2024,2328816396,645,1.0,CS,144.94,0.0
,,R705T1,VZK4,MT HOOD MEDICAL CENTER,24800 SE STARK ST,GRESHAM,OR,MEDASSETS,07/26/2024,2328816624,648,1.0,CS,155.04,0.0
,,R705T2,RBBA,PROMEDICA TOLEDO HOSPITAL,2142 N COVE BLVD,TOLEDO,OH,MEDASSETS,07/23/2024,2328806543,946,2.0,CS,314.7,0.0
,,R705T2,ECFX,UNIVERSITY OF ROCHESTER/STRONG (LUM,601 ELMWOOD AVE,ROCHESTER,NY,MEDASSETS,07/27/2024,2328840027,646,0.2,CS,24.78,0.0
,,R705T2,KPN9,GRADY HEALTH SYSTEM LUM CARTS,80 JESSE HILL JR DR SE,ATLANTA,GA,MEDASSETS,07/27/2024,2328854426,648,0.2,CS,30.4,0.0
,,R705T1,HFNW,CHILDRENS NATIONAL HOSPITAL(LUM),111 MICHIGAN AVE NW,WASHINGTON,DC,MEDASSETS,07/27/2024,2328844969,648,0.3,CS,46.5,0.0
,,R705T2,XSIU,ATRIUM MEDICAL CENTER (LUM),1 MEDICAL CENTER DR,MIDDLETOWN,OH,MEDASSETS,07/26/2024,2328857451,647,1.0,CS,151.8,0.0
,,R705T1,BAIR,WESTCHESTER MEDICAL CENTER - LUM CA,100 WOODS RD,VALHALLA,NY,MEDASSETS,07/28/2024,2328847196,974,0.1,CS,22.0,0.0
,,R705T2,KPN9,GRADY HEALTH SYSTEM LUM CARTS,80 JESSE HILL JR DR SE,ATLANTA,GA,MEDASSETS,07/28/2024,2328855008,648,0.2,CS,30.4,0.0
,,R705T2,RBBA,PROMEDICA TOLEDO HOSPITAL (LUM),2142 N COVE BLVD,TOLEDO,OH,MEDASSETS,07/28/2024,2328904449,974,0.4,CS,86.28,0.0
,,R705T2,KPN9,GRADY HEALTH SYSTEM LUM CARTS,80 JESSE HILL JR DR SE,ATLANTA,GA,MEDASSETS,07/28/2024,2328855064,648,0.2,CS,30.4,0.0
,,R705T2,Q641,PROMEDICA FLOWER HOSPITAL (LUM),5200 HARROUN RD,SYLVANIA,OH,MEDASSETS,07/27/2024,2328906229,974,0.4,CS,86.28,0.0
,,R705T2,R152,UNIVERSITY OF ROCHESTER/STRONG (BUL,601 ELMWOOD AVE,ROCHESTER,NY,MEDASSETS,07/29/2024,2328899296,648,0.8,CS,121.6,0.0
,,R705T1,P035,FORREST COUNTY GENERAL HOSPITAL,6051 U S HIGHWAY 49,HATTIESBURG,MS,MEDASSETS,07/29/2024,2328926674,956,1.0,CS,158.0,0.0
,,R705T2,RBBA,PROMEDICA TOLEDO HOSPITAL,2142 N COVE BLVD,TOLEDO,OH,MEDASSETS,07/27/2024,2328968693,974,2.0,CS,431.4,0.0
,,R705T1,RQL9,EMANUEL HOSPITAL,2801 N GANTENBEIN AVE,PORTLAND,OR,MEDASSETS,07/29/2024,2328983915,646,2.0,CS,252.76,0.0
,,R705T1,KOGP,REDLANDS COMMUNITY HOSPITAL (BULK),350 TERRACINA BLVD,REDLANDS,CA,MEDASSETS,07/29/2024,2329065611,645,0.1,CS,14.49,0.0
,,R705T1,ECHZ,WILSON MEMORIAL HOSPITAL (LUM),33-57 HARRISON ST,JOHNSON CITY,NY,MEDASSETS,07/29/2024,2329080541,648,0.2,CS,31.02,0.0
,,R705T1,ECHZ,WILSON MEMORIAL HOSPITAL (LUM),33-57 HARRISON ST,JOHNSON CITY,NY,MEDASSETS,07/29/2024,2329080541,646,0.2,CS,25.28,0.0
,,R705T1,ECHZ,WILSON MEMORIAL HOSPITAL (LUM),33-57 HARRISON ST,JOHNSON CITY,NY,MEDASSETS,07/29/2024,2329080544,646,0.3,CS,37.92,0.0
,,R705T2,ECFX,UNIVERSITY OF ROCHESTER/STRONG (LUM,601 ELMWOOD AVE,ROCHESTER,NY,MEDASSETS,07/30/2024,2329078681,648,0.3,CS,45.599999999999994,0.0
,,R705T2,LCAC,UNIV CINCINNATI-WESTCHESTER,7700 UNIVERSITY DR,WEST CHESTER,OH,MEDASSETS,07/29/2024,2329113498,656,1.0,CS,137.15,0.0
,,R705T1,JBDV,UNIV OF MD REHAB AND ORTH INSTITUTE,2200 KERNAN DR,BALTIMORE,MD,MEDASSETS,07/30/2024,2329103286,648,1.0,CS,155.04,0.0
,,R705T1,HFNW,CHILDRENS NATIONAL HOSPITAL(BULK),111 MICHIGAN AVE NW,WASHINGTON,DC,MEDASSETS,07/29/2024,2329111738,646,1.0,CS,126.38,0.0
,,R705T2,RBBA,PROMEDICA TOLEDO HOSPITAL (LUM),2142 N COVE BLVD,TOLEDO,OH,MEDASSETS,07/29/2024,2329102020,957,0.3,CS,37.71,0.0
,,R705T2,RBBA,PROMEDICA TOLEDO HOSPITAL (LUM),2142 N COVE BLVD,TOLEDO,OH,MEDASSETS,07/30/2024,2329111779,957,0.3,CS,37.71,0.0
,,R705T2,RBBA,PROMEDICA TOLEDO HOSPITAL (LUM),2142 N COVE BLVD,TOLEDO,OH,MEDASSETS,07/30/2024,2329112718,946,0.2,CS,31.48,0.0
,,R705T2,RBBA,PROMEDICA TOLEDO HOSPITAL (LUM),2142 N COVE BLVD,TOLEDO,OH,MEDASSETS,07/30/2024,2329109882,946,0.3,CS,47.22,0.0
,,R705T2,RBBA,PROMEDICA TOLEDO HOSPITAL (LUM),2142 N COVE BLVD,TOLEDO,OH,MEDASSETS,07/30/2024,2329109889,946,0.1,CS,15.74,0.0
,,R705T1,J55T,MERIDIAN PARK HOSPITAL,19300 SW 65TH AVE,TUALATIN,OR,MEDASSETS,07/17/2024,2329141013,656,1.0,CS,139.89,0.0
,,R705T1,MF5W,GOOD SAMARITAN HOSPITAL,1015 NW 22ND AVE,PORTLAND,OR,MEDASSETS,07/29/2024,2329144483,648,1.0,CS,155.04,0.0
,,R705T1,BAIR,WESTCHESTER MEDICAL CENTER - LUM CA,100 WOODS RD,VALHALLA,NY,MEDASSETS,07/30/2024,2329141937,974,0.1,CS,22.0,0.0
,,R705T2,R152,UNIVERSITY OF ROCHESTER/STRONG (BUL,601 ELMWOOD AVE,ROCHESTER,NY,MEDASSETS,07/29/2024,2329137556,656,1.0,CS,137.15,0.0
,,R705T1,HHNU,CHILDRENS HOSPITAL OF WISCONSIN,6740 W WASHINGTON ST,WEST ALLIS,WI,MEDASSETS,07/18/2024,2329272841,649,1.0,CS,155.09,0.0
,,R705T1,JBCP,TAMPA GENERAL HOSPITAL-SPD,1 TAMPA GENERAL CIR,TAMPA,FL,MEDASSETS,07/31/2024,2329262779,656,0.5,CS,69.95,0.0
,,R705T2,ECFX,UNIVERSITY OF ROCHESTER/STRONG (LUM,601 ELMWOOD AVE,ROCHESTER,NY,MEDASSETS,07/30/2024,2329262181,645,0.6,CS,85.26,0.0
,,R705T1,IT3I,CHS-ST CATHERINE OF SIENA MED CTR/A,50 ROUTE 25A,SMITHTOWN,NY,MEDASSETS,07/30/2024,2329253461,648,1.0,CS,155.04,0.0
,,R705T2,6RYB,PROMEDICA CHARLES & VIRG HICK (LUM),5640 N ADRIAN HWY,ADRIAN,MI,MEDASSETS,07/30/2024,2329277664,957,0.1,CS,12.57,0.0
,,R705T1,HETB,CAPITAL REGION MEDICAL CNTR,901 N HARRY S TRUMAN DR,LARGO,MD,MEDASSETS,07/30/2024,2329291474,648,1.0,CS,155.04,0.0
,,R705T1,6D93,UMUC AT ABERDEEN,660 MCHENRY RD,ABERDEEN,MD,MEDASSETS,07/30/2024,2329296665,648,1.0,CS,155.04,0.0
,,R705T1,HFNW,CHILDRENS NATIONAL HOSPITAL(LUM),111 MICHIGAN AVE NW,WASHINGTON,DC,MEDASSETS,07/30/2024,2329332557,648,0.4,CS,62.04,0.0
,,R705T1,X917,COREWELL HEALTH FARMINGTON HILLS HO,28050 GRAND RIVER AVE,FARMINGTON HILLS,MI,MEDASSETS,07/29/2024,2329310537,656,1.0,CS,139.89,0.0
,,R705T1,UQIF,COURSEY ENTERPRISES INC,1259 S LYNN LN,IDABEL,OK,MEDASSETS,07/30/2024,2329326903,645,1.0,CS,144.94,0.0
,,R705T1,BAIR,WESTCHESTER MEDICAL CENTER - LUM CA,100 WOODS RD,VALHALLA,NY,MEDASSETS,07/31/2024,2329357344,946,0.3,CS,48.150000000000006,0.0
,,R705T1,BAIR,WESTCHESTER MEDICAL CENTER - LUM CA,100 WOODS RD,VALHALLA,NY,MEDASSETS,07/31/2024,2329357351,974,0.1,CS,22.0,0.0
,,R705T1,XQI2,THE CENTER FOR NEUROSCIENCES,2450 E RIVER RD,TUCSON,AZ,MEDASSETS,07/31/2024,2329368648,648,0.4,CS,62.0,0.0
,,R705T2,ECFX,UNIVERSITY OF ROCHESTER/STRONG (LUM,601 ELMWOOD AVE,ROCHESTER,NY,MEDASSETS,08/01/2024,2329462279,648,0.1,CS,15.2,0.0
,,R705T2,6RYB,PROMEDICA CHARLES & VIRG HICK (LUM),5640 N ADRIAN HWY,ADRIAN,MI,MEDASSETS,07/31/2024,2329506788,957,0.1,CS,12.57,0.0
,,R705T1,WGKR,MGB - SALEM HOSPITAL (LUM),81 HIGHLAND AVE,SALEM,MA,MEDASSETS,07/31/2024,2329504206,646,0.1,CS,12.64,0.0
,,R705T2,KPN9,GRADY HEALTH SYSTEM LUM CARTS,80 JESSE HILL JR DR SE,ATLANTA,GA,MEDASSETS,07/31/2024,2329516385,648,0.2,CS,30.4,0.0
,,R705T1,X917,COREWELL HEALTH FARMINGTON HILLS HO,28050 GRAND RIVER AVE,FARMINGTON HILLS,MI,MEDASSETS,07/30/2024,2329546171,656,1.0,CS,139.89,0.0
,,R705T1,HFNS,INOVA FAIRFAX HOSPITAL,3300 GALLOWS RD,FALLS CHURCH,VA,MEDASSETS,07/23/2024,2329534432,656,4.0,CS,559.56,0.0
,,R705T2,ECFX,UNIVERSITY OF ROCHESTER/STRONG (LUM,601 ELMWOOD AVE,ROCHESTER,NY,MEDASSETS,08/01/2024,2329638002,648,0.8,CS,121.6,0.0
,,R705T2,R158,HIGHLAND HOSPITAL-ROCHESTER (LUM),1000 SOUTH AVE,ROCHESTER,NY,MEDASSETS,07/31/2024,2329579807,648,0.2,CS,30.4,0.0
,,R705T2,ECFX,UNIVERSITY OF ROCHESTER/STRONG (LUM,601 ELMWOOD AVE,ROCHESTER,NY,MEDASSETS,08/01/2024,2329638002,646,0.6,CS,74.34,0.0
,,R705T2,ECFX,UNIVERSITY OF ROCHESTER/STRONG (LUM,601 ELMWOOD AVE,ROCHESTER,NY,MEDASSETS,08/02/2024,2329644623,648,0.2,CS,30.4,0.0
,,R705T2,6RYB,PROMEDICA CHARLES & VIRG HICK (LUM),5640 N ADRIAN HWY,ADRIAN,MI,MEDASSETS,08/01/2024,2329638520,946,0.2,CS,31.48,0.0
,,R705T1,XMRV,SCHUYLER HOSPITAL,220 STEUBEN ST,MONTOUR FALLS,NY,MEDASSETS,08/01/2024,2329676552,646,0.1,CS,12.64,0.0
,,R705T2,6RYB,PROMEDICA CHARLES & VIRG HICK (LUM),5640 N ADRIAN HWY,ADRIAN,MI,MEDASSETS,08/01/2024,2329638526,957,0.1,CS,12.57,0.0
,,R705T2,ECFX,UNIVERSITY OF ROCHESTER/STRONG (LUM,601 ELMWOOD AVE,ROCHESTER,NY,MEDASSETS,08/02/2024,2329642413,648,0.3,CS,45.599999999999994,0.0
,,R705T1,S410,HENRY HEYWOOD MEMORIAL HOSPITAL,242 GREEN ST,GARDNER,MA,MEDASSETS,08/02/2024,2329656643,645,0.1,CS,14.49,0.0
,,R705T1,JKFF,NCH MD-HEALTHCARE SYSTEM,350 7TH ST N,NAPLES,FL,MEDASSETS,08/02/2024,2329700337,648,1.0,CS,155.04,0.0
,,R705T2,KPN9,GRADY HEALTH SYSTEM LUM CARTS,80 JESSE HILL JR DR SE,ATLANTA,GA,MEDASSETS,07/31/2024,2329674384,648,0.2,CS,30.4,0.0
,,R705T1,HFNW,CHILDRENS NATIONAL HOSPITAL(LUM),111 MICHIGAN AVE NW,WASHINGTON,DC,MEDASSETS,08/01/2024,2329702303,648,0.3,CS,46.5,0.0
,,R705T1,BAIR,WESTCHESTER MEDICAL CENTER - LUM CA,100 WOODS RD,VALHALLA,NY,MEDASSETS,08/01/2024,2329705253,974,0.1,CS,22.0,0.0
,,R705T2,R152,UNIVERSITY OF ROCHESTER/STRONG (BUL,601 ELMWOOD AVE,ROCHESTER,NY,MEDASSETS,08/01/2024,2329719137,646,0.1,CS,12.39,0.0
,,R705T1,5LRQ,AKRON CHILDRENS HOSPITAL,1 PERKINS SQ,AKRON,OH,MEDASSETS,08/01/2024,2329714714,646,1.0,CS,126.38,0.0
,,R705T2,R152,UNIVERSITY OF ROCHESTER/STRONG (BUL,601 ELMWOOD AVE,ROCHESTER,NY,MEDASSETS,08/01/2024,2329719137,648,0.5,CS,76.0,0.0
,,R705T1,66L0,LUTHERAN HOSPITAL (LUM),12911 WEST 40TH AVENUE,WHEAT RIDGE,CO,MEDASSETS,08/01/2024,2329728411,645,0.6,CS,86.94,0.0
,,R705T1,5LRQ,AKRON CHILDRENS HOSPITAL,1 PERKINS SQ,AKRON,OH,MEDASSETS,08/01/2024,2329714774,646,2.0,CS,252.76,0.0
,,R705T1,ECHZ,WILSON MEMORIAL HOSPITAL (LUM),33-57 HARRISON ST,JOHNSON CITY,NY,MEDASSETS,08/01/2024,2329759461,646,0.2,CS,25.28,0.0
,,R705T2,R152,UNIVERSITY OF ROCHESTER/STRONG (BUL,601 ELMWOOD AVE,ROCHESTER,NY,MEDASSETS,08/01/2024,2329830068,646,0.4,CS,49.56,0.0
,,R705T2,R152,UNIVERSITY OF ROCHESTER/STRONG (BUL,601 ELMWOOD AVE,ROCHESTER,NY,MEDASSETS,08/03/2024,2329830095,656,1.0,CS,137.15,0.0
,,R705T2,XMYH,FF THOMPSON HEALTH SYSTEM INC (BULK,350 PARRISH ST,CANANDAIGUA,NY,MEDASSETS,08/02/2024,2329835184,648,1.0,CS,152.0,0.0
,,R705T2,ECFX,UNIVERSITY OF ROCHESTER/STRONG (LUM,601 ELMWOOD AVE,ROCHESTER,NY,MEDASSETS,08/03/2024,2329832054,646,0.2,CS,24.78,0.0
,,R705T2,ECFX,UNIVERSITY OF ROCHESTER/STRONG (LUM,601 ELMWOOD AVE,ROCHESTER,NY,MEDASSETS,08/03/2024,2329832019,646,0.1,CS,12.39,0.0
,,R705T2,R152,UNIVERSITY OF ROCHESTER/STRONG (BUL,601 ELMWOOD AVE,ROCHESTER,NY,MEDASSETS,08/03/2024,2329832728,648,0.4,CS,60.8,0.0
,,R705T2,6RYB,PROMEDICA CHARLES & VIRG HICK (LUM),5640 N ADRIAN HWY,ADRIAN,MI,MEDASSETS,08/02/2024,2329825953,957,0.2,CS,25.14,0.0
,,R705T2,6E1Q,PROMEDICA MAUMEE HYBRID ER URG CARE,1075 MEDICAL CENTER PKWY,MAUMEE,OH,MEDASSETS,08/02/2024,2329847985,946,0.2,CS,31.48,0.0
,,R705T1,Q7QB,WMC - LUM ON PALLETS,100 WOODS RD,VALHALLA,NY,MEDASSETS,08/02/2024,2329869156,974,1.0,CS,220.01,0.0
,,R705T2,RBBA,PROMEDICA TOLEDO HOSPITAL (LUM),2142 N COVE BLVD,TOLEDO,OH,MEDASSETS,08/04/2024,2329888432,946,0.2,CS,31.48,0.0
,,R705T1,R192,CHENANGO MEMORIAL HOSPITAL,179 N BROAD ST,NORWICH,NY,MEDASSETS,08/02/2024,2329866684,646,1.0,CS,126.4,0.0
,,R705T1,HFNW,CHILDRENS NATIONAL HOSPITAL(LUM),111 MICHIGAN AVE NW,WASHINGTON,DC,MEDASSETS,08/02/2024,2329879406,646,0.5,CS,63.2,0.0
,,R705T1,HFNW,CHILDRENS NATIONAL HOSPITAL(LUM),111 MICHIGAN AVE NW,WASHINGTON,DC,MEDASSETS,08/03/2024,2329880124,646,4.0,CS,505.6,0.0
,,R705T1,HFNW,CHILDRENS NATIONAL HOSPITAL(LUM),111 MICHIGAN AVE NW,WASHINGTON,DC,MEDASSETS,08/02/2024,2329879419,648,0.2,CS,31.02,0.0
,,R705T1,HFNW,CHILDRENS NATIONAL HOSPITAL(LUM),111 MICHIGAN AVE NW,WASHINGTON,DC,MEDASSETS,08/02/2024,2329879418,645,0.8,CS,115.92,0.0
,,R705T1,HFNW,CHILDRENS NATIONAL HOSPITAL(LUM),111 MICHIGAN AVE NW,WASHINGTON,DC,MEDASSETS,08/02/2024,2329879499,648,0.3,CS,46.5,0.0
,,R705T1,S186,KENT - LUM ON UBOAT (LUM),455 TOLL GATE RD,WARWICK,RI,MEDASSETS,08/05/2024,2329942522,648,0.4,CS,62.04,0.0
,,R705T2,ECFX,UNIVERSITY OF ROCHESTER/STRONG (LUM,601 ELMWOOD AVE,ROCHESTER,NY,MEDASSETS,08/05/2024,2329968101,648,0.3,CS,45.599999999999994,0.0
,,R705T1,R326,CAYUGA MEDICAL CENTER-AT ITHACA,101 DATES DR,ITHACA,NY,MEDASSETS,08/05/2024,2329988637,649,1.0,CS,155.09,0.0
,,R705T1,BAIR,WESTCHESTER MEDICAL CENTER - LUM CA,100 WOODS RD,VALHALLA,NY,MEDASSETS,08/05/2024,2329999691,974,2.0,CS,440.02,0.0
,,R705T2,R158,HIGHLAND HOSPITAL-ROCHESTER (LUM),1000 SOUTH AVE,ROCHESTER,NY,MEDASSETS,08/04/2024,2329970356,648,0.2,CS,30.4,0.0
,,R705T1,66L0,LUTHERAN HOSPITAL (BULK),12911 WEST 40TH AVENUE,WHEAT RIDGE,CO,MEDASSETS,07/30/2024,2329999316,645,1.0,CS,144.94,0.0
,,R705T2,RBBA,PROMEDICA TOLEDO HOSPITAL (LUM),2142 N COVE BLVD,TOLEDO,OH,MEDASSETS,08/03/2024,2330021611,974,0.2,CS,43.14,0.0
,,R705T2,RBBA,PROMEDICA TOLEDO HOSPITAL (LUM),2142 N COVE BLVD,TOLEDO,OH,MEDASSETS,08/03/2024,2330021618,974,0.2,CS,43.14,0.0
,,R705T2,Q641,PROMEDICA FLOWER HOSPITAL (LUM),5200 HARROUN RD,SYLVANIA,OH,MEDASSETS,08/03/2024,2330025107,974,0.2,CS,43.14,0.0
,,R705T2,WEZO,PMR WILDWOOD,2865 N REYNOLDS RD STE 170,TOLEDO,OH,MEDASSETS,07/31/2024,2330091752,957,10.0,CS,1257.0,0.0
,,R705T2,R152,UNIVERSITY OF ROCHESTER/STRONG (BUL,601 ELMWOOD AVE,ROCHESTER,NY,MEDASSETS,08/05/2024,2330027231,648,1.0,CS,152.0,0.0
,,R705T2,Q641,PROMEDICA FLOWER HOSPITAL (LUM),5200 HARROUN RD,SYLVANIA,OH,MEDASSETS,08/03/2024,2330022093,974,0.2,CS,43.14,0.0
,,R705T1,JBCP,TAMPA GENERAL HOSPITAL-SPD,1 TAMPA GENERAL CIR,TAMPA,FL,MEDASSETS,08/06/2024,2330113509,656,0.5,CS,69.95,0.0
,,R705T1,BAIR,WESTCHESTER MEDICAL CENTER - LUM CA,100 WOODS RD,VALHALLA,NY,MEDASSETS,08/06/2024,2330088067,974,0.2,CS,44.0,0.0
,,R705T1,GEDD,CHILDRENS HOSPITAL WAREHOUSE,1511 CABIN BRANCH DR BLDG A2,LANDOVER,MD,MEDASSETS,08/02/2024,2330150873,648,1.0,CS,155.04,0.0
,,R705T1,W5ZF,VANDERBILT IMAGING (BULK),2000 RICHARD JONES RD STE 270,NASHVILLE,TN,MEDASSETS,08/01/2024,2330136067,656,1.0,CS,139.89,0.0
,,R705T1,XMRV,SCHUYLER HOSPITAL,220 STEUBEN ST,MONTOUR FALLS,NY,MEDASSETS,08/05/2024,2330112450,646,0.1,CS,12.64,0.0
,,R705T1,Q611,FISHER TITUS MEDICAL CENTER,272 BENEDICT AVE,NORWALK,OH,MEDASSETS,08/05/2024,2330167672,957,1.0,CS,128.21,0.0
,,R705T2,RBBA,PROMEDICA TOLEDO HOSPITAL,2142 N COVE BLVD,TOLEDO,OH,MEDASSETS,08/05/2024,2330167658,956,1.0,CS,154.9,0.0
,,R705T2,TX2T,PONCE DE LEON CENTER IDP,341 PONCE DE LEON AVE NE,ATLANTA,GA,MEDASSETS,08/01/2024,2330162388,648,1.0,CS,152.0,0.0
,,R705T1,RQL9,EMANUEL HOSPITAL,2801 N GANTENBEIN AVE,PORTLAND,OR,MEDASSETS,08/03/2024,2330199923,648,2.0,CS,310.08,0.0
,,R705T2,R158,HIGHLAND HOSPITAL-ROCHESTER (LUM),1000 SOUTH AVE,ROCHESTER,NY,MEDASSETS,08/06/2024,2330199662,648,0.3,CS,45.599999999999994,0.0
,,R705T1,KYMU,VENTURA COUNTY MEDICAL CENTER BULK,300 HILLMONT AVE,VENTURA,CA,MEDASSETS,08/05/2024,2330175691,646,1.0,CS,126.38,0.0
,,R705T2,ECFX,UNIVERSITY OF ROCHESTER/STRONG (LUM,601 ELMWOOD AVE,ROCHESTER,NY,MEDASSETS,08/05/2024,2330205359,646,0.2,CS,24.78,0.0
,,R705T2,KPN9,GRADY HEALTH SYSTEM LUM CARTS,80 JESSE HILL JR DR SE,ATLANTA,GA,MEDASSETS,08/05/2024,2330216562,648,0.3,CS,45.599999999999994,0.0
,,R705T2,ECFX,UNIVERSITY OF ROCHESTER/STRONG (LUM,601 ELMWOOD AVE,ROCHESTER,NY,MEDASSETS,08/05/2024,2330205359,645,0.2,CS,28.42,0.0
,,R705T1,HFNW,CHILDRENS NATIONAL HOSPITAL(LUM),111 MICHIGAN AVE NW,WASHINGTON,DC,MEDASSETS,08/05/2024,2330221523,646,0.5,CS,63.2,0.0
,,R705T2,Q542,MIAMI VALLEY HOSPITAL,1 WYOMING ST,DAYTON,OH,MEDASSETS,08/06/2024,2330264895,648,1.0,CS,152.0,0.0
,,R705T2,Q641,PROMEDICA FLOWER HOSPITAL (LUM),5200 HARROUN RD,SYLVANIA,OH,MEDASSETS,08/06/2024,2330304399,957,0.5,CS,62.85,0.0
,,R705T2,6RYB,PROMEDICA CHARLES & VIRG HICK (LUM),5640 N ADRIAN HWY,ADRIAN,MI,MEDASSETS,08/06/2024,2330307797,957,0.1,CS,12.57,0.0
,,R705T2,KPN9,GRADY HEALTH SYSTEM LUM CARTS,80 JESSE HILL JR DR SE,ATLANTA,GA,MEDASSETS,08/06/2024,2330320514,648,0.6,CS,91.19999999999999,0.0
,,R705T2,XNYW,PROMEDICA COLDWATER REGIONAL HOSPIT,274 E CHICAGO ST,COLDWATER,MI,MEDASSETS,08/05/2024,2330320615,957,1.0,CS,125.7,0.0
,,R705T1,R998,SILVER CROSS HOSPITAL,1900 SILVER CROSS BLVD,NEW LENOX,IL,MEDASSETS,08/06/2024,2330343398,648,0.6,CS,93.0,0.0
,,R705T1,R998,SILVER CROSS HOSPITAL,1900 SILVER CROSS BLVD,NEW LENOX,IL,MEDASSETS,08/06/2024,2330345814,648,1.0,CS,155.04,0.0
,,R705T2,XMYH,FF THOMPSON HEALTH SYSTEM INC (BULK,350 PARRISH ST,CANANDAIGUA,NY,MEDASSETS,08/06/2024,2330375685,645,0.6,CS,85.26,0.0
,,R705T2,XMYH,FF THOMPSON HEALTH SYSTEM INC (BULK,350 PARRISH ST,CANANDAIGUA,NY,MEDASSETS,08/06/2024,2330375685,648,1.0,CS,152.0,0.0
,,R705T1,MKSO,BELLIN MEMORIAL HOSPITAL INC,905 CASS ST,GREEN BAY,WI,MEDASSETS,08/07/2024,2330408977,648,1.0,CS,155.04,0.0
,,R705T1,U733,WINNESHIEK MEDICAL CENTER,901 MONTGOMERY ST,DECORAH,IA,MEDASSETS,08/06/2024,2330388783,648,0.1,CS,15.5,0.0
,,R705T1,JZ5Z,CHS-GOOD SAMARITAN HOSPITAL / A90,1000 MONTAUK HWY,WEST ISLIP,NY,MEDASSETS,08/06/2024,2330399762,648,1.0,CS,155.04,0.0
,,R705T2,6RYB,PROMEDICA CHARLES & VIRG HICK (LUM),5640 N ADRIAN HWY,ADRIAN,MI,MEDASSETS,08/07/2024,2330458110,957,0.1,CS,12.57,0.0
,,R705T2,R158,HIGHLAND HOSPITAL-ROCHESTER (LUM),1000 SOUTH AVE,ROCHESTER,NY,MEDASSETS,08/07/2024,2330471964,648,0.2,CS,30.4,0.0
,,R705T1,HHNU,CHILDRENS HOSPITAL OF WISCONSIN,6740 W WASHINGTON ST,WEST ALLIS,WI,MEDASSETS,07/10/2024,2330414277,649B,2.0,CS,279.88,0.0
,,R705T1,HHNU,CHILDRENS HOSPITAL OF WISCONSIN,6740 W WASHINGTON ST,WEST ALLIS,WI,MEDASSETS,06/21/2024,2330414278,649B,1.0,CS,139.94,0.0
,,R705T2,ECFX,UNIVERSITY OF ROCHESTER/STRONG (LUM,601 ELMWOOD AVE,ROCHESTER,NY,MEDASSETS,08/07/2024,2330479482,645,0.3,CS,42.63,0.0
,,R705T1,HFNW,CHILDRENS NATIONAL HOSPITAL(LUM),111 MICHIGAN AVE NW,WASHINGTON,DC,MEDASSETS,08/07/2024,2330486261,645,0.8,CS,115.92,0.0
,,R705T2,ECFX,UNIVERSITY OF ROCHESTER/STRONG (LUM,601 ELMWOOD AVE,ROCHESTER,NY,MEDASSETS,08/08/2024,2330487838,648,0.6,CS,91.19999999999999,0.0
,,R705T1,BAIR,WESTCHESTER MEDICAL CENTER - LUM CA,100 WOODS RD,VALHALLA,NY,MEDASSETS,08/08/2024,2330508095,974,0.2,CS,44.0,0.0
,,R705T1,SL5E,USC VERDUGO HILLS HOSPITAL (BULK),1812 VERDUGO BLVD,GLENDALE,CA,MEDASSETS,08/07/2024,2330496593,956,1.0,CS,158.0,0.0
,,R705T1,BAIR,WESTCHESTER MEDICAL CENTER - LUM CA,100 WOODS RD,VALHALLA,NY,MEDASSETS,08/07/2024,2330508061,974,0.2,CS,44.0,0.0
,,R705T1,BAIR,WESTCHESTER MEDICAL CENTER - LUM CA,100 WOODS RD,VALHALLA,NY,MEDASSETS,08/07/2024,2330508064,974,0.1,CS,22.0,0.0
,,R705T1,BAIR,WESTCHESTER MEDICAL CENTER - LUM CA,100 WOODS RD,VALHALLA,NY,MEDASSETS,08/08/2024,2330519020,974,0.1,CS,22.0,0.0
,,R705T1,S186,KENT - LUM ON UBOAT (LUM),455 TOLL GATE RD,WARWICK,RI,MEDASSETS,08/08/2024,2330574641,648,0.2,CS,31.02,0.0
,,R705T1,YAZK,THEDACARE REG MED CTR-APPLETON(LUM),1818 N MEADE ST,APPLETON,WI,MEDASSETS,08/07/2024,2330552617,956,1.0,CS,158.0,0.0
,,R705T1,5LRQ,AKRON CHILDRENS HOSPITAL,1 PERKINS SQ,AKRON,OH,MEDASSETS,08/07/2024,2330560225,646,1.0,CS,126.38,0.0
,,R705T2,RBBA,PROMEDICA TOLEDO HOSPITAL (LUM),2142 N COVE BLVD,TOLEDO,OH,MEDASSETS,08/07/2024,2330593925,957,0.5,CS,62.85,0.0
,,R705T2,KPN9,GRADY HEALTH SYSTEM LUM CARTS,80 JESSE HILL JR DR SE,ATLANTA,GA,MEDASSETS,08/06/2024,2330578561,648,0.6,CS,91.19999999999999,0.0
,,R705T1,ECHZ,WILSON MEMORIAL HOSPITAL (LUM),33-57 HARRISON ST,JOHNSON CITY,NY,MEDASSETS,08/07/2024,2330589189,648,0.2,CS,31.02,0.0
,,R705T1,S186,KENT - LUM ON UBOAT (LUM),455 TOLL GATE RD,WARWICK,RI,MEDASSETS,08/09/2024,2330649337,648,0.2,CS,31.02,0.0
,,R705T1,UOL7,ARNOT-OGDEN MEDICAL CENTER,600 ROE AVE,ELMIRA,NY,MEDASSETS,08/07/2024,2330661707,648,1.0,CS,155.04,0.0
,,R705T2,DT9K,UNIVERSITY OF CINCINNATI - UCMC,331 ALBERT SABIN WAY,CINCINNATI,OH,MEDASSETS,08/08/2024,2330678058,974,1.0,CS,215.7,0.0
,,R705T2,6RYB,PROMEDICA CHARLES & VIRG HICK (LUM),5640 N ADRIAN HWY,ADRIAN,MI,MEDASSETS,08/08/2024,2330671247,957,0.2,CS,25.14,0.0
,,R705T1,S156,RUSH COPLEY MEDICAL CENTER,2000 OGDEN AVE,AURORA,IL,MEDASSETS,08/08/2024,2330675946,957,2.0,CS,256.42,0.0
,,R705T1,V57S,MERCY MEDICAL CENTER,701 10TH ST SE,CEDAR RAPIDS,IA,MEDASSETS,08/08/2024,2330677582,648,2.0,CS,310.08,0.0
,,R705T2,Q542,MIAMI VALLEY HOSPITAL,1 WYOMING ST,DAYTON,OH,MEDASSETS,08/08/2024,2330711142,648,1.0,CS,152.0,0.0
,,R705T1,BAIR,WESTCHESTER MEDICAL CENTER - LUM CA,100 WOODS RD,VALHALLA,NY,MEDASSETS,08/09/2024,2330713286,974,0.1,CS,22.0,0.0
,,R705T1,F0V2,NORMAN REGIONAL HOSPITAL,3300 HEALTHPLEX PKWY,NORMAN,OK,MEDASSETS,06/12/2024,2330697591,649B,3.0,CS,419.82,0.0
,,R705T1,BAIR,WESTCHESTER MEDICAL CENTER - LUM CA,100 WOODS RD,VALHALLA,NY,MEDASSETS,08/08/2024,2330713206,946,0.3,CS,48.150000000000006,0.0
,,R705T1,5LRQ,AKRON CHILDRENS HOSPITAL,1 PERKINS SQ,AKRON,OH,MEDASSETS,08/08/2024,2330704320,646,2.0,CS,252.76,0.0
,,R705T2,SUBS,UNIV CINCINNATI-BCW,3200 BURNET AVE,CINCINNATI,OH,MEDASSETS,08/08/2024,2330725207,656,2.0,CS,274.3,0.0
,,R705T1,ZNJ2,ROGER WILLIAMS MEDICAL CENTER,825 CHALKSTONE AVE,PROVIDENCE,RI,MEDASSETS,08/08/2024,2330728235,648,1.0,CS,155.04,0.0
,,R705T1,JKFF,NCH MD-HEALTHCARE SYSTEM,350 7TH ST N,NAPLES,FL,MEDASSETS,08/09/2024,2330727914,648,1.0,CS,155.04,0.0
,,R705T2,LCAC,UNIV CINCINNATI-WESTCHESTER,7700 UNIVERSITY DR,WEST CHESTER,OH,MEDASSETS,08/09/2024,2330796843,656,4.0,CS,548.6,0.0
,,R705T1,4LNU,UNIVERSITY OF MARYLAND LAUREL MED,7150 CONTEE RD,LAUREL,MD,MEDASSETS,08/08/2024,2330792879,648,1.0,CS,155.04,0.0
,,R705T2,LCAC,UNIV CINCINNATI-WESTCHESTER,7700 UNIVERSITY DR,WEST CHESTER,OH,MEDASSETS,08/09/2024,2330796843,974,1.0,CS,215.7,0.0
,,R705T2,6RYB,PROMEDICA CHARLES & VIRG HICK (LUM),5640 N ADRIAN HWY,ADRIAN,MI,MEDASSETS,08/09/2024,2330819054,957,0.2,CS,25.14,0.0
,,R705T1,JY7Z,LEGACY SALMON CREEK HOSPITAL,2211 NE 139TH ST,VANCOUVER,WA,MEDASSETS,07/16/2024,2330817108,648,1.0,CS,155.04,0.0
,,R705T2,KPN9,GRADY HEALTH SYSTEM LUM CARTS,80 JESSE HILL JR DR SE,ATLANTA,GA,MEDASSETS,08/10/2024,2330841555,648,0.2,CS,30.4,0.0
,,R705T2,R158,HIGHLAND HOSPITAL-ROCHESTER (LUM),1000 SOUTH AVE,ROCHESTER,NY,MEDASSETS,08/10/2024,2330833985,648,0.6,CS,91.19999999999999,0.0
,,R705T1,Q135,UCHEALTH MEM HOSP CENTRAL (BULK),1400 E BOULDER ST,COLORADO SPRINGS,CO,MEDASSETS,08/09/2024,2330844055,648,0.4,CS,62.04,0.0
,,R705T2,RBBA,PROMEDICA TOLEDO HOSPITAL (LUM),2142 N COVE BLVD,TOLEDO,OH,MEDASSETS,08/11/2024,2330859837,946,0.2,CS,31.48,0.0
,,R705T1,BAIR,WESTCHESTER MEDICAL CENTER - LUM CA,100 WOODS RD,VALHALLA,NY,MEDASSETS,08/09/2024,2330850527,946,1.0,CS,160.5,0.0
,,R705T1,BAIR,WESTCHESTER MEDICAL CENTER - LUM CA,100 WOODS RD,VALHALLA,NY,MEDASSETS,08/09/2024,2330850527,974,1.0,CS,220.0,0.0
,,R705T1,MF5W,GOOD SAMARITAN HOSPITAL,1015 NW 22ND AVE,PORTLAND,OR,MEDASSETS,08/08/2024,2330855978,648,1.0,CS,155.04,0.0
,,R705T2,ECFX,UNIVERSITY OF ROCHESTER/STRONG (LUM,601 ELMWOOD AVE,ROCHESTER,NY,MEDASSETS,08/12/2024,2330913738,648,0.3,CS,45.599999999999994,0.0
,,R705T2,R152,UNIVERSITY OF ROCHESTER/STRONG (BUL,601 ELMWOOD AVE,ROCHESTER,NY,MEDASSETS,08/12/2024,2330928274,648,0.1,CS,15.2,0.0
,,R705T2,R152,UNIVERSITY OF ROCHESTER/STRONG (BUL,601 ELMWOOD AVE,ROCHESTER,NY,MEDASSETS,08/12/2024,2330928251,648,0.2,CS,30.4,0.0
,,R705T1,P035,FORREST COUNTY GENERAL HOSPITAL,6051 U S HIGHWAY 49,HATTIESBURG,MS,MEDASSETS,08/12/2024,2330953201,956,1.0,CS,158.0,0.0
,,R705T2,KPN9,GRADY HEALTH SYSTEM LUM CARTS,80 JESSE HILL JR DR SE,ATLANTA,GA,MEDASSETS,08/11/2024,2331001371,648,0.2,CS,30.4,0.0
,,R705T1,S186,KENT - LUM ON UBOAT (LUM),455 TOLL GATE RD,WARWICK,RI,MEDASSETS,08/12/2024,2330991006,648,0.4,CS,62.04,0.0
,,R705T1,ECHZ,WILSON MEMORIAL HOSPITAL,33-57 HARRISON ST,JOHNSON CITY,NY,MEDASSETS,08/12/2024,2331038471,648,1.0,CS,155.0,0.0
,,R705T2,Q542,MIAMI VALLEY HOSPITAL,1 WYOMING ST,DAYTON,OH,MEDASSETS,08/12/2024,2330986794,946,1.0,CS,157.35,0.0
,,R705T1,RQL9,EMANUEL HOSPITAL,2801 N GANTENBEIN AVE,PORTLAND,OR,MEDASSETS,08/12/2024,2331002812,646,2.0,CS,252.76,0.0
,,R705T2,Q545,PROMEDICA DEFIANCE REGIONAL HOSPITA,1200 RALSTON AVE,DEFIANCE,OH,MEDASSETS,08/10/2024,2330996812,974,1.0,CS,215.7,0.0
,,R705T1,V57S,MERCY MEDICAL CENTER,701 10TH ST SE,CEDAR RAPIDS,IA,MEDASSETS,08/12/2024,2331037065,646,0.1,CS,12.64,0.0
,,R705T2,Q554,PROMEDICA FOSTORIA COMMUNITY HOSPIT,501 VAN BUREN ST,FOSTORIA,OH,MEDASSETS,08/13/2024,2331047097,956,1.0,CS,154.9,0.0
,,R705T1,JBCP,TAMPA GENERAL HOSPITAL-SPD,1 TAMPA GENERAL CIR,TAMPA,FL,MEDASSETS,08/12/2024,2331052300,656,0.6,CS,83.94,0.0
,,R705T2,RBBA,PROMEDICA TOLEDO HOSPITAL (LUM),2142 N COVE BLVD,TOLEDO,OH,MEDASSETS,08/12/2024,2331087687,946,0.2,CS,31.48,0.0
,,R705T2,ECFX,UNIVERSITY OF ROCHESTER/STRONG (LUM,601 ELMWOOD AVE,ROCHESTER,NY,MEDASSETS,08/13/2024,2331070439,648,0.4,CS,60.8,0.0
,,R705T2,RBBA,PROMEDICA TOLEDO HOSPITAL (LUM),2142 N COVE BLVD,TOLEDO,OH,MEDASSETS,08/12/2024,2331090708,957,0.3,CS,37.71,0.0
,,R705T2,Q542,MIAMI VALLEY HOSPITAL,1 WYOMING ST,DAYTON,OH,MEDASSETS,08/12/2024,2331089509,648,1.0,CS,152.0,0.0
,,R705T2,ECFX,UNIVERSITY OF ROCHESTER/STRONG (LUM,601 ELMWOOD AVE,ROCHESTER,NY,MEDASSETS,08/01/2024,2331038145,648,0.5,CS,76.0,0.0
,,R705T2,ECFX,UNIVERSITY OF ROCHESTER/STRONG (LUM,601 ELMWOOD AVE,ROCHESTER,NY,MEDASSETS,08/01/2024,2331038162,648,0.2,CS,30.4,0.0
,,R705T1,5WUJ,UMMG NEUROLOGY PAC,1150 NW 14TH ST STE 609,MIAMI,FL,MEDASSETS,07/23/2024,2331103398,649,2.0,CS,310.18,0.0
,,R705T2,6RYB,PROMEDICA CHARLES & VIRG HICK (LUM),5640 N ADRIAN HWY,ADRIAN,MI,MEDASSETS,08/12/2024,2331103087,957,0.1,CS,12.57,0.0
,,R705T1,XC6P,VAIL HEALTH MED CTR VAIL,181 W MEADOW DR,VAIL,CO,MEDASSETS,08/12/2024,2331116737,645,2.0,CS,289.88,0.0
,,R705T1,HFNW,CHILDRENS NATIONAL HOSPITAL(LUM),111 MICHIGAN AVE NW,WASHINGTON,DC,MEDASSETS,08/12/2024,2331106203,645,0.8,CS,115.92,0.0
,,R705T2,KPN9,GRADY HEALTH SYSTEM LUM CARTS,80 JESSE HILL JR DR SE,ATLANTA,GA,MEDASSETS,08/12/2024,2331111148,648,0.6,CS,91.19999999999999,0.0
,,R705T2,KPN9,GRADY HEALTH SYSTEM LUM CARTS,80 JESSE HILL JR DR SE,ATLANTA,GA,MEDASSETS,08/13/2024,2331111189,648,1.0,CS,152.0,0.0
,,R705T2,KPN9,GRADY HEALTH SYSTEM LUM CARTS,80 JESSE HILL JR DR SE,ATLANTA,GA,MEDASSETS,08/13/2024,2331111194,648,2.0,CS,304.0,0.0
,,R705T1,KMW5,UNIVERSITY OF MIAMI,1320 S DIXIE HWY,MIAMI,FL,MEDASSETS,07/31/2024,2331114086,649,3.0,CS,465.27,0.0
,,R705T1,BAIR,WESTCHESTER MEDICAL CENTER - LUM CA,100 WOODS RD,VALHALLA,NY,MEDASSETS,08/13/2024,2331136668,946,0.2,CS,32.1,0.0
,,R705T1,BAIR,WESTCHESTER MEDICAL CENTER - LUM CA,100 WOODS RD,VALHALLA,NY,MEDASSETS,08/13/2024,2331136655,974,0.2,CS,44.0,0.0
,,R705T2,WEZO,PMR WILDWOOD,2865 N REYNOLDS RD STE 170,TOLEDO,OH,MEDASSETS,08/07/2024,2331133769,957,10.0,CS,1257.0,0.0
,,R705T1,BAIR,WESTCHESTER MEDICAL CENTER - LUM CA,100 WOODS RD,VALHALLA,NY,MEDASSETS,08/13/2024,2331136668,974,0.3,CS,66.0,0.0
,,R705T2,WEZO,PMR WILDWOOD,2865 N REYNOLDS RD STE 170,TOLEDO,OH,MEDASSETS,08/13/2024,2331133771,957,15.0,CS,1885.5,0.0
,,R705T2,LCAC,UNIV CINCINNATI-WESTCHESTER (LUM),7700 UNIVERSITY DR,WEST CHESTER,OH,MEDASSETS,08/12/2024,2331197559,974,0.2,CS,43.14,0.0
,,R705T2,RBBA,PROMEDICA TOLEDO HOSPITAL (LUM),2142 N COVE BLVD,TOLEDO,OH,MEDASSETS,08/13/2024,2331266444,946,0.4,CS,62.96,0.0
,,R705T2,6RYB,PROMEDICA CHARLES & VIRG HICK (LUM),5640 N ADRIAN HWY,ADRIAN,MI,MEDASSETS,08/13/2024,2331278305,957,0.2,CS,25.14,0.0
,,R705T2,ECFX,UNIVERSITY OF ROCHESTER/STRONG (LUM,601 ELMWOOD AVE,ROCHESTER,NY,MEDASSETS,08/13/2024,2331259567,646,0.1,CS,12.39,0.0
,,R705T2,KPN9,GRADY HEALTH SYSTEM LUM CARTS,80 JESSE HILL JR DR SE,ATLANTA,GA,MEDASSETS,08/13/2024,2331287058,648,0.4,CS,60.8,0.0
,,R705T2,A5JD,NORTH MIAMI VALLEY HOSPITAL,9000 N MAIN ST,ENGLEWOOD,OH,MEDASSETS,08/13/2024,2331240945,956,1.0,CS,154.9,0.0
,,R705T2,RBBA,PROMEDICA TOLEDO HOSPITAL (LUM),2142 N COVE BLVD,TOLEDO,OH,MEDASSETS,08/13/2024,2331266420,946,0.1,CS,15.74,0.0
,,R705T2,ECFX,UNIVERSITY OF ROCHESTER/STRONG (LUM,601 ELMWOOD AVE,ROCHESTER,NY,MEDASSETS,08/14/2024,2331262667,648,0.2,CS,30.4,0.0
,,R705T1,U733,WINNESHIEK MEDICAL CENTER,901 MONTGOMERY ST,DECORAH,IA,MEDASSETS,08/13/2024,2331287702,648,0.1,CS,15.5,0.0
,,R705T2,KPN9,GRADY HEALTH SYSTEM LUM CARTS,80 JESSE HILL JR DR SE,ATLANTA,GA,MEDASSETS,08/12/2024,2331285141,648,0.2,CS,30.4,0.0
,,R705T2,SUBS,UNIV CINCINNATI-BCW,3200 BURNET AVE,CINCINNATI,OH,MEDASSETS,08/12/2024,2331329224,974,4.0,CS,862.8,0.0
,,R705T2,Q542,MIAMI VALLEY HOSPITAL,1 WYOMING ST,DAYTON,OH,MEDASSETS,08/13/2024,2331319587,648,1.0,CS,152.0,0.0
,,R705T2,RBBA,PROMEDICA TOLEDO HOSPITAL,2142 N COVE BLVD,TOLEDO,OH,MEDASSETS,08/12/2024,2331323512,956,1.0,CS,154.9,0.0
,,R705T1,451D,HOLZER MEDICAL CENTER,100 JACKSON PIKE,GALLIPOLIS,OH,MEDASSETS,08/13/2024,2331321046,656,1.0,CS,139.89,0.0
,,R705T1,HFNW,CHILDRENS NATIONAL HOSPITAL(LUM),111 MICHIGAN AVE NW,WASHINGTON,DC,MEDASSETS,08/13/2024,2331307865,646,0.8,CS,101.12,0.0
,,R705T2,R152,UNIVERSITY OF ROCHESTER/STRONG (BUL,601 ELMWOOD AVE,ROCHESTER,NY,MEDASSETS,08/14/2024,2331329409,648,1.0,CS,152.0,0.0
,,R705T2,R158,HIGHLAND HOSPITAL-ROCHESTER (LUM),1000 SOUTH AVE,ROCHESTER,NY,MEDASSETS,08/13/2024,2331352038,645,0.2,CS,28.42,0.0
,,R705T2,R158,HIGHLAND HOSPITAL-ROCHESTER (LUM),1000 SOUTH AVE,ROCHESTER,NY,MEDASSETS,08/13/2024,2331352080,648,0.1,CS,15.2,0.0
,,R705T1,DAJU,COOSA VALLEY MEDICAL CENTER,315 W HICKORY ST,SYLACAUGA,AL,MEDASSETS,08/14/2024,2331385570,648,1.0,CS,155.04,0.0
,,R705T1,BAIR,WESTCHESTER MEDICAL CENTER - LUM CA,100 WOODS RD,VALHALLA,NY,MEDASSETS,08/13/2024,2331393212,946,0.2,CS,32.1,0.0
,,R705T1,BAIR,WESTCHESTER MEDICAL CENTER - LUM CA,100 WOODS RD,VALHALLA,NY,MEDASSETS,08/13/2024,2331393224,974,0.2,CS,44.0,0.0
,,R705T1,BAIR,WESTCHESTER MEDICAL CENTER - LUM CA,100 WOODS RD,VALHALLA,NY,MEDASSETS,08/13/2024,2331393224,946,0.1,CS,16.05,0.0
,,R705T1,BAIR,WESTCHESTER MEDICAL CENTER - LUM CA,100 WOODS RD,VALHALLA,NY,MEDASSETS,08/14/2024,2331393250,974,0.1,CS,22.0,0.0
,,R705T1,BAIR,WESTCHESTER MEDICAL CENTER - LUM CA,100 WOODS RD,VALHALLA,NY,MEDASSETS,08/14/2024,2331393250,946,0.3,CS,48.150000000000006,0.0
,,R705T1,BAIR,WESTCHESTER MEDICAL CENTER - LUM CA,100 WOODS RD,VALHALLA,NY,MEDASSETS,08/14/2024,2331437893,974,0.2,CS,44.0,0.0
,,R705T1,BAIR,WESTCHESTER MEDICAL CENTER - LUM CA,100 WOODS RD,VALHALLA,NY,MEDASSETS,08/14/2024,2331437893,946,0.1,CS,16.05,0.0
,,R705T2,R158,HIGHLAND HOSPITAL-ROCHESTER (LUM),1000 SOUTH AVE,ROCHESTER,NY,MEDASSETS,08/15/2024,2331444526,648,0.2,CS,30.4,0.0
,,R705T2,ECFX,UNIVERSITY OF ROCHESTER/STRONG (LUM,601 ELMWOOD AVE,ROCHESTER,NY,MEDASSETS,08/14/2024,2331457218,645,0.4,CS,56.84,0.0
,,R705T1,BAIR,WESTCHESTER MEDICAL CENTER - LUM CA,100 WOODS RD,VALHALLA,NY,MEDASSETS,08/15/2024,2331448475,974,0.1,CS,22.0,0.0
,,R705T1,S410,HENRY HEYWOOD MEMORIAL HOSPITAL,242 GREEN ST,GARDNER,MA,MEDASSETS,08/15/2024,2331476828,645,0.1,CS,14.49,0.0
,,R705T1,6D93,UMUC AT ABERDEEN,660 MCHENRY RD,ABERDEEN,MD,MEDASSETS,08/14/2024,2331478037,648,2.0,CS,310.08,0.0
,,R705T1,BAIR,WESTCHESTER MEDICAL CENTER - LUM CA,100 WOODS RD,VALHALLA,NY,MEDASSETS,08/15/2024,2331448496,946,0.1,CS,16.05,0.0
,,R705T2,R152,UNIVERSITY OF ROCHESTER/STRONG (BUL,601 ELMWOOD AVE,ROCHESTER,NY,MEDASSETS,08/14/2024,2331459894,656,1.0,CS,137.15,0.0
,,R705T1,J55T,MERIDIAN PARK HOSPITAL,19300 SW 65TH AVE,TUALATIN,OR,MEDASSETS,08/14/2024,2331481488,648,1.0,CS,155.04,0.0
,,R705T2,RBBA,PROMEDICA TOLEDO HOSPITAL (LUM),2142 N COVE BLVD,TOLEDO,OH,MEDASSETS,08/14/2024,2331495335,946,0.2,CS,31.48,0.0
,,R705T1,JKFF,NCH MD-HEALTHCARE SYSTEM,350 7TH ST N,NAPLES,FL,MEDASSETS,08/15/2024,2331491507,648,1.0,CS,155.04,0.0
,,R705T1,VXE3,JOHNS HOPKINS ALL CHILDRENS HOSPITA,501 6TH AVE S,SAINT PETERSBURG,FL,MEDASSETS,08/14/2024,2331499206,645,1.0,CS,144.94,0.0
,,R705T2,6RYB,PROMEDICA CHARLES & VIRG HICK (LUM),5640 N ADRIAN HWY,ADRIAN,MI,MEDASSETS,08/14/2024,2331504347,957,0.1,CS,12.57,0.0
,,R705T1,TLFW,HATTIESBURG CLINIC-TRIAGE,50 OFFICE PARK DR,HATTIESBURG,MS,MEDASSETS,08/15/2024,2331508603,646,1.0,CS,126.38,0.0
,,R705T1,JY7Z,LEGACY SALMON CREEK HOSPITAL,2211 NE 139TH ST,VANCOUVER,WA,MEDASSETS,08/14/2024,2331519437,648,2.0,CS,310.08,0.0
,,R705T1,CVBH,ANN AND ROBERT H LURIE CHILDRENS,200 E SUPERIOR ST,CHICAGO,IL,MEDASSETS,08/15/2024,2331554231,650,2.0,CS,270.82,0.0
,,R705T1,HDIH,THE UNIVERSITY OF TEXAS SW MEDICAL,6201 HARRY HINES BLVD,DALLAS,TX,MEDASSETS,08/15/2024,2331540784,648,4.0,CS,620.16,0.0
,,R705T1,JZ5Z,CHS-GOOD SAMARITAN HOSPITAL / A90,1000 MONTAUK HWY,WEST ISLIP,NY,MEDASSETS,08/15/2024,2331566517,648,1.0,CS,155.04,0.0
,,R705T1,MKSO,BELLIN MEMORIAL HOSPITAL INC,905 CASS ST,GREEN BAY,WI,MEDASSETS,08/15/2024,2331573468,646,1.0,CS,126.38,0.0
,,R705T2,Q641,PROMEDICA FLOWER HOSPITAL (LUM),5200 HARROUN RD,SYLVANIA,OH,MEDASSETS,08/15/2024,2331618903,957,0.6,CS,75.42,0.0
,,R705T1,P381,HC AUTHRTY BAPTIST HLTH (BULK),2105 E SOUTH BLVD,MONTGOMERY,AL,MEDASSETS,08/14/2024,2331622673,646,1.0,CS,126.38,0.0
,,R705T2,Q555,PROMEDICA MEMORIAL HOSPITAL (LUM),715 S TAFT AVE,FREMONT,OH,MEDASSETS,08/15/2024,2331623953,648,0.3,CS,45.599999999999994,0.0
,,R705T2,6RYB,PROMEDICA CHARLES & VIRG HICK (LUM),5640 N ADRIAN HWY,ADRIAN,MI,MEDASSETS,08/15/2024,2331618984,957,0.1,CS,12.57,0.0
,,R705T2,Q555,PROMEDICA MEMORIAL HOSPITAL (LUM),715 S TAFT AVE,FREMONT,OH,MEDASSETS,08/15/2024,2331623954,648,0.3,CS,45.599999999999994,0.0
,,R705T2,ECFX,UNIVERSITY OF ROCHESTER/STRONG (LUM,601 ELMWOOD AVE,ROCHESTER,NY,MEDASSETS,08/16/2024,2331634485,648,0.7,CS,106.39999999999999,0.0
,,R705T2,ECFX,UNIVERSITY OF ROCHESTER/STRONG (LUM,601 ELMWOOD AVE,ROCHESTER,NY,MEDASSETS,08/15/2024,2331634471,645,0.2,CS,28.42,0.0
,,R705T1,F0V2,NORMAN REGIONAL HOSPITAL,3300 HEALTHPLEX PKWY,NORMAN,OK,MEDASSETS,07/09/2024,2331642393,649B,1.0,CS,139.94,0.0
,,R705T2,ECFX,UNIVERSITY OF ROCHESTER/STRONG (LUM,601 ELMWOOD AVE,ROCHESTER,NY,MEDASSETS,08/15/2024,2331634421,645,0.1,CS,14.21,0.0
,,R705T2,ECFX,UNIVERSITY OF ROCHESTER/STRONG (LUM,601 ELMWOOD AVE,ROCHESTER,NY,MEDASSETS,08/16/2024,2331647198,648,0.2,CS,30.4,0.0
,,R705T2,ECFX,UNIVERSITY OF ROCHESTER/STRONG (LUM,601 ELMWOOD AVE,ROCHESTER,NY,MEDASSETS,08/16/2024,2331644567,648,0.6,CS,91.19999999999999,0.0
,,R705T1,F0V2,NORMAN REGIONAL HOSPITAL,3300 HEALTHPLEX PKWY,NORMAN,OK,MEDASSETS,07/04/2024,2331642389,649B,2.0,CS,279.88,0.0
,,R705T2,Q542,MIAMI VALLEY HOSPITAL,1 WYOMING ST,DAYTON,OH,MEDASSETS,08/15/2024,2331673601,656,2.0,CS,274.3,0.0
,,R705T2,W479,UPPER VALLEY MEDICAL CENTER,3130 N COUNTY ROAD 25A,TROY,OH,MEDASSETS,08/14/2024,2331663744,957,1.0,CS,125.7,0.0
,,R705T2,DT9K,UNIVERSITY OF CINCINNATI - UCMC,331 ALBERT SABIN WAY,CINCINNATI,OH,MEDASSETS,08/16/2024,2331667961,974,1.0,CS,215.7,0.0
,,R705T2,DT9K,UNIVERSITY OF CINCINNATI - UCMC,331 ALBERT SABIN WAY,CINCINNATI,OH,MEDASSETS,08/15/2024,2331667915,974,1.0,CS,215.7,0.0
,,R705T1,XU8I,UNIV OF KANSAS HS-CAMBRIDGE DOCK,3801 EATON ST,KANSAS CITY,KS,MEDASSETS,08/16/2024,2331700759,956,1.0,CS,158.0,0.0
,,R705T1,BAIR,WESTCHESTER MEDICAL CENTER - LUM CA,100 WOODS RD,VALHALLA,NY,MEDASSETS,08/15/2024,2331694776,946,0.4,CS,64.2,0.0
,,R705T2,SUBS,UNIV CINCINNATI-BCW,3200 BURNET AVE,CINCINNATI,OH,MEDASSETS,08/15/2024,2331685392,656,1.0,CS,137.15,0.0
,,R705T1,BAIR,WESTCHESTER MEDICAL CENTER - LUM CA,100 WOODS RD,VALHALLA,NY,MEDASSETS,08/16/2024,2331705454,974,0.1,CS,22.0,0.0
,,R705T1,BAIR,WESTCHESTER MEDICAL CENTER - LUM CA,100 WOODS RD,VALHALLA,NY,MEDASSETS,08/16/2024,2331705454,946,0.3,CS,48.150000000000006,0.0
,,R705T1,S1G1,HELEN NEWBERRY JOY HOSPITAL,310 W AVENUE A,NEWBERRY,MI,MEDASSETS,08/02/2024,2331712399,649,1.0,CS,155.09,0.0
,,R705T2,LCAC,UNIV CINCINNATI-WESTCHESTER (LUM),7700 UNIVERSITY DR,WEST CHESTER,OH,MEDASSETS,08/15/2024,2331743728,974,0.5,CS,107.85,0.0
,,R705T1,ECHZ,WILSON MEMORIAL HOSPITAL (LUM),33-57 HARRISON ST,JOHNSON CITY,NY,MEDASSETS,08/15/2024,2331736300,648,0.1,CS,15.5,0.0
,,R705T2,ECFX,UNIVERSITY OF ROCHESTER/STRONG (LUM,601 ELMWOOD AVE,ROCHESTER,NY,MEDASSETS,08/17/2024,2331791028,646,0.2,CS,24.78,0.0
,,R705T2,6RYB,PROMEDICA CHARLES & VIRG HICK (LUM),5640 N ADRIAN HWY,ADRIAN,MI,MEDASSETS,08/16/2024,2331789375,957,0.1,CS,12.57,0.0
,,R705T1,5K02,CURE 4 THE KIDS FOUNDATION,1 BREAKTHROUGH WAY STE 300,LAS VEGAS,NV,MEDASSETS,08/12/2024,2331793543,646,3.0,CS,379.14,0.0
,,R705T1,J55T,MERIDIAN PARK HOSPITAL,19300 SW 65TH AVE,TUALATIN,OR,MEDASSETS,07/30/2024,2331802486,656,1.0,CS,139.89,0.0
,,R705T2,KPN9,GRADY HEALTH SYSTEM LUM CARTS,80 JESSE HILL JR DR SE,ATLANTA,GA,MEDASSETS,08/15/2024,2331829028,648,0.2,CS,30.4,0.0
,,R705T1,BAIR,WESTCHESTER MEDICAL CENTER - LUM CA,100 WOODS RD,VALHALLA,NY,MEDASSETS,08/18/2024,2331828308,946,0.1,CS,16.05,0.0
,,R705T2,KPN9,GRADY HEALTH SYSTEM LUM CARTS,80 JESSE HILL JR DR SE,ATLANTA,GA,MEDASSETS,08/18/2024,2331835421,648,0.6,CS,91.19999999999999,0.0
,,R705T1,Q7QB,WMC - LUM ON PALLETS,100 WOODS RD,VALHALLA,NY,MEDASSETS,08/16/2024,2331839657,946,1.0,CS,160.5,0.0
,,R705T1,BAIR,WESTCHESTER MEDICAL CENTER - LUM CA,100 WOODS RD,VALHALLA,NY,MEDASSETS,08/18/2024,2331824588,946,0.3,CS,48.150000000000006,0.0
,,R705T2,ECFX,UNIVERSITY OF ROCHESTER/STRONG (LUM,601 ELMWOOD AVE,ROCHESTER,NY,MEDASSETS,08/19/2024,2331895950,648,0.2,CS,30.4,0.0
,,R705T1,XQTL,ECHN LUM,71 HAYNES ST,MANCHESTER,CT,MEDASSETS,08/17/2024,2331887362,648,1.0,CS,155.04,0.0
,,R705T1,BAIR,WESTCHESTER MEDICAL CENTER - LUM CA,100 WOODS RD,VALHALLA,NY,MEDASSETS,08/19/2024,2331898746,946,0.1,CS,16.05,0.0
,,R705T2,XSIU,ATRIUM MEDICAL CENTER (LUM),1 MEDICAL CENTER DR,MIDDLETOWN,OH,MEDASSETS,08/19/2024,2331921283,956,1.0,CS,154.9,0.0
,,R705T2,XSIU,ATRIUM MEDICAL CENTER (LUM),1 MEDICAL CENTER DR,MIDDLETOWN,OH,MEDASSETS,08/02/2024,2331921294,647,1.0,CS,151.8,0.0
,,R705T1,XQI2,THE CENTER FOR NEUROSCIENCES,2450 E RIVER RD,TUCSON,AZ,MEDASSETS,08/19/2024,2331935468,648,1.0,CS,155.04,0.0
,,R705T2,RBBA,PROMEDICA TOLEDO HOSPITAL (LUM),2142 N COVE BLVD,TOLEDO,OH,MEDASSETS,08/19/2024,2331950387,957,0.3,CS,37.71,0.0
,,R705T2,ECFX,UNIVERSITY OF ROCHESTER/STRONG (LUM,601 ELMWOOD AVE,ROCHESTER,NY,MEDASSETS,07/20/2024,2332038027,646,0.4,CS,49.56,0.0
,,R705T2,RBBA,PROMEDICA TOLEDO HOSPITAL (LUM),2142 N COVE BLVD,TOLEDO,OH,MEDASSETS,08/19/2024,2332060341,946,0.2,CS,31.48,0.0
,,R705T1,JBCP,TAMPA GENERAL HOSPITAL-SPD,1 TAMPA GENERAL CIR,TAMPA,FL,MEDASSETS,08/20/2024,2332062855,656,0.6,CS,83.94,0.0
,,R705T1,ECHZ,WILSON MEMORIAL HOSPITAL (LUM),33-57 HARRISON ST,JOHNSON CITY,NY,MEDASSETS,08/19/2024,2332048591,646,0.2,CS,25.28,0.0
,,R705T1,5LRQ,AKRON CHILDRENS HOSPITAL,1 PERKINS SQ,AKRON,OH,MEDASSETS,08/16/2024,2332068775,646,2.0,CS,252.76,0.0
,,R705T1,YCYB,TC VANNIE COOK CHILDRENS CLINIC,101 W EXPRESSWAY 83,MCALLEN,TX,MEDASSETS,08/19/2024,2332091302,647,0.2,CS,30.96,0.0
,,R705T2,R152,UNIVERSITY OF ROCHESTER/STRONG (BUL,601 ELMWOOD AVE,ROCHESTER,NY,MEDASSETS,08/20/2024,2332124249,648,0.6,CS,91.19999999999999,0.0
,,R705T2,R158,HIGHLAND HOSPITAL-ROCHESTER (LUM),1000 SOUTH AVE,ROCHESTER,NY,MEDASSETS,08/20/2024,2332134804,648,0.2,CS,30.4,0.0
,,R705T2,R158,HIGHLAND HOSPITAL-ROCHESTER (LUM),1000 SOUTH AVE,ROCHESTER,NY,MEDASSETS,07/29/2024,2332132504,648,0.2,CS,30.4,0.0
,,R705T2,R152,UNIVERSITY OF ROCHESTER/STRONG (BUL,601 ELMWOOD AVE,ROCHESTER,NY,MEDASSETS,07/19/2024,2332122584,648,0.2,CS,30.4,0.0
,,R705T1,BAIR,WESTCHESTER MEDICAL CENTER - LUM CA,100 WOODS RD,VALHALLA,NY,MEDASSETS,08/19/2024,2332122828,946,0.1,CS,16.05,0.0
,,R705T1,BAIR,WESTCHESTER MEDICAL CENTER - LUM CA,100 WOODS RD,VALHALLA,NY,MEDASSETS,08/20/2024,2332126769,946,0.1,CS,16.05,0.0
,,R705T1,XOJW,YAVAPAI REG MEDICAL CTR- WEST,1003 WILLOW CREEK RD,PRESCOTT,AZ,MEDASSETS,08/20/2024,2332202425,649B,2.0,CS,279.88,0.0
,,R705T2,KPN9,GRADY HEALTH SYSTEM LUM CARTS,80 JESSE HILL JR DR SE,ATLANTA,GA,MEDASSETS,08/20/2024,2332220257,648,0.1,CS,15.2,0.0
,,R705T2,ECFX,UNIVERSITY OF ROCHESTER/STRONG (LUM,601 ELMWOOD AVE,ROCHESTER,NY,MEDASSETS,08/20/2024,2332214392,646,0.4,CS,49.56,0.0
,,R705T1,XOEL,KECK HOSPITAL OF USC (BULK),1500 SAN PABLO ST,LOS ANGELES,CA,MEDASSETS,08/20/2024,2332205003,956,1.0,CS,158.0,0.0
,,R705T2,ECFX,UNIVERSITY OF ROCHESTER/STRONG (LUM,601 ELMWOOD AVE,ROCHESTER,NY,MEDASSETS,08/20/2024,2332214392,648,0.6,CS,91.19999999999999,0.0
,,R705T2,Q542,MIAMI VALLEY HOSPITAL,1 WYOMING ST,DAYTON,OH,MEDASSETS,08/20/2024,2332237180,648,1.0,CS,152.0,0.0
,,R705T2,DT9K,UNIVERSITY OF CINCINNATI - UCMC,331 ALBERT SABIN WAY,CINCINNATI,OH,MEDASSETS,08/20/2024,2332266078,974,2.0,CS,431.4,0.0
,,R705T1,HFNW,CHILDRENS NATIONAL HOSPITAL(LUM),111 MICHIGAN AVE NW,WASHINGTON,DC,MEDASSETS,08/20/2024,2332273783,646,0.5,CS,63.2,0.0
,,R705T1,HFNW,CHILDRENS NATIONAL HOSPITAL(LUM),111 MICHIGAN AVE NW,WASHINGTON,DC,MEDASSETS,08/20/2024,2332276553,646,0.5,CS,63.2,0.0
,,R705T1,VXE3,JOHNS HOPKINS ALL CHILDRENS HOSPITA,501 6TH AVE S,SAINT PETERSBURG,FL,MEDASSETS,08/19/2024,2332286354,645,1.0,CS,144.94,0.0
,,R705T1,JKFF,NCH MD-HEALTHCARE SYSTEM,350 7TH ST N,NAPLES,FL,MEDASSETS,08/21/2024,2332282113,648,1.0,CS,155.04,0.0
,,R705T1,HFNW,CHILDRENS NATIONAL HOSPITAL(BULK),111 MICHIGAN AVE NW,WASHINGTON,DC,MEDASSETS,08/20/2024,2332268393,646,1.0,CS,126.38,0.0
,,R705T1,V556,STILLWATER MEDICAL CENTER,1323 W 6TH AVE,STILLWATER,OK,MEDASSETS,08/12/2024,2332299455,649,1.0,CS,155.09,0.0
,,R705T1,RQL9,EMANUEL HOSPITAL,2801 N GANTENBEIN AVE,PORTLAND,OR,MEDASSETS,08/21/2024,2332276992,646,2.0,CS,252.76,0.0
,,R705T1,5R0F,MEDSTAR RADIOLOGY NETW ROCKVILLE,3202 TOWER OAKS BLVD STE 120,ROCKVILLE,MD,MEDASSETS,08/20/2024,2332328310,648,2.0,CS,310.08,0.0
,,R705T1,5R0F,MEDSTAR RADIOLOGY NETW ROCKVILLE,3202 TOWER OAKS BLVD STE 120,ROCKVILLE,MD,MEDASSETS,08/20/2024,2332328310,656,2.0,CS,279.78,0.0
,,R705T2,6RYB,PROMEDICA CHARLES & VIRG HICK (LUM),5640 N ADRIAN HWY,ADRIAN,MI,MEDASSETS,08/20/2024,2332341797,957,0.1,CS,12.57,0.0
,,R705T1,P281,NORTHEAST ALABAMA MEDICAL CENTER,400 E 10TH ST,ANNISTON,AL,MEDASSETS,08/09/2024,2332394883,648,1.0,CS,155.04,0.0
,,R705T2,LCAC,UNIV CINCINNATI-WESTCHESTER (LUM),7700 UNIVERSITY DR,WEST CHESTER,OH,MEDASSETS,08/20/2024,2332345910,974,0.5,CS,107.85,0.0
,,R705T2,6RYB,PROMEDICA CHARLES & VIRG HICK (LUM),5640 N ADRIAN HWY,ADRIAN,MI,MEDASSETS,08/21/2024,2332401553,957,0.2,CS,25.14,0.0
,,R705T1,MKSO,BELLIN MEMORIAL HOSPITAL INC,905 CASS ST,GREEN BAY,WI,MEDASSETS,08/21/2024,2332439989,648,1.0,CS,155.04,0.0
,,R705T2,Q641,PROMEDICA FLOWER HOSPITAL (LUM),5200 HARROUN RD,SYLVANIA,OH,MEDASSETS,08/22/2024,2332398019,957,0.4,CS,50.28,0.0
,,R705T2,ECFX,UNIVERSITY OF ROCHESTER/STRONG (LUM,601 ELMWOOD AVE,ROCHESTER,NY,MEDASSETS,08/22/2024,2332419048,648,0.1,CS,15.2,0.0
,,R705T1,4LNU,UNIVERSITY OF MARYLAND LAUREL MED,7150 CONTEE RD,LAUREL,MD,MEDASSETS,08/21/2024,2332469153,648,4.0,CS,620.16,0.0
,,R705T1,BAIR,WESTCHESTER MEDICAL CENTER - LUM CA,100 WOODS RD,VALHALLA,NY,MEDASSETS,08/22/2024,2332482569,946,0.1,CS,16.05,0.0
,,R705T1,BAIR,WESTCHESTER MEDICAL CENTER - LUM CA,100 WOODS RD,VALHALLA,NY,MEDASSETS,08/21/2024,2332475021,946,0.2,CS,32.1,0.0
,,R705T2,RBBA,PROMEDICA TOLEDO HOSPITAL (LUM),2142 N COVE BLVD,TOLEDO,OH,MEDASSETS,08/23/2024,2332599517,946,0.2,CS,31.48,0.0
,,R705T2,6RYB,PROMEDICA CHARLES & VIRG HICK (LUM),5640 N ADRIAN HWY,ADRIAN,MI,MEDASSETS,08/22/2024,2332604452,957,0.2,CS,25.14,0.0
,,R705T2,R152,UNIVERSITY OF ROCHESTER/STRONG (BUL,601 ELMWOOD AVE,ROCHESTER,NY,MEDASSETS,08/22/2024,2332584676,656,1.0,CS,137.15,0.0
,,R705T2,ECFX,UNIVERSITY OF ROCHESTER/STRONG (LUM,601 ELMWOOD AVE,ROCHESTER,NY,MEDASSETS,08/23/2024,2332589152,648,0.6,CS,91.19999999999999,0.0
,,R705T1,ECHZ,WILSON MEMORIAL HOSPITAL (LUM),33-57 HARRISON ST,JOHNSON CITY,NY,MEDASSETS,08/23/2024,2332590777,648,0.2,CS,31.02,0.0
,,R705T2,KPN9,GRADY HEALTH SYSTEM LUM CARTS,80 JESSE HILL JR DR SE,ATLANTA,GA,MEDASSETS,08/22/2024,2332630326,646,0.4,CS,49.56,0.0
,,R705T1,HFNW,CHILDRENS NATIONAL HOSPITAL(LUM),111 MICHIGAN AVE NW,WASHINGTON,DC,MEDASSETS,08/22/2024,2332646647,646,4.0,CS,505.6,0.0
,,R705T1,UYI6,AMG- ALBUQUERQUE,5400 GIBSON BLVD SE 3RD FL,ALBUQUERQUE,NM,MEDASSETS,08/22/2024,2332659574,974,0.2,CS,44.0,0.0
,,R705T2,XSIU,ATRIUM MEDICAL CENTER (LUM),1 MEDICAL CENTER DR,MIDDLETOWN,OH,MEDASSETS,08/23/2024,2332666518,647,1.0,CS,151.8,0.0
,,R705T2,W479,UPPER VALLEY MEDICAL CENTER,3130 N COUNTY ROAD 25A,TROY,OH,MEDASSETS,08/22/2024,2332699567,956,1.0,CS,154.9,0.0
,,R705T1,U890,DOCTORS MEMORIAL HOSPITAL,333 N BYRON BUTLER PKWY,PERRY,FL,MEDASSETS,08/23/2024,2332706585,647,0.4,CS,61.96,0.0
,,R705T1,BAIR,WESTCHESTER MEDICAL CENTER - LUM CA,100 WOODS RD,VALHALLA,NY,MEDASSETS,08/22/2024,2332699818,946,0.2,CS,32.1,0.0
,,R705T1,BAIR,WESTCHESTER MEDICAL CENTER - LUM CA,100 WOODS RD,VALHALLA,NY,MEDASSETS,08/23/2024,2332705560,946,0.1,CS,16.05,0.0
,,R705T1,HFNW,CHILDRENS NATIONAL HOSPITAL(LUM),111 MICHIGAN AVE NW,WASHINGTON,DC,MEDASSETS,08/23/2024,2332742134,645,0.8,CS,115.92,0.0
,,R705T1,5LRQ,AKRON CHILDRENS HOSPITAL,1 PERKINS SQ,AKRON,OH,MEDASSETS,08/23/2024,2332740424,646,2.0,CS,252.76,0.0
,,R705T2,Q542,MIAMI VALLEY HOSPITAL,1 WYOMING ST,DAYTON,OH,MEDASSETS,08/23/2024,2332743127,648,1.0,CS,152.0,0.0
,,R705T1,BAIR,WESTCHESTER MEDICAL CENTER - LUM CA,100 WOODS RD,VALHALLA,NY,MEDASSETS,08/23/2024,2332759411,946,0.1,CS,16.05,0.0
,,R705T2,RBBA,PROMEDICA TOLEDO HOSPITAL (LUM),2142 N COVE BLVD,TOLEDO,OH,MEDASSETS,08/23/2024,2332767919,957,0.2,CS,25.14,0.0
,,R705T1,F0V2,NORMAN REGIONAL HOSPITAL,3300 HEALTHPLEX PKWY,NORMAN,OK,MEDASSETS,08/12/2024,2332781278,649B,2.0,CS,279.88,0.0
,,R705T1,BAIR,WESTCHESTER MEDICAL CENTER - LUM CA,100 WOODS RD,VALHALLA,NY,MEDASSETS,08/25/2024,2332778612,946,0.1,CS,16.05,0.0
,,R705T1,BAIR,WESTCHESTER MEDICAL CENTER - LUM CA,100 WOODS RD,VALHALLA,NY,MEDASSETS,08/25/2024,2332781566,946,0.1,CS,16.05,0.0
,,R705T2,SUBS,UNIV CINCINNATI-BCW,3200 BURNET AVE,CINCINNATI,OH,MEDASSETS,08/21/2024,2332778928,656,2.0,CS,274.3,0.0
,,R705T1,MF5W,GOOD SAMARITAN HOSPITAL,1015 NW 22ND AVE,PORTLAND,OR,MEDASSETS,08/23/2024,2332778974,648,1.0,CS,155.04,0.0
,,R705T1,BAIR,WESTCHESTER MEDICAL CENTER - LUM CA,100 WOODS RD,VALHALLA,NY,MEDASSETS,08/26/2024,2332843966,946,0.2,CS,32.1,0.0
,,R705T2,ECFX,UNIVERSITY OF ROCHESTER/STRONG (LUM,601 ELMWOOD AVE,ROCHESTER,NY,MEDASSETS,08/25/2024,2332849356,646,0.4,CS,49.56,0.0
,,R705T1,GEDD,CHILDRENS HOSPITAL WAREHOUSE,1511 CABIN BRANCH DR BLDG A2,LANDOVER,MD,MEDASSETS,08/22/2024,2332852179,648,2.0,CS,310.08,0.0
,,R705T2,R152,UNIVERSITY OF ROCHESTER/STRONG (BUL,601 ELMWOOD AVE,ROCHESTER,NY,MEDASSETS,08/25/2024,2332861774,648,0.6,CS,91.19999999999999,0.0
,,R705T2,LCAC,UNIV CINCINNATI-WESTCHESTER (LUM),7700 UNIVERSITY DR,WEST CHESTER,OH,MEDASSETS,08/23/2024,2332858209,974,0.8,CS,172.56,0.0
,,R705T2,R152,UNIVERSITY OF ROCHESTER/STRONG (BUL,601 ELMWOOD AVE,ROCHESTER,NY,MEDASSETS,08/26/2024,2332866225,648,1.0,CS,152.0,0.0
,,R705T1,P035,FORREST COUNTY GENERAL HOSPITAL,6051 U S HIGHWAY 49,HATTIESBURG,MS,MEDASSETS,08/26/2024,2332893542,956,1.0,CS,158.0,0.0
,,R705T1,HDIH,THE UNIVERSITY OF TEXAS SW MEDICAL,6201 HARRY HINES BLVD,DALLAS,TX,MEDASSETS,08/27/2024,2332968178,648,6.0,CS,930.24,0.0
,,R705T1,ECHZ,WILSON MEMORIAL HOSPITAL (LUM),33-57 HARRISON ST,JOHNSON CITY,NY,MEDASSETS,08/23/2024,2332970511,648,0.2,CS,31.02,0.0
,,R705T1,X917,COREWELL HEALTH FARMINGTON HILLS HO,28050 GRAND RIVER AVE,FARMINGTON HILLS,MI,MEDASSETS,08/26/2024,2332978304,656,1.0,CS,139.89,0.0
,,R705T1,RQL9,EMANUEL HOSPITAL,2801 N GANTENBEIN AVE,PORTLAND,OR,MEDASSETS,08/27/2024,2332985338,648,2.0,CS,310.08,0.0
,,R705T1,RQL9,EMANUEL HOSPITAL,2801 N GANTENBEIN AVE,PORTLAND,OR,MEDASSETS,08/27/2024,2332985338,646,2.0,CS,252.76,0.0
,,R705T2,RBBA,PROMEDICA TOLEDO HOSPITAL (LUM),2142 N COVE BLVD,TOLEDO,OH,MEDASSETS,08/26/2024,2332995506,946,0.5,CS,78.7,0.0
,,R705T2,RBBA,PROMEDICA TOLEDO HOSPITAL (LUM),2142 N COVE BLVD,TOLEDO,OH,MEDASSETS,08/26/2024,2332995576,946,0.2,CS,31.48,0.0
,,R705T2,ECFX,UNIVERSITY OF ROCHESTER/STRONG (LUM,601 ELMWOOD AVE,ROCHESTER,NY,MEDASSETS,08/26/2024,2333053191,645,0.2,CS,28.42,0.0
,,R705T2,ECFX,UNIVERSITY OF ROCHESTER/STRONG (LUM,601 ELMWOOD AVE,ROCHESTER,NY,MEDASSETS,08/26/2024,2333053191,646,0.1,CS,12.39,0.0
,,R705T1,JBCP,TAMPA GENERAL HOSPITAL-SPD,1 TAMPA GENERAL CIR,TAMPA,FL,MEDASSETS,08/26/2024,2333085201,656,3.0,CS,419.7,0.0
,,R705T1,W5ZF,VANDERBILT IMAGING (BULK),2000 RICHARD JONES RD STE 270,NASHVILLE,TN,MEDASSETS,08/23/2024,2333113224,656,1.0,CS,139.89,0.0
,,R705T1,HHNU,CHILDRENS HOSPITAL OF WISCONSIN,6740 W WASHINGTON ST,WEST ALLIS,WI,MEDASSETS,08/26/2024,2333106520,649B,2.0,CS,279.88,0.0
,,R705T1,ZWHS,UM CHARLES REGIONAL MED CENTER,5 GARRETT AVE PO BOX 1070,LA PLATA,MD,MEDASSETS,08/27/2024,2333114187,648,1.0,CS,155.04,0.0
,,R705T2,KPN9,GRADY HEALTH SYSTEM LUM CARTS,80 JESSE HILL JR DR SE,ATLANTA,GA,MEDASSETS,08/27/2024,2333162971,648,0.6,CS,91.19999999999999,0.0
,,R705T2,LCAC,UNIV CINCINNATI-WESTCHESTER,7700 UNIVERSITY DR,WEST CHESTER,OH,MEDASSETS,08/26/2024,2333175157,656,6.0,CS,822.9000000000001,0.0
,,R705T2,WCV2,NICHOLAS H NOYES HOSPITAL,111 CLARA BARTON ST,DANSVILLE,NY,MEDASSETS,08/28/2024,2333162700,648,0.4,CS,60.8,0.0
,,R705T1,JBCP,TAMPA GENERAL HOSPITAL-SPD,1 TAMPA GENERAL CIR,TAMPA,FL,MEDASSETS,07/02/2024,2333198480,656,-0.5,CS,-69.95,0.0
,,R705T1,BAIR,WESTCHESTER MEDICAL CENTER - LUM CA,100 WOODS RD,VALHALLA,NY,MEDASSETS,08/28/2024,2333224647,946,0.1,CS,16.05,0.0
,,R705T1,X917,COREWELL HEALTH FARMINGTON HILLS HO,28050 GRAND RIVER AVE,FARMINGTON HILLS,MI,MEDASSETS,08/28/2024,2333221825,656,1.0,CS,139.89,0.0
,,R705T1,GEDD,CHILDRENS HOSPITAL WAREHOUSE,1511 CABIN BRANCH DR BLDG A2,LANDOVER,MD,MEDASSETS,08/26/2024,2333246424,648,2.0,CS,310.08,0.0
,,R705T2,ECFX,UNIVERSITY OF ROCHESTER/STRONG (LUM,601 ELMWOOD AVE,ROCHESTER,NY,MEDASSETS,08/28/2024,2333238603,648,0.2,CS,30.4,0.0
,,R705T1,BAIR,WESTCHESTER MEDICAL CENTER - LUM CA,100 WOODS RD,VALHALLA,NY,MEDASSETS,08/28/2024,2333224647,974,0.2,CS,44.0,0.0
,,R705T1,BAIR,WESTCHESTER MEDICAL CENTER - LUM CA,100 WOODS RD,VALHALLA,NY,MEDASSETS,08/28/2024,2333224650,974,0.1,CS,22.0,0.0
,,R705T1,BAIR,WESTCHESTER MEDICAL CENTER - LUM CA,100 WOODS RD,VALHALLA,NY,MEDASSETS,08/28/2024,2333224658,974,2.0,CS,440.02,0.0
,,R705T2,RBBA,PROMEDICA TOLEDO HOSPITAL (LUM),2142 N COVE BLVD,TOLEDO,OH,MEDASSETS,08/27/2024,2333272636,946,0.4,CS,62.96,0.0
,,R705T2,Q641,PROMEDICA FLOWER HOSPITAL (LUM),5200 HARROUN RD,SYLVANIA,OH,MEDASSETS,08/27/2024,2333278354,956,1.0,CS,154.9,0.0
,,R705T1,DJRD,JENNIE M MELHAM MEMORIAL MEDICAL,145 MEMORIAL DR,BROKEN BOW,NE,MEDASSETS,08/28/2024,2333294828,648,0.1,CS,15.5,0.0
,,R705T2,SUBS,UNIV CINCINNATI-BCW,3200 BURNET AVE,CINCINNATI,OH,MEDASSETS,08/28/2024,2333350549,656,1.0,CS,137.15,0.0
,,R705T1,V648,GRADY MEMORIAL HOSPITAL,2220 W IOWA AVE,CHICKASHA,OK,MEDASSETS,08/29/2024,2333357925,649,1.0,CS,155.09,0.0
,,R705T2,ECFX,UNIVERSITY OF ROCHESTER/STRONG (LUM,601 ELMWOOD AVE,ROCHESTER,NY,MEDASSETS,08/29/2024,2333372302,648,0.2,CS,30.4,0.0
,,R705T1,BAIR,WESTCHESTER MEDICAL CENTER - LUM CA,100 WOODS RD,VALHALLA,NY,MEDASSETS,08/28/2024,2333372593,946,0.1,CS,16.05,0.0
,,R705T1,BAIR,WESTCHESTER MEDICAL CENTER - LUM CA,100 WOODS RD,VALHALLA,NY,MEDASSETS,08/29/2024,2333377055,974,0.1,CS,22.0,0.0
,,R705T1,BAIR,WESTCHESTER MEDICAL CENTER - LUM CA,100 WOODS RD,VALHALLA,NY,MEDASSETS,08/29/2024,2333377055,946,0.1,CS,16.05,0.0
,,R705T1,BAIR,WESTCHESTER MEDICAL CENTER - LUM CA,100 WOODS RD,VALHALLA,NY,MEDASSETS,08/29/2024,2333377063,974,0.1,CS,22.0,0.0
,,R705T1,JBUL,HURLEY MEDICAL CENTER,1 HURLEY PLZ,FLINT,MI,MEDASSETS,08/29/2024,2333388040,646,4.0,CS,505.52,0.0
,,R705T1,JKFF,NCH MD-HEALTHCARE SYSTEM,350 7TH ST N,NAPLES,FL,MEDASSETS,08/29/2024,2333398104,648,1.0,CS,155.04,0.0
,,R705T1,P035,FORREST COUNTY GENERAL HOSPITAL,6051 U S HIGHWAY 49,HATTIESBURG,MS,MEDASSETS,08/29/2024,2333415670,956,1.0,CS,158.0,0.0
,,R705T1,ECHZ,WILSON MEMORIAL HOSPITAL (LUM),33-57 HARRISON ST,JOHNSON CITY,NY,MEDASSETS,08/28/2024,2333437194,646,0.2,CS,25.28,0.0
,,R705T1,Q7QB,WMC - LUM ON PALLETS,100 WOODS RD,VALHALLA,NY,MEDASSETS,08/28/2024,2333467170,974,2.0,CS,440.02,0.0
,,R705T2,ECFX,UNIVERSITY OF ROCHESTER/STRONG (LUM,601 ELMWOOD AVE,ROCHESTER,NY,MEDASSETS,08/29/2024,2333537843,645,0.3,CS,42.63,0.0
,,R705T2,A5JD,NORTH MIAMI VALLEY HOSPITAL,9000 N MAIN ST,ENGLEWOOD,OH,MEDASSETS,08/29/2024,2333531359,956,1.0,CS,154.9,0.0
,,R705T1,U5DE,ST PETERS HOSPITAL,2475 E BROADWAY ST,HELENA,MT,MEDASSETS,07/29/2024,2333537904,974,2.0,CS,440.02,0.0
,,R705T2,ECFX,UNIVERSITY OF ROCHESTER/STRONG (LUM,601 ELMWOOD AVE,ROCHESTER,NY,MEDASSETS,08/30/2024,2333544182,648,0.1,CS,15.2,0.0
,,R705T2,ECFX,UNIVERSITY OF ROCHESTER/STRONG (LUM,601 ELMWOOD AVE,ROCHESTER,NY,MEDASSETS,08/30/2024,2333549744,648,0.2,CS,30.4,0.0
,,R705T1,M9O2,GOOD SAM HOSPITAL OF SUFFERN STOCK,255 LAFAYETTE AVE,SUFFERN,NY,MEDASSETS,08/29/2024,2333562878,974,1.0,CS,220.01,0.0
,,R705T2,ECFX,UNIVERSITY OF ROCHESTER/STRONG (LUM,601 ELMWOOD AVE,ROCHESTER,NY,MEDASSETS,08/30/2024,2333549727,648,0.2,CS,30.4,0.0
,,R705T2,ECFX,UNIVERSITY OF ROCHESTER/STRONG (LUM,601 ELMWOOD AVE,ROCHESTER,NY,MEDASSETS,08/30/2024,2333549785,648,0.3,CS,45.599999999999994,0.0
,,R705T1,JY7Z,LEGACY SALMON CREEK HOSPITAL,2211 NE 139TH ST,VANCOUVER,WA,MEDASSETS,08/29/2024,2333586018,648,2.0,CS,310.08,0.0
,,R705T1,HFNW,CHILDRENS NATIONAL HOSPITAL(LUM),111 MICHIGAN AVE NW,WASHINGTON,DC,MEDASSETS,08/29/2024,2333607067,646,0.3,CS,37.92,0.0
,,R705T1,BAIR,WESTCHESTER MEDICAL CENTER - LUM CA,100 WOODS RD,VALHALLA,NY,MEDASSETS,08/30/2024,2333606148,974,0.1,CS,22.0,0.0
,,R705T1,YFZS,NEUROSCIENCE GROUP,1305 W AMERICAN DR,NEENAH,WI,MEDASSETS,08/29/2024,2333615600,648,1.0,CS,155.04,0.0
,,R705T1,BAIR,WESTCHESTER MEDICAL CENTER - LUM CA,100 WOODS RD,VALHALLA,NY,MEDASSETS,08/30/2024,2333606147,974,0.1,CS,22.0,0.0
,,R705T1,BAIR,WESTCHESTER MEDICAL CENTER - LUM CA,100 WOODS RD,VALHALLA,NY,MEDASSETS,08/30/2024,2333606147,946,0.1,CS,16.05,0.0
,,R705T1,BAIR,WESTCHESTER MEDICAL CENTER - LUM CA,100 WOODS RD,VALHALLA,NY,MEDASSETS,08/29/2024,2333602903,946,0.1,CS,16.05,0.0
,,R705T1,HFNW,CHILDRENS NATIONAL HOSPITAL(LUM),111 MICHIGAN AVE NW,WASHINGTON,DC,MEDASSETS,08/29/2024,2333607045,646,0.5,CS,63.2,0.0
,,R705T1,VXE3,JOHNS HOPKINS ALL CHILDRENS HOSPITA,501 6TH AVE S,SAINT PETERSBURG,FL,MEDASSETS,08/30/2024,2333599232,645,1.0,CS,144.94,0.0
,,R705T2,SUBS,UNIV CINCINNATI-BCW,3200 BURNET AVE,CINCINNATI,OH,MEDASSETS,08/29/2024,2333625030,656,1.0,CS,137.15,0.0
,,R705T1,ECHZ,WILSON MEMORIAL HOSPITAL (LUM),33-57 HARRISON ST,JOHNSON CITY,NY,MEDASSETS,08/29/2024,2333645495,648,0.2,CS,31.02,0.0
,,R705T1,S1G1,HELEN NEWBERRY JOY HOSPITAL,310 W AVENUE A,NEWBERRY,MI,MEDASSETS,08/30/2024,2333647137,649,1.0,CS,155.09,0.0
,,R705T2,V888,BON SECOURS ST FRANCIS,2095 HENRY TECKLENBURG DR,CHARLESTON,SC,MEDASSETS,08/20/2024,7178680172,946,1.0,CS,157.35,20.05
,,R705T2,V888,BON SECOURS ST FRANCIS,2095 HENRY TECKLENBURG DR,CHARLESTON,SC,MEDASSETS,08/07/2024,7178168506,656,1.0,CS,137.15,0.0
,,R705T2,V888,BON SECOURS ST FRANCIS,2095 HENRY TECKLENBURG DR,CHARLESTON,SC,MEDASSETS,08/27/2024,7178928879,656,3.0,CS,411.45,0.0
,,R705T2,V888,BON SECOURS ST FRANCIS,2095 HENRY TECKLENBURG DR,CHARLESTON,SC,MEDASSETS,08/13/2024,7178413722,956,1.0,CS,154.9,0.0
,,R705T2,V888,BON SECOURS ST FRANCIS,2095 HENRY TECKLENBURG DR,CHARLESTON,SC,MEDASSETS,08/28/2024,7178984170,656,1.0,CS,137.15,0.0
,,R705T2,V888,BON SECOURS ST FRANCIS,2095 HENRY TECKLENBURG DR,CHARLESTON,SC,MEDASSETS,08/01/2024,7177981390,956,1.0,CS,154.9,0.0
,,R705T2,V888,BON SECOURS ST FRANCIS,2095 HENRY TECKLENBURG DR,CHARLESTON,SC,MEDASSETS,09/25/2024,7180039409,956,2.0,CS,309.8,0.0
,,R705T2,ZSGA,MOUNT PLEASANT HOSPITAL,3500 N HIGHWAY 17,MOUNT PLEASANT,SC,MEDASSETS,09/11/2024,7179435501,956,2.0,CS,309.8,0.0
,,R705T2,V888,BON SECOURS ST FRANCIS,2095 HENRY TECKLENBURG DR,CHARLESTON,SC,MEDASSETS,09/10/2024,7179377878,656,1.0,CS,137.15,0.0
,,R705T2,V888,BON SECOURS ST FRANCIS,2095 HENRY TECKLENBURG DR,CHARLESTON,SC,MEDASSETS,09/24/2024,7179966035,656,1.0,CS,137.15,0.0
,,R705T2,V888,BON SECOURS ST FRANCIS,2095 HENRY TECKLENBURG DR,CHARLESTON,SC,MEDASSETS,09/05/2024,7179261240,656,1.0,CS,137.15,0.0
,,R705T2,ZE3F,ROPER ST FRANCIS BERKELEY HOSP,100 CALLEN BLVD,SUMMERVILLE,SC,MEDASSETS,09/12/2024,7179515947,956,2.0,CS,309.8,0.0
,,R705T2,V888,BON SECOURS ST FRANCIS,2095 HENRY TECKLENBURG DR,CHARLESTON,SC,MEDASSETS,09/11/2024,7179437232,656,2.0,CS,274.3,0.0
,,R705T2,ZSGA,MOUNT PLEASANT HOSPITAL,3500 N HIGHWAY 17,MOUNT PLEASANT,SC,MEDASSETS,09/26/2024,7180081558,956,2.0,CS,309.8,0.0
,,R705T2,V889,ROPER HOSPITAL,316 CALHOUN ST,CHARLESTON,SC,MEDASSETS,09/26/2024,7180081278,656,1.0,CS,137.15,0.0
,,R705T1,W5ZF,VANDERBILT IMAGING (BULK),2000 RICHARD JONES RD STE 270,NASHVILLE,TN,MEDASSETS,08/29/2024,2333691371,656,1.0,CS,139.89,0.0
,,R705T1,M9O2,GOOD SAM HOSPITAL OF SUFFERN STOCK,255 LAFAYETTE AVE,SUFFERN,NY,MEDASSETS,08/30/2024,2333692283,974,1.0,CS,220.01,0.0
,,R705T1,MLBP,PHOEBE PUTNEY MEMORIAL HOSPITAL,1008 N MONROE ST,ALBANY,GA,MEDASSETS,08/30/2024,2333709001,957,1.0,CS,128.21,0.0
,,R705T1,HFNW,CHILDRENS NATIONAL HOSPITAL(BULK),111 MICHIGAN AVE NW,WASHINGTON,DC,MEDASSETS,08/23/2024,2333699777,646,1.0,CS,126.38,0.0
,,R705T1,GEDD,CHILDRENS HOSPITAL WAREHOUSE,1511 CABIN BRANCH DR BLDG A2,LANDOVER,MD,MEDASSETS,08/30/2024,2333699779,648,1.0,CS,155.04,0.0
,,R705T2,LCAC,UNIV CINCINNATI-WESTCHESTER,7700 UNIVERSITY DR,WEST CHESTER,OH,MEDASSETS,08/26/2024,2333703952,974,1.0,CS,215.7,0.0
,,R705T1,5LRQ,AKRON CHILDRENS HOSPITAL,1 PERKINS SQ,AKRON,OH,MEDASSETS,08/30/2024,2333722616,646,2.0,CS,252.76,0.0
,,R705T2,DT9K,UNIVERSITY OF CINCINNATI - UCMC,331 ALBERT SABIN WAY,CINCINNATI,OH,MEDASSETS,08/26/2024,2333703900,974,1.0,CS,215.7,0.0
,,R705T2,R152,UNIVERSITY OF ROCHESTER/STRONG (BUL,601 ELMWOOD AVE,ROCHESTER,NY,MEDASSETS,08/31/2024,2333721730,656,1.0,CS,137.15,0.0
,,R705T2,SUBS,UNIV CINCINNATI-BCW,3200 BURNET AVE,CINCINNATI,OH,MEDASSETS,08/22/2024,2333732527,974,6.0,CS,1294.1999999999998,0.0
,,R705T1,BAIR,WESTCHESTER MEDICAL CENTER - LUM CA,100 WOODS RD,VALHALLA,NY,MEDASSETS,09/01/2024,2333739475,946,0.1,CS,16.05,0.0
,,R705T1,XOEL,KECK HOSPITAL OF USC (BULK),1500 SAN PABLO ST,LOS ANGELES,CA,MEDASSETS,08/30/2024,2333846974,956,1.0,CS,158.0,0.0
,,R705T2,ECFX,UNIVERSITY OF ROCHESTER/STRONG (LUM,601 ELMWOOD AVE,ROCHESTER,NY,MEDASSETS,08/31/2024,2333846159,646,0.2,CS,24.78,0.0
,,R705T1,BAIR,WESTCHESTER MEDICAL CENTER - LUM CA,100 WOODS RD,VALHALLA,NY,MEDASSETS,09/03/2024,2333836820,946,0.1,CS,16.05,0.0
,,R705T1,BAIR,WESTCHESTER MEDICAL CENTER - LUM CA,100 WOODS RD,VALHALLA,NY,MEDASSETS,09/03/2024,2333836820,974,0.1,CS,22.0,0.0
,,R705T2,R152,UNIVERSITY OF ROCHESTER/STRONG (BUL,601 ELMWOOD AVE,ROCHESTER,NY,MEDASSETS,09/03/2024,2333834153,648,0.6,CS,91.19999999999999,0.0
,,R705T2,ECFX,UNIVERSITY OF ROCHESTER/STRONG (LUM,601 ELMWOOD AVE,ROCHESTER,NY,MEDASSETS,09/03/2024,2333863940,648,0.5,CS,76.0,0.0
,,R705T2,ECFX,UNIVERSITY OF ROCHESTER/STRONG (LUM,601 ELMWOOD AVE,ROCHESTER,NY,MEDASSETS,09/03/2024,2333863969,648,0.4,CS,60.8,0.0
,,R705T1,XQI2,THE CENTER FOR NEUROSCIENCES,2450 E RIVER RD,TUCSON,AZ,MEDASSETS,09/03/2024,2333917570,648,1.0,CS,155.04,0.0
,,R705T1,JZ5Z,CHS-GOOD SAMARITAN HOSPITAL / A90,1000 MONTAUK HWY,WEST ISLIP,NY,MEDASSETS,09/03/2024,2333977676,648,1.0,CS,155.04,0.0
,,R705T1,HDIH,THE UNIVERSITY OF TEXAS SW MEDICAL,6201 HARRY HINES BLVD,DALLAS,TX,MEDASSETS,09/04/2024,2334009462,956,4.0,CS,632.0,0.0
,,R705T2,Q542,MIAMI VALLEY HOSPITAL,1 WYOMING ST,DAYTON,OH,MEDASSETS,09/02/2024,2334013817,648,1.0,CS,152.0,0.0
,,R705T1,6D93,UMUC AT ABERDEEN,660 MCHENRY RD,ABERDEEN,MD,MEDASSETS,09/03/2024,2334027103,656,1.0,CS,139.89,0.0
,,R705T1,4LNU,UNIVERSITY OF MARYLAND LAUREL MED,7150 CONTEE RD,LAUREL,MD,MEDASSETS,08/21/2024,2334027158,648,1.0,CS,155.04,0.0
,,R705T1,WOD5,PHOEBE SUMTER REGIONAL HOSPITAL,126 HWY 280,AMERICUS,GA,MEDASSETS,09/03/2024,2334058954,957,1.0,CS,128.21,0.0
,,R705T1,JGTB,UAB HOSPITAL LUM CARTS,521 S 19TH ST GSB,BIRMINGHAM,AL,MEDASSETS,09/04/2024,2334071922,648B,0.3,CS,41.97,0.0
,,R705T2,ECFX,UNIVERSITY OF ROCHESTER/STRONG (LUM,601 ELMWOOD AVE,ROCHESTER,NY,MEDASSETS,09/03/2024,2334077270,645,0.1,CS,14.21,0.0
,,R705T2,ECFX,UNIVERSITY OF ROCHESTER/STRONG (LUM,601 ELMWOOD AVE,ROCHESTER,NY,MEDASSETS,09/03/2024,2334077270,646,0.1,CS,12.39,0.0
,,R705T2,R158,HIGHLAND HOSPITAL-ROCHESTER (LUM),1000 SOUTH AVE,ROCHESTER,NY,MEDASSETS,09/02/2024,2334063267,648,0.4,CS,60.8,0.0
,,R705T1,KN7M,ST LUKES CHESTERFIELD,232 S WOODS MILL RD,CHESTERFIELD,MO,MEDASSETS,09/04/2024,2334085810,956,1.0,CS,158.0,0.0
,,R705T2,KPN9,GRADY HEALTH SYSTEM LUM CARTS,80 JESSE HILL JR DR SE,ATLANTA,GA,MEDASSETS,09/03/2024,2334100590,648,0.2,CS,30.4,0.0
,,R705T1,BAIR,WESTCHESTER MEDICAL CENTER - LUM CA,100 WOODS RD,VALHALLA,NY,MEDASSETS,09/03/2024,2334104492,946,0.1,CS,16.05,0.0
,,R705T1,JKFF,NCH MD-HEALTHCARE SYSTEM,350 7TH ST N,NAPLES,FL,MEDASSETS,09/05/2024,2334164362,648,1.0,CS,155.04,0.0
,,R705T1,JBCP,TAMPA GENERAL HOSPITAL-SPD,1 TAMPA GENERAL CIR,TAMPA,FL,MEDASSETS,09/05/2024,2334251047,656,0.6,CS,83.94,0.0
,,R705T1,JBCP,TAMPA GENERAL HOSPITAL-SPD,1 TAMPA GENERAL CIR,TAMPA,FL,MEDASSETS,08/26/2024,2334251060,656,-2.0,CS,-279.8,0.0
,,R705T1,S156,RUSH COPLEY MEDICAL CENTER,2000 OGDEN AVE,AURORA,IL,MEDASSETS,08/30/2024,2334252596,957,1.0,CS,128.21,0.0
,,R705T1,BAIR,WESTCHESTER MEDICAL CENTER - LUM CA,100 WOODS RD,VALHALLA,NY,MEDASSETS,09/04/2024,2334280502,974,0.1,CS,22.0,0.0
,,R705T2,SUBS,UNIV CINCINNATI-BCW,3200 BURNET AVE,CINCINNATI,OH,MEDASSETS,08/29/2024,2334283832,656,1.0,CS,137.15,0.0
,,R705T2,Q542,MIAMI VALLEY HOSPITAL,1 WYOMING ST,DAYTON,OH,MEDASSETS,09/04/2024,2334272552,656,2.0,CS,274.3,0.0
,,R705T1,X917,COREWELL HEALTH FARMINGTON HILLS HO,28050 GRAND RIVER AVE,FARMINGTON HILLS,MI,MEDASSETS,09/03/2024,2334279700,656,1.0,CS,139.89,0.0
,,R705T1,X917,COREWELL HEALTH FARMINGTON HILLS HO,28050 GRAND RIVER AVE,FARMINGTON HILLS,MI,MEDASSETS,09/03/2024,2334279700,656,1.0,CS,139.89,0.0
,,R705T1,HDIH,THE UNIVERSITY OF TEXAS SW MEDICAL,6201 HARRY HINES BLVD,DALLAS,TX,MEDASSETS,09/05/2024,2334285092,648,2.0,CS,310.08,0.0
,,R705T1,K7NK,SUMMIT MEDICAL GROUP,150 PARK AVE,FLORHAM PARK,NJ,MEDASSETS,09/04/2024,2334298718,648,1.0,CS,155.04,0.0
,,R705T1,JGTB,UAB HOSPITAL LUM CARTS,521 S 19TH ST GSB,BIRMINGHAM,AL,MEDASSETS,09/05/2024,2334286056,648B,0.1,CS,13.99,0.0
,,R705T2,KPN9,GRADY HEALTH SYSTEM LUM CARTS,80 JESSE HILL JR DR SE,ATLANTA,GA,MEDASSETS,09/02/2024,2334281067,648,1.0,CS,152.0,0.0
,,R705T2,KPN9,GRADY HEALTH SYSTEM LUM CARTS,80 JESSE HILL JR DR SE,ATLANTA,GA,MEDASSETS,09/03/2024,2334281071,648,1.0,CS,152.0,0.0
,,R705T2,KPN9,GRADY HEALTH SYSTEM LUM CARTS,80 JESSE HILL JR DR SE,ATLANTA,GA,MEDASSETS,09/04/2024,2334286087,648,0.2,CS,30.4,0.0
,,R705T1,JGTB,UAB HOSPITAL LUM CARTS,521 S 19TH ST GSB,BIRMINGHAM,AL,MEDASSETS,09/05/2024,2334288245,648B,0.6,CS,83.94,0.0
,,R705T2,KPN9,GRADY HEALTH SYSTEM LUM CARTS,80 JESSE HILL JR DR SE,ATLANTA,GA,MEDASSETS,09/03/2024,2334281071,646,1.0,CS,123.9,0.0
,,R705T2,KPN9,GRADY HEALTH SYSTEM LUM CARTS,80 JESSE HILL JR DR SE,ATLANTA,GA,MEDASSETS,09/04/2024,2334286084,648,0.2,CS,30.4,0.0
,,R705T2,KPN9,GRADY HEALTH SYSTEM LUM CARTS,80 JESSE HILL JR DR SE,ATLANTA,GA,MEDASSETS,09/04/2024,2334288219,648,0.2,CS,30.4,0.0
,,R705T2,ECFX,UNIVERSITY OF ROCHESTER/STRONG (LUM,601 ELMWOOD AVE,ROCHESTER,NY,MEDASSETS,09/05/2024,2334351337,646,0.4,CS,49.56,0.0
,,R705T1,P281,NORTHEAST ALABAMA MEDICAL CENTER,400 E 10TH ST,ANNISTON,AL,MEDASSETS,09/05/2024,2334337577,648,1.0,CS,155.04,0.0
,,R705T1,S156,RUSH COPLEY MEDICAL CENTER,2000 OGDEN AVE,AURORA,IL,MEDASSETS,08/30/2024,2334337947,957,2.0,CS,256.42,0.0
,,R705T2,RBBA,PROMEDICA TOLEDO HOSPITAL (LUM),2142 N COVE BLVD,TOLEDO,OH,MEDASSETS,09/06/2024,2334347711,946,0.4,CS,62.96,0.0
,,R705T2,ECFX,UNIVERSITY OF ROCHESTER/STRONG (LUM,601 ELMWOOD AVE,ROCHESTER,NY,MEDASSETS,09/06/2024,2334365853,648,0.3,CS,45.599999999999994,0.0
,,R705T1,5LRQ,AKRON CHILDRENS HOSPITAL,1 PERKINS SQ,AKRON,OH,MEDASSETS,09/05/2024,2334374095,646,2.0,CS,252.76,0.0
,,R705T2,ECFX,UNIVERSITY OF ROCHESTER/STRONG (LUM,601 ELMWOOD AVE,ROCHESTER,NY,MEDASSETS,09/06/2024,2334360213,648,0.1,CS,15.2,0.0
,,R705T2,Q542,MIAMI VALLEY HOSPITAL,1 WYOMING ST,DAYTON,OH,MEDASSETS,09/05/2024,2334382019,648,1.0,CS,152.0,0.0
,,R705T2,KPN9,GRADY HEALTH SYSTEM LUM CARTS,80 JESSE HILL JR DR SE,ATLANTA,GA,MEDASSETS,09/05/2024,2334389136,648,0.1,CS,15.2,0.0
,,R705T2,DT9K,UNIVERSITY OF CINCINNATI - UCMC,331 ALBERT SABIN WAY,CINCINNATI,OH,MEDASSETS,09/05/2024,2334384378,974,1.0,CS,215.7,0.0
,,R705T1,DYQE,GENESIS HEALTHCARE SYSTEM,2951 MAPLE AVE,ZANESVILLE,OH,MEDASSETS,09/05/2024,2334394397,648,2.0,CS,310.08,0.0
,,R705T1,R326,CAYUGA MEDICAL CENTER-AT ITHACA,101 DATES DR,ITHACA,NY,MEDASSETS,09/06/2024,2334387455,649,1.0,CS,155.09,0.0
,,R705T1,BAIR,WESTCHESTER MEDICAL CENTER - LUM CA,100 WOODS RD,VALHALLA,NY,MEDASSETS,09/06/2024,2334411178,974,0.1,CS,22.0,0.0
,,R705T1,BAIR,WESTCHESTER MEDICAL CENTER - LUM CA,100 WOODS RD,VALHALLA,NY,MEDASSETS,09/06/2024,2334411166,946,0.1,CS,16.05,0.0
,,R705T1,6GZ9,PARKLAND HEALTH (SCDC),10880 GOODNIGHT LN,DALLAS,TX,MEDASSETS,09/04/2024,2334439147,946,3.0,CS,481.5,0.0
,,R705T1,JGTB,UAB HOSPITAL LUM CARTS,521 S 19TH ST GSB,BIRMINGHAM,AL,MEDASSETS,09/06/2024,2334457485,648B,0.4,CS,56.0,0.0
,,R705T1,JGTB,UAB HOSPITAL LUM CARTS,521 S 19TH ST GSB,BIRMINGHAM,AL,MEDASSETS,09/06/2024,2334462050,648B,0.5,CS,69.95,0.0
,,R705T2,LCAC,UNIV CINCINNATI-WESTCHESTER (LUM),7700 UNIVERSITY DR,WEST CHESTER,OH,MEDASSETS,09/05/2024,2334461110,974,0.4,CS,86.28,0.0
,,R705T2,LCAC,UNIV CINCINNATI-WESTCHESTER (LUM),7700 UNIVERSITY DR,WEST CHESTER,OH,MEDASSETS,09/05/2024,2334461111,974,0.5,CS,107.85,0.0
,,R705T1,ECHZ,WILSON MEMORIAL HOSPITAL (LUM),33-57 HARRISON ST,JOHNSON CITY,NY,MEDASSETS,09/05/2024,2334479496,648,0.5,CS,77.5,0.0
,,R705T1,KGJM,UNIVER OF MD-ST JOSEPH MED CTR-TRIA,7601 OSLER DR,TOWSON,MD,MEDASSETS,09/05/2024,2334531413,957,1.0,CS,128.21,0.0
,,R705T1,Z4BL,OWENSBORO HEALTH TWIN LAKES MEDICAL,910 WALLACE AVE,LEITCHFIELD,KY,MEDASSETS,08/07/2024,2334522179,957,1.0,CS,128.21,0.0
,,R705T2,KPN9,GRADY HEALTH SYSTEM LUM CARTS,80 JESSE HILL JR DR SE,ATLANTA,GA,MEDASSETS,09/07/2024,2334560681,646,0.1,CS,12.39,0.0
,,R705T2,KPN9,GRADY HEALTH SYSTEM LUM CARTS,80 JESSE HILL JR DR SE,ATLANTA,GA,MEDASSETS,09/06/2024,2334559295,648,0.2,CS,30.4,0.0
,,R705T2,ECFX,UNIVERSITY OF ROCHESTER/STRONG (LUM,601 ELMWOOD AVE,ROCHESTER,NY,MEDASSETS,09/07/2024,2334557110,646,0.2,CS,24.78,0.0
,,R705T2,KPN9,GRADY HEALTH SYSTEM LUM CARTS,80 JESSE HILL JR DR SE,ATLANTA,GA,MEDASSETS,09/06/2024,2334558887,648,0.1,CS,15.2,0.0
,,R705T2,ECFX,UNIVERSITY OF ROCHESTER/STRONG (LUM,601 ELMWOOD AVE,ROCHESTER,NY,MEDASSETS,09/07/2024,2334557153,645,0.6,CS,85.26,0.0
,,R705T1,CVBH,ANN AND ROBERT H LURIE CHILDRENS,200 E SUPERIOR ST,CHICAGO,IL,MEDASSETS,09/06/2024,2334571622,648,1.0,CS,155.0,0.0
,,R705T1,BAIR,WESTCHESTER MEDICAL CENTER - LUM CA,100 WOODS RD,VALHALLA,NY,MEDASSETS,09/08/2024,2334588204,946,0.1,CS,16.05,0.0
,,R705T1,BAIR,WESTCHESTER MEDICAL CENTER - LUM CA,100 WOODS RD,VALHALLA,NY,MEDASSETS,09/08/2024,2334588207,946,0.1,CS,16.05,0.0
,,R705T1,BAIR,WESTCHESTER MEDICAL CENTER - LUM CA,100 WOODS RD,VALHALLA,NY,MEDASSETS,09/08/2024,2334585367,974,0.1,CS,22.0,0.0
,,R705T2,ECFX,UNIVERSITY OF ROCHESTER/STRONG (LUM,601 ELMWOOD AVE,ROCHESTER,NY,MEDASSETS,09/09/2024,2334673149,648,0.4,CS,60.8,0.0
,,R705T2,RBBA,PROMEDICA TOLEDO HOSPITAL,2142 N COVE BLVD,TOLEDO,OH,MEDASSETS,09/03/2024,2334670102,956,1.0,CS,154.9,0.0
,,R705T1,VZK4,MT HOOD MEDICAL CENTER,24800 SE STARK ST,GRESHAM,OR,MEDASSETS,09/08/2024,2334681255,648,1.0,CS,155.04,0.0
,,R705T2,KPN9,GRADY HEALTH SYSTEM LUM CARTS,80 JESSE HILL JR DR SE,ATLANTA,GA,MEDASSETS,09/09/2024,2334723439,648,1.0,CS,152.0,0.0
,,R705T1,HFNW,CHILDRENS NATIONAL HOSPITAL(LUM),111 MICHIGAN AVE NW,WASHINGTON,DC,MEDASSETS,09/09/2024,2334723691,646,0.8,CS,101.12,0.0
,,R705T2,LCAC,UNIV CINCINNATI-WESTCHESTER,7700 UNIVERSITY DR,WEST CHESTER,OH,MEDASSETS,09/09/2024,2334769134,656,2.0,CS,274.3,0.0
,,R705T1,JGTB,UAB HOSPITAL LUM CARTS,521 S 19TH ST GSB,BIRMINGHAM,AL,MEDASSETS,09/09/2024,2334725173,648B,0.2,CS,28.0,0.0
,,R705T2,LCAC,UNIV CINCINNATI-WESTCHESTER,7700 UNIVERSITY DR,WEST CHESTER,OH,MEDASSETS,09/09/2024,2334769134,974,1.0,CS,215.7,0.0
,,R705T1,6D93,UMUC AT ABERDEEN,660 MCHENRY RD,ABERDEEN,MD,MEDASSETS,09/08/2024,2334772359,648,0.5,CS,77.5,0.0
,,R705T2,WEZO,PMR WILDWOOD,2865 N REYNOLDS RD STE 170,TOLEDO,OH,MEDASSETS,09/04/2024,2334797035,957,1.0,CS,125.7,0.0
,,R705T1,JJIZ,BALTIMORE WASHINGTON MEDICAL CENTER,301 HOSPITAL DR,GLEN BURNIE,MD,MEDASSETS,09/06/2024,2334771407,648,1.0,CS,155.0,0.0
,,R705T2,R152,UNIVERSITY OF ROCHESTER/STRONG (BUL,601 ELMWOOD AVE,ROCHESTER,NY,MEDASSETS,09/09/2024,2334779098,648,1.0,CS,152.0,0.0
,,R705T2,R152,UNIVERSITY OF ROCHESTER/STRONG (BUL,601 ELMWOOD AVE,ROCHESTER,NY,MEDASSETS,09/08/2024,2334779074,648,0.5,CS,76.0,0.0
,,R705T2,WEZO,PMR WILDWOOD,2865 N REYNOLDS RD STE 170,TOLEDO,OH,MEDASSETS,09/10/2024,2334797036,957,10.0,CS,1257.0,0.0
,,R705T2,ECFX,UNIVERSITY OF ROCHESTER/STRONG (LUM,601 ELMWOOD AVE,ROCHESTER,NY,MEDASSETS,09/09/2024,2334777301,648,0.1,CS,15.2,0.0
,,R705T2,WEZO,PMR WILDWOOD,2865 N REYNOLDS RD STE 170,TOLEDO,OH,MEDASSETS,08/27/2024,2334797034,957,12.0,CS,1508.4,0.0
,,R705T1,BAIR,WESTCHESTER MEDICAL CENTER - LUM CA,100 WOODS RD,VALHALLA,NY,MEDASSETS,09/10/2024,2334799414,946,0.1,CS,16.05,0.0
,,R705T1,JGTB,UAB HOSPITAL LUM CARTS,521 S 19TH ST GSB,BIRMINGHAM,AL,MEDASSETS,09/10/2024,2334815588,648B,0.4,CS,56.0,0.0
,,R705T2,LCAC,UNIV CINCINNATI-WESTCHESTER (LUM),7700 UNIVERSITY DR,WEST CHESTER,OH,MEDASSETS,09/09/2024,2334859333,974,0.2,CS,43.14,0.0
,,R705T2,LCAC,UNIV CINCINNATI-WESTCHESTER (LUM),7700 UNIVERSITY DR,WEST CHESTER,OH,MEDASSETS,09/09/2024,2334859335,974,0.4,CS,86.28,0.0
,,R705T1,JZ5Y,CHS-ST FRANCIS HOSPITAL,100 PORT WASHINGTON BLVD,ROSLYN,NY,MEDASSETS,09/10/2024,2334873966,648,1.0,CS,155.04,0.0
,,R705T1,U733,WINNESHIEK MEDICAL CENTER,901 MONTGOMERY ST,DECORAH,IA,MEDASSETS,09/10/2024,2334952708,648,0.1,CS,15.5,0.0
,,R705T1,W5ZF,VANDERBILT IMAGING (BULK),2000 RICHARD JONES RD STE 270,NASHVILLE,TN,MEDASSETS,06/25/2024,2334920750,656,1.0,CS,139.89,0.0
,,R705T1,HDIH,THE UNIVERSITY OF TEXAS SW MEDICAL,6201 HARRY HINES BLVD,DALLAS,TX,MEDASSETS,09/11/2024,2334955556,648,3.0,CS,465.12,0.0
,,R705T1,QLIO,COMMUNITY HOSPITAL OF ANACONDA,401 W PENNSYLVANIA ST,ANACONDA,MT,MEDASSETS,09/11/2024,2334954814,645,0.2,CS,28.98,0.0
,,R705T2,RBBA,PROMEDICA TOLEDO HOSPITAL,2142 N COVE BLVD,TOLEDO,OH,MEDASSETS,09/09/2024,2334915328,956,1.0,CS,154.9,0.0
,,R705T1,SV5T,VANDERBILT UNIVERSITY MEDICAL CTR(B,1301 MEDICAL CENTER DR,NASHVILLE,TN,MEDASSETS,06/25/2024,2334920715,656,-1.0,CS,-139.89,0.0
,,R705T2,W479,UPPER VALLEY MEDICAL CENTER,3130 N COUNTY ROAD 25A,TROY,OH,MEDASSETS,08/14/2024,2334982102,957,2.0,CS,251.4,0.0
,,R705T2,W479,UPPER VALLEY MEDICAL CENTER,3130 N COUNTY ROAD 25A,TROY,OH,MEDASSETS,08/22/2024,2334982103,957,1.0,CS,125.7,0.0
,,R705T1,X917,COREWELL HEALTH FARMINGTON HILLS HO,28050 GRAND RIVER AVE,FARMINGTON HILLS,MI,MEDASSETS,09/10/2024,2334992729,656,1.0,CS,139.89,0.0
,,R705T1,XU8I,UNIV OF KANSAS HS-CAMBRIDGE DOCK,3801 EATON ST,KANSAS CITY,KS,MEDASSETS,09/11/2024,2334994535,956,2.0,CS,316.0,0.0
,,R705T1,6D93,UMUC AT ABERDEEN,660 MCHENRY RD,ABERDEEN,MD,MEDASSETS,09/10/2024,2335009799,656,1.0,CS,139.89,0.0
,,R705T2,R152,UNIVERSITY OF ROCHESTER/STRONG (BUL,601 ELMWOOD AVE,ROCHESTER,NY,MEDASSETS,09/10/2024,2335018772,656,1.0,CS,137.15,0.0
,,R705T1,RQL9,EMANUEL HOSPITAL,2801 N GANTENBEIN AVE,PORTLAND,OR,MEDASSETS,09/11/2024,2335029386,646,2.0,CS,252.76,0.0
,,R705T1,BAIR,WESTCHESTER MEDICAL CENTER - LUM CA,100 WOODS RD,VALHALLA,NY,MEDASSETS,09/09/2024,2335030463,974,0.1,CS,22.0,0.0
,,R705T2,ECFX,UNIVERSITY OF ROCHESTER/STRONG (LUM,601 ELMWOOD AVE,ROCHESTER,NY,MEDASSETS,09/11/2024,2335019558,648,0.4,CS,60.8,0.0
,,R705T1,JGTB,UAB HOSPITAL LUM CARTS,521 S 19TH ST GSB,BIRMINGHAM,AL,MEDASSETS,09/10/2024,2335037661,648B,0.1,CS,13.99,0.0
,,R705T1,ECHZ,WILSON MEMORIAL HOSPITAL (LUM),33-57 HARRISON ST,JOHNSON CITY,NY,MEDASSETS,09/10/2024,2335054421,648,0.1,CS,15.5,0.0
,,R705T1,ECHZ,WILSON MEMORIAL HOSPITAL (LUM),33-57 HARRISON ST,JOHNSON CITY,NY,MEDASSETS,09/10/2024,2335053575,648,1.5,CS,232.5,0.0
,,R705T1,Q0WK,KENT COUNTY MEMORIAL HOSPITAL,455 TOLL GATE RD,WARWICK,RI,MEDASSETS,09/11/2024,2335057615,648,1.0,CS,155.0,0.0
,,R705T1,BAIR,WESTCHESTER MEDICAL CENTER - LUM CA,100 WOODS RD,VALHALLA,NY,MEDASSETS,09/11/2024,2335038300,946,0.1,CS,16.05,0.0
,,R705T1,JGTB,UAB HOSPITAL LUM CARTS,521 S 19TH ST GSB,BIRMINGHAM,AL,MEDASSETS,09/11/2024,2335051564,648B,0.2,CS,28.0,0.0
,,R705T1,JGTB,UAB HOSPITAL LUM CARTS,521 S 19TH ST GSB,BIRMINGHAM,AL,MEDASSETS,09/11/2024,2335046297,648B,0.3,CS,41.97,0.0
,,R705T2,Q641,PROMEDICA FLOWER HOSPITAL (LUM),5200 HARROUN RD,SYLVANIA,OH,MEDASSETS,09/10/2024,2335080657,957,0.4,CS,50.28,0.0
,,R705T1,S186,KENT - LUM ON UBOAT (LUM),455 TOLL GATE RD,WARWICK,RI,MEDASSETS,09/11/2024,2335086009,648,0.4,CS,62.04,0.0
,,R705T1,CVBH,ANN AND ROBERT H LURIE CHILDRENS,200 E SUPERIOR ST,CHICAGO,IL,MEDASSETS,09/10/2024,2335104416,648,1.0,CS,155.0,0.0
,,R705T1,Q7QB,WMC - LUM ON PALLETS,100 WOODS RD,VALHALLA,NY,MEDASSETS,09/10/2024,2335086077,974,1.0,CS,220.01,0.0
,,R705T1,5LRQ,AKRON CHILDRENS HOSPITAL,1 PERKINS SQ,AKRON,OH,MEDASSETS,09/11/2024,2335152611,646,2.0,CS,252.76,0.0
,,R705T2,ECFX,UNIVERSITY OF ROCHESTER/STRONG (LUM,601 ELMWOOD AVE,ROCHESTER,NY,MEDASSETS,09/11/2024,2335171360,645,0.2,CS,28.42,0.0
,,R705T2,SUBS,UNIV CINCINNATI-BCW,3200 BURNET AVE,CINCINNATI,OH,MEDASSETS,09/10/2024,2335173053,974,4.0,CS,862.8,0.0
,,R705T1,Q611,FISHER TITUS MEDICAL CENTER,272 BENEDICT AVE,NORWALK,OH,MEDASSETS,09/06/2024,2335164902,957,1.0,CS,128.21,0.0
,,R705T2,ECFX,UNIVERSITY OF ROCHESTER/STRONG (LUM,601 ELMWOOD AVE,ROCHESTER,NY,MEDASSETS,09/11/2024,2335171340,646,0.3,CS,37.17,0.0
,,R705T2,ECFX,UNIVERSITY OF ROCHESTER/STRONG (LUM,601 ELMWOOD AVE,ROCHESTER,NY,MEDASSETS,09/12/2024,2335179348,648,0.3,CS,45.599999999999994,0.0
,,R705T1,BAIR,WESTCHESTER MEDICAL CENTER - LUM CA,100 WOODS RD,VALHALLA,NY,MEDASSETS,09/12/2024,2335208247,946,0.1,CS,16.05,0.0
,,R705T1,JKFF,NCH MD-HEALTHCARE SYSTEM,350 7TH ST N,NAPLES,FL,MEDASSETS,09/12/2024,2335226712,648,1.0,CS,155.04,0.0
,,R705T1,ECHZ,WILSON MEMORIAL HOSPITAL (LUM),33-57 HARRISON ST,JOHNSON CITY,NY,MEDASSETS,09/11/2024,2335245589,648,0.2,CS,31.02,0.0
,,R705T1,JGTB,UAB HOSPITAL LUM CARTS,521 S 19TH ST GSB,BIRMINGHAM,AL,MEDASSETS,09/12/2024,2335257464,648B,0.3,CS,41.97,0.0
,,R705T2,RBBA,PROMEDICA TOLEDO HOSPITAL (LUM),2142 N COVE BLVD,TOLEDO,OH,MEDASSETS,09/11/2024,2335274142,957,0.3,CS,37.71,0.0
,,R705T1,KGJM,UNIVER OF MD-ST JOSEPH MED CTR-TRIA,7601 OSLER DR,TOWSON,MD,MEDASSETS,09/13/2024,2335363680,656,1.0,CS,139.89,0.0
,,R705T2,RBBA,PROMEDICA TOLEDO HOSPITAL (LUM),2142 N COVE BLVD,TOLEDO,OH,MEDASSETS,09/13/2024,2335354685,957,0.3,CS,37.71,0.0
,,R705T2,ECFX,UNIVERSITY OF ROCHESTER/STRONG (LUM,601 ELMWOOD AVE,ROCHESTER,NY,MEDASSETS,09/13/2024,2335355336,648,0.6,CS,91.19999999999999,0.0
,,R705T2,KPN9,GRADY HEALTH SYSTEM LUM CARTS,80 JESSE HILL JR DR SE,ATLANTA,GA,MEDASSETS,09/12/2024,2335376854,648,0.2,CS,30.4,0.0
,,R705T2,KPN9,GRADY HEALTH SYSTEM LUM CARTS,80 JESSE HILL JR DR SE,ATLANTA,GA,MEDASSETS,09/12/2024,2335376822,648,0.1,CS,15.2,0.0
,,R705T1,JGTB,UAB HOSPITAL LUM CARTS,521 S 19TH ST GSB,BIRMINGHAM,AL,MEDASSETS,09/13/2024,2335377111,648B,0.1,CS,13.99,0.0
,,R705T1,JGTB,UAB HOSPITAL LUM CARTS,521 S 19TH ST GSB,BIRMINGHAM,AL,MEDASSETS,09/13/2024,2335377152,648B,1.0,CS,139.9,0.0
,,R705T1,BAIR,WESTCHESTER MEDICAL CENTER - LUM CA,100 WOODS RD,VALHALLA,NY,MEDASSETS,09/12/2024,2335392698,974,0.1,CS,22.0,0.0
,,R705T1,HDIH,THE UNIVERSITY OF TEXAS SW MEDICAL,6201 HARRY HINES BLVD,DALLAS,TX,MEDASSETS,09/13/2024,2335398494,648,2.0,CS,310.08,0.0
,,R705T1,UUIU,LIMA MEMORIAL HOSPITAL,1001 BELLEFONTAINE AVE,LIMA,OH,MEDASSETS,09/11/2024,2335441933,648,0.1,CS,15.5,0.0
,,R705T1,JBCP,TAMPA GENERAL HOSPITAL-SPD,1 TAMPA GENERAL CIR,TAMPA,FL,MEDASSETS,09/13/2024,2335428878,656,0.5,CS,69.95,0.0
,,R705T1,6GZ9,PARKLAND HEALTH (SCDC),10880 GOODNIGHT LN,DALLAS,TX,MEDASSETS,09/12/2024,2335447053,946,3.0,CS,481.5,0.0
,,R705T2,LCAC,UNIV CINCINNATI-WESTCHESTER (LUM),7700 UNIVERSITY DR,WEST CHESTER,OH,MEDASSETS,09/12/2024,2335470912,974,0.2,CS,43.14,0.0
,,R705T2,LCAC,UNIV CINCINNATI-WESTCHESTER (LUM),7700 UNIVERSITY DR,WEST CHESTER,OH,MEDASSETS,09/12/2024,2335470959,974,1.0,CS,215.7,0.0
,,R705T1,ZWHS,UM CHARLES REGIONAL MED CENTER,5 GARRETT AVE PO BOX 1070,LA PLATA,MD,MEDASSETS,09/12/2024,2335455393,648,1.0,CS,155.04,0.0
,,R705T1,HETB,CAPITAL REGION MEDICAL CNTR,901 N HARRY S TRUMAN DR,LARGO,MD,MEDASSETS,09/12/2024,2335451590,648,1.0,CS,155.04,0.0
,,R705T1,F0V2,NORMAN REGIONAL HOSPITAL,3300 HEALTHPLEX PKWY,NORMAN,OK,MEDASSETS,08/29/2024,2335500230,649B,2.0,CS,279.88,0.0
,,R705T1,V57S,MERCY MEDICAL CENTER,701 10TH ST SE,CEDAR RAPIDS,IA,MEDASSETS,09/13/2024,2335530072,648,1.0,CS,155.04,0.0
,,R705T2,KPN9,GRADY HEALTH SYSTEM LUM CARTS,80 JESSE HILL JR DR SE,ATLANTA,GA,MEDASSETS,09/13/2024,2335534037,648,0.4,CS,60.8,0.0
,,R705T2,KPN9,GRADY HEALTH SYSTEM LUM CARTS,80 JESSE HILL JR DR SE,ATLANTA,GA,MEDASSETS,09/13/2024,2335534069,648,1.2,CS,182.39999999999998,0.0
,,R705T2,KPN9,GRADY HEALTH SYSTEM LUM CARTS,80 JESSE HILL JR DR SE,ATLANTA,GA,MEDASSETS,09/13/2024,2335535266,648,0.2,CS,30.4,0.0
,,R705T1,BAIR,WESTCHESTER MEDICAL CENTER - LUM CA,100 WOODS RD,VALHALLA,NY,MEDASSETS,09/15/2024,2335547920,974,0.2,CS,44.0,0.0
,,R705T2,Q542,MIAMI VALLEY HOSPITAL,1 WYOMING ST,DAYTON,OH,MEDASSETS,09/13/2024,2335537696,648,1.0,CS,152.0,0.0
,,R705T1,BAIR,WESTCHESTER MEDICAL CENTER - LUM CA,100 WOODS RD,VALHALLA,NY,MEDASSETS,09/15/2024,2335547920,946,0.1,CS,16.05,0.0
,,R705T1,BAIR,WESTCHESTER MEDICAL CENTER - LUM CA,100 WOODS RD,VALHALLA,NY,MEDASSETS,09/13/2024,2335541349,946,0.1,CS,16.05,0.0
,,R705T2,Q542,MIAMI VALLEY HOSPITAL,1 WYOMING ST,DAYTON,OH,MEDASSETS,09/13/2024,2335539403,656,2.0,CS,274.3,0.0
,,R705T2,KPN9,GRADY HEALTH SYSTEM LUM CARTS,80 JESSE HILL JR DR SE,ATLANTA,GA,MEDASSETS,09/14/2024,2335538321,648,0.2,CS,30.4,0.0
,,R705T2,XNYW,PROMEDICA COLDWATER REGIONAL (LUM),274 E CHICAGO ST,COLDWATER,MI,MEDASSETS,09/13/2024,2335553453,648,0.3,CS,45.599999999999994,0.0
,,R705T1,BAIR,WESTCHESTER MEDICAL CENTER - LUM CA,100 WOODS RD,VALHALLA,NY,MEDASSETS,09/15/2024,2335545556,974,0.2,CS,44.0,0.0
,,R705T2,RBBA,PROMEDICA TOLEDO HOSPITAL (LUM),2142 N COVE BLVD,TOLEDO,OH,MEDASSETS,09/15/2024,2335547675,946,0.4,CS,62.96,0.0
,,R705T1,JBUL,HURLEY MEDICAL CENTER,1 HURLEY PLZ,FLINT,MI,MEDASSETS,09/13/2024,2335561922,646,1.0,CS,126.38,0.0
,,R705T2,ECFX,UNIVERSITY OF ROCHESTER/STRONG (LUM,601 ELMWOOD AVE,ROCHESTER,NY,MEDASSETS,09/15/2024,2335620511,646,0.2,CS,24.78,0.0
,,R705T2,SUBS,UNIV CINCINNATI-BCW,3200 BURNET AVE,CINCINNATI,OH,MEDASSETS,09/13/2024,2335619327,656,2.0,CS,274.3,0.0
,,R705T2,R158,HIGHLAND HOSPITAL-ROCHESTER (LUM),1000 SOUTH AVE,ROCHESTER,NY,MEDASSETS,09/14/2024,2335613249,648,0.2,CS,30.4,0.0
,,R705T1,BAIR,WESTCHESTER MEDICAL CENTER - LUM CA,100 WOODS RD,VALHALLA,NY,MEDASSETS,09/16/2024,2335626171,974,0.4,CS,88.0,0.0
,,R705T1,YCYB,TC VANNIE COOK CHILDRENS CLINIC,101 W EXPRESSWAY 83,MCALLEN,TX,MEDASSETS,09/13/2024,2335641324,647,1.0,CS,154.8,0.0
,,R705T2,R152,UNIVERSITY OF ROCHESTER/STRONG (BUL,601 ELMWOOD AVE,ROCHESTER,NY,MEDASSETS,09/16/2024,2335668866,648,1.0,CS,152.0,0.0
,,R705T2,KPN9,GRADY HEALTH SYSTEM LUM CARTS,80 JESSE HILL JR DR SE,ATLANTA,GA,MEDASSETS,09/16/2024,2335689872,648,2.0,CS,304.0,0.0
,,R705T1,JGTB,UAB HOSPITAL LUM CARTS,521 S 19TH ST GSB,BIRMINGHAM,AL,MEDASSETS,09/16/2024,2335669480,648B,0.1,CS,13.99,0.0
,,R705T1,HETB,CAPITAL REGION MEDICAL CNTR,901 N HARRY S TRUMAN DR,LARGO,MD,MEDASSETS,09/12/2024,2335745196,648,4.0,CS,620.16,0.0
,,R705T2,ECFX,UNIVERSITY OF ROCHESTER/STRONG (LUM,601 ELMWOOD AVE,ROCHESTER,NY,MEDASSETS,09/17/2024,2335753939,648,0.2,CS,30.4,0.0
,,R705T1,JGTB,UAB HOSPITAL LUM CARTS,521 S 19TH ST GSB,BIRMINGHAM,AL,MEDASSETS,09/16/2024,2335793161,648B,1.0,CS,139.9,0.0
,,R705T1,JGTB,UAB HOSPITAL LUM CARTS,521 S 19TH ST GSB,BIRMINGHAM,AL,MEDASSETS,09/16/2024,2335793169,648B,0.2,CS,28.0,0.0
,,R705T2,KPN9,GRADY HEALTH SYSTEM LUM CARTS,80 JESSE HILL JR DR SE,ATLANTA,GA,MEDASSETS,09/16/2024,2335790821,648,0.2,CS,30.4,0.0
,,R705T1,ECHZ,WILSON MEMORIAL HOSPITAL (LUM),33-57 HARRISON ST,JOHNSON CITY,NY,MEDASSETS,09/16/2024,2335805754,648,0.1,CS,15.5,0.0
,,R705T2,DT9K,UNIVERSITY OF CINCINNATI - UCMC,331 ALBERT SABIN WAY,CINCINNATI,OH,MEDASSETS,09/16/2024,2335816500,974,2.0,CS,431.4,0.0
,,R705T1,KGJM,UNIVER OF MD-ST JOSEPH MED CTR-TRIA,7601 OSLER DR,TOWSON,MD,MEDASSETS,09/16/2024,2335797478,648,2.0,CS,310.08,0.0
,,R705T1,BAIR,WESTCHESTER MEDICAL CENTER - LUM CA,100 WOODS RD,VALHALLA,NY,MEDASSETS,09/17/2024,2335834282,946,0.1,CS,16.05,0.0
,,R705T1,JJMH,LAWRENCE MEM HOSPITAL,325 MAINE ST,LAWRENCE,KS,MEDASSETS,09/17/2024,2335848321,646,0.4,CS,50.56,0.0
,,R705T2,XSIU,ATRIUM MEDICAL CENTER (LUM),1 MEDICAL CENTER DR,MIDDLETOWN,OH,MEDASSETS,09/18/2024,2335954232,956,1.0,CS,154.9,0.0
,,R705T2,LCAC,UNIV CINCINNATI-WESTCHESTER,7700 UNIVERSITY DR,WEST CHESTER,OH,MEDASSETS,09/16/2024,2335961714,974,1.0,CS,215.7,0.0
,,R705T1,JBCP,TAMPA GENERAL HOSPITAL-SPD,1 TAMPA GENERAL CIR,TAMPA,FL,MEDASSETS,09/18/2024,2335928200,656,0.6,CS,83.94,0.0
,,R705T1,HFNW,CHILDRENS NATIONAL HOSPITAL(LUM),111 MICHIGAN AVE NW,WASHINGTON,DC,MEDASSETS,09/17/2024,2335935965,646,4.0,CS,505.6,0.0
,,R705T2,LCAC,UNIV CINCINNATI-WESTCHESTER,7700 UNIVERSITY DR,WEST CHESTER,OH,MEDASSETS,09/16/2024,2335961714,656,2.0,CS,274.3,0.0
,,R705T2,Q358,PROMEDICA MONROE REGIONAL (LUM),718 N MACOMB ST,MONROE,MI,MEDASSETS,09/17/2024,2335960694,648,0.1,CS,15.2,0.0
,,R705T2,XNYW,PROMEDICA COLDWATER REGIONAL (LUM),274 E CHICAGO ST,COLDWATER,MI,MEDASSETS,09/16/2024,2335957189,648,0.2,CS,30.4,0.0
,,R705T2,R158,HIGHLAND HOSPITAL-ROCHESTER (LUM),1000 SOUTH AVE,ROCHESTER,NY,MEDASSETS,09/17/2024,2335979843,648,0.4,CS,60.8,0.0
,,R705T1,X917,COREWELL HEALTH FARMINGTON HILLS HO,28050 GRAND RIVER AVE,FARMINGTON HILLS,MI,MEDASSETS,09/16/2024,2335988307,656,1.0,CS,139.89,0.0
,,R705T2,R158,HIGHLAND HOSPITAL-ROCHESTER (LUM),1000 SOUTH AVE,ROCHESTER,NY,MEDASSETS,09/18/2024,2335979873,648,0.3,CS,45.599999999999994,0.0
,,R705T1,X917,COREWELL HEALTH FARMINGTON HILLS HO,28050 GRAND RIVER AVE,FARMINGTON HILLS,MI,MEDASSETS,09/16/2024,2335988308,656,1.0,CS,139.89,0.0
,,R705T1,RQL9,EMANUEL HOSPITAL,2801 N GANTENBEIN AVE,PORTLAND,OR,MEDASSETS,09/18/2024,2335982582,648,2.0,CS,310.08,0.0
,,R705T1,6GZ9,PARKLAND HEALTH (SCDC),10880 GOODNIGHT LN,DALLAS,TX,MEDASSETS,09/17/2024,2336028191,946,4.0,CS,642.0,0.0
,,R705T1,BAIR,WESTCHESTER MEDICAL CENTER - LUM CA,100 WOODS RD,VALHALLA,NY,MEDASSETS,09/18/2024,2336003846,974,0.1,CS,22.0,0.0
,,R705T1,JGTB,UAB HOSPITAL LUM CARTS,521 S 19TH ST GSB,BIRMINGHAM,AL,MEDASSETS,09/18/2024,2336024020,648B,1.0,CS,139.9,0.0
,,R705T1,JGTB,UAB HOSPITAL LUM CARTS,521 S 19TH ST GSB,BIRMINGHAM,AL,MEDASSETS,09/18/2024,2336026613,648B,0.1,CS,13.99,0.0
,,R705T1,JGTB,UAB HOSPITAL LUM CARTS,521 S 19TH ST GSB,BIRMINGHAM,AL,MEDASSETS,09/18/2024,2336027702,648B,0.5,CS,69.95,0.0
,,R705T2,WEZO,PMR WILDWOOD,2865 N REYNOLDS RD STE 170,TOLEDO,OH,MEDASSETS,09/04/2024,2336136670,957,9.0,CS,1131.3,0.0
,,R705T2,ECFX,UNIVERSITY OF ROCHESTER/STRONG (LUM,601 ELMWOOD AVE,ROCHESTER,NY,MEDASSETS,09/19/2024,2336150821,648,0.2,CS,30.4,0.0
,,R705T1,JKFF,NCH MD-HEALTHCARE SYSTEM,350 7TH ST N,NAPLES,FL,MEDASSETS,09/19/2024,2336165099,648,1.0,CS,155.04,0.0
,,R705T1,MKSO,BELLIN MEMORIAL HOSPITAL INC,905 CASS ST,GREEN BAY,WI,MEDASSETS,09/18/2024,2336199854,648,1.0,CS,155.04,0.0
,,R705T2,Q542,MIAMI VALLEY HOSPITAL,1 WYOMING ST,DAYTON,OH,MEDASSETS,09/18/2024,2336205363,648,1.0,CS,152.0,0.0
,,R705T1,ECHZ,WILSON MEMORIAL HOSPITAL (LUM),33-57 HARRISON ST,JOHNSON CITY,NY,MEDASSETS,09/18/2024,2336206948,648,0.4,CS,62.04,0.0
,,R705T1,YFZS,NEUROSCIENCE GROUP,1305 W AMERICAN DR,NEENAH,WI,MEDASSETS,09/18/2024,2336194675,648,1.0,CS,155.04,0.0
,,R705T1,JGTB,UAB HOSPITAL LUM CARTS,521 S 19TH ST GSB,BIRMINGHAM,AL,MEDASSETS,09/19/2024,2336229401,648B,0.4,CS,56.0,0.0
,,R705T2,RBBA,PROMEDICA TOLEDO HOSPITAL (LUM),2142 N COVE BLVD,TOLEDO,OH,MEDASSETS,09/18/2024,2336248453,946,0.4,CS,62.96,0.0
,,R705T1,UQIF,COURSEY ENTERPRISES INC,1259 S LYNN LN,IDABEL,OK,MEDASSETS,09/19/2024,2336249842,645,1.0,CS,144.94,0.0
,,R705T2,6RYB,PROMEDICA CHARLES & VIRG HICK (LUM),5640 N ADRIAN HWY,ADRIAN,MI,MEDASSETS,09/18/2024,2336266529,957,0.2,CS,25.14,0.0
,,R705T1,RQL9,EMANUEL HOSPITAL,2801 N GANTENBEIN AVE,PORTLAND,OR,MEDASSETS,09/19/2024,2336246216,646,1.0,CS,126.38,0.0
,,R705T1,BAIR,WESTCHESTER MEDICAL CENTER - LUM CA,100 WOODS RD,VALHALLA,NY,MEDASSETS,09/19/2024,2336254991,974,0.1,CS,22.0,0.0
,,R705T1,BAIR,WESTCHESTER MEDICAL CENTER - LUM CA,100 WOODS RD,VALHALLA,NY,MEDASSETS,09/19/2024,2336254991,946,0.1,CS,16.05,0.0
,,R705T1,YAZK,THEDACARE REG MED CTR-APPLETON(LUM),1818 N MEADE ST,APPLETON,WI,MEDASSETS,09/19/2024,2336312944,956,1.0,CS,158.0,0.0
,,R705T1,Q7QB,WMC - LUM ON PALLETS,100 WOODS RD,VALHALLA,NY,MEDASSETS,09/19/2024,2336341055,974,1.0,CS,220.01,0.0
,,R705T2,R158,HIGHLAND HOSPITAL-ROCHESTER (LUM),1000 SOUTH AVE,ROCHESTER,NY,MEDASSETS,09/18/2024,2336336449,648,0.6,CS,91.19999999999999,0.0
,,R705T2,ECFX,UNIVERSITY OF ROCHESTER/STRONG (LUM,601 ELMWOOD AVE,ROCHESTER,NY,MEDASSETS,09/16/2024,2336349642,645,0.3,CS,42.63,0.0
,,R705T2,ECFX,UNIVERSITY OF ROCHESTER/STRONG (LUM,601 ELMWOOD AVE,ROCHESTER,NY,MEDASSETS,09/19/2024,2336349668,645,0.2,CS,28.42,0.0
,,R705T2,ECFX,UNIVERSITY OF ROCHESTER/STRONG (LUM,601 ELMWOOD AVE,ROCHESTER,NY,MEDASSETS,09/19/2024,2336349659,646,0.3,CS,37.17,0.0
,,R705T1,VZK4,MT HOOD MEDICAL CENTER,24800 SE STARK ST,GRESHAM,OR,MEDASSETS,09/19/2024,2336361388,648,1.0,CS,155.04,0.0
,,R705T2,3NFT,UNIVERSITY OF ROCHESTER-STRONG W (L,156 WEST AVE,BROCKPORT,NY,MEDASSETS,09/17/2024,2336342123,646,0.2,CS,24.78,0.0
,,R705T2,Q641,PROMEDICA FLOWER HOSPITAL (LUM),5200 HARROUN RD,SYLVANIA,OH,MEDASSETS,09/19/2024,2336345621,957,0.6,CS,75.42,0.0
,,R705T2,6RYB,PROMEDICA CHARLES & VIRG HICK (LUM),5640 N ADRIAN HWY,ADRIAN,MI,MEDASSETS,09/19/2024,2336348792,957,0.2,CS,25.14,0.0
,,R705T2,KPN9,GRADY HEALTH SYSTEM LUM CARTS,80 JESSE HILL JR DR SE,ATLANTA,GA,MEDASSETS,09/19/2024,2336373247,648,0.3,CS,45.599999999999994,0.0
,,R705T1,YUA8,MEDSTAR RADIOLOGY NETW LAFAYETTE 2,1133 21ST ST NW STE 801,WASHINGTON,DC,MEDASSETS,09/19/2024,2336425407,656,2.0,CS,279.78,0.0
,,R705T1,ECHZ,WILSON MEMORIAL HOSPITAL (LUM),33-57 HARRISON ST,JOHNSON CITY,NY,MEDASSETS,09/19/2024,2336422905,648,0.5,CS,77.5,0.0
,,R705T1,JGTB,UAB HOSPITAL LUM CARTS,521 S 19TH ST GSB,BIRMINGHAM,AL,MEDASSETS,09/20/2024,2336456017,648B,0.5,CS,69.95,0.0
,,R705T1,JKFF,NCH MD-HEALTHCARE SYSTEM,350 7TH ST N,NAPLES,FL,MEDASSETS,09/21/2024,2336484939,648,1.0,CS,155.04,0.0
,,R705T2,R152,UNIVERSITY OF ROCHESTER/STRONG (BUL,601 ELMWOOD AVE,ROCHESTER,NY,MEDASSETS,09/20/2024,2336490887,648,1.0,CS,152.0,0.0
,,R705T1,ECHZ,WILSON MEMORIAL HOSPITAL (LUM),33-57 HARRISON ST,JOHNSON CITY,NY,MEDASSETS,09/20/2024,2336495509,648,0.6,CS,93.0,0.0
,,R705T1,JGTB,UAB HOSPITAL LUM CARTS,521 S 19TH ST GSB,BIRMINGHAM,AL,MEDASSETS,09/20/2024,2336509490,648B,0.1,CS,13.99,0.0
,,R705T2,ECFX,UNIVERSITY OF ROCHESTER/STRONG (LUM,601 ELMWOOD AVE,ROCHESTER,NY,MEDASSETS,09/20/2024,2336509008,648,0.1,CS,15.2,0.0
,,R705T1,BAIR,WESTCHESTER MEDICAL CENTER - LUM CA,100 WOODS RD,VALHALLA,NY,MEDASSETS,09/20/2024,2336506782,946,0.2,CS,32.1,0.0
,,R705T2,KPN9,GRADY HEALTH SYSTEM LUM CARTS,80 JESSE HILL JR DR SE,ATLANTA,GA,MEDASSETS,09/20/2024,2336543225,648,0.2,CS,30.4,0.0
,,R705T1,BAIR,WESTCHESTER MEDICAL CENTER - LUM CA,100 WOODS RD,VALHALLA,NY,MEDASSETS,09/22/2024,2336541205,974,0.2,CS,44.0,0.0
,,R705T1,VZK4,MT HOOD MEDICAL CENTER,24800 SE STARK ST,GRESHAM,OR,MEDASSETS,09/21/2024,2336622309,648,1.0,CS,155.04,0.0
,,R705T1,BAIR,WESTCHESTER MEDICAL CENTER - LUM CA,100 WOODS RD,VALHALLA,NY,MEDASSETS,09/23/2024,2336628775,946,0.1,CS,16.05,0.0
,,R705T1,5LRQ,AKRON CHILDRENS HOSPITAL,1 PERKINS SQ,AKRON,OH,MEDASSETS,09/18/2024,2336609440,646,2.0,CS,252.76,0.0
,,R705T1,V4W5,SCHEURER HOSPITAL,170 N CASEVILLE RD,PIGEON,MI,MEDASSETS,09/23/2024,2336612608,648,0.2,CS,31.02,0.0
,,R705T1,JGTB,UAB HOSPITAL LUM CARTS,521 S 19TH ST GSB,BIRMINGHAM,AL,MEDASSETS,09/18/2024,2336679352,648B,0.1,CS,13.99,0.0
,,R705T1,JGTB,UAB HOSPITAL LUM CARTS,521 S 19TH ST GSB,BIRMINGHAM,AL,MEDASSETS,09/19/2024,2336687660,648B,0.1,CS,13.99,0.0
,,R705T1,S186,KENT - LUM ON UBOAT (LUM),455 TOLL GATE RD,WARWICK,RI,MEDASSETS,09/23/2024,2336670869,648,0.4,CS,62.04,0.0
,,R705T1,JGTB,UAB HOSPITAL LUM CARTS,521 S 19TH ST GSB,BIRMINGHAM,AL,MEDASSETS,09/23/2024,2336690402,648B,0.2,CS,28.0,0.0
,,R705T1,JBCP,TAMPA GENERAL HOSPITAL-SPD,1 TAMPA GENERAL CIR,TAMPA,FL,MEDASSETS,09/24/2024,2336754943,656,1.0,CS,139.9,0.0
,,R705T1,JBCP,TAMPA GENERAL HOSPITAL-SPD,1 TAMPA GENERAL CIR,TAMPA,FL,MEDASSETS,09/23/2024,2336749783,656,0.5,CS,69.95,0.0
,,R705T2,ECFX,UNIVERSITY OF ROCHESTER/STRONG (LUM,601 ELMWOOD AVE,ROCHESTER,NY,MEDASSETS,09/23/2024,2336743306,648,0.4,CS,60.8,0.0
,,R705T2,ECFX,UNIVERSITY OF ROCHESTER/STRONG (LUM,601 ELMWOOD AVE,ROCHESTER,NY,MEDASSETS,09/24/2024,2336756793,648,0.6,CS,91.19999999999999,0.0
,,R705T2,Q542,MIAMI VALLEY HOSPITAL,1 WYOMING ST,DAYTON,OH,MEDASSETS,09/23/2024,2336771802,946,1.0,CS,157.35,0.0
,,R705T2,ECFX,UNIVERSITY OF ROCHESTER/STRONG (LUM,601 ELMWOOD AVE,ROCHESTER,NY,MEDASSETS,09/23/2024,2336745279,648,0.2,CS,30.4,0.0
,,R705T1,YAZK,THEDACARE REG MED CTR-APPLETON(LUM),1818 N MEADE ST,APPLETON,WI,MEDASSETS,09/23/2024,2336756079,956,1.0,CS,158.0,0.0
,,R705T2,Q542,MIAMI VALLEY HOSPITAL,1 WYOMING ST,DAYTON,OH,MEDASSETS,09/23/2024,2336771860,648,1.0,CS,152.0,0.0
,,R705T1,BAIR,WESTCHESTER MEDICAL CENTER - LUM CA,100 WOODS RD,VALHALLA,NY,MEDASSETS,09/24/2024,2336799709,946,0.2,CS,32.1,0.0
,,R705T2,DT9K,UNIVERSITY OF CINCINNATI - UCMC,331 ALBERT SABIN WAY,CINCINNATI,OH,MEDASSETS,09/24/2024,2336787360,974,1.0,CS,215.7,0.0
,,R705T2,SUBS,UNIV CINCINNATI-BCW,3200 BURNET AVE,CINCINNATI,OH,MEDASSETS,09/23/2024,2336790187,656,2.0,CS,274.3,0.0
,,R705T1,JGTB,UAB HOSPITAL LUM CARTS,521 S 19TH ST GSB,BIRMINGHAM,AL,MEDASSETS,09/23/2024,2336819605,648B,0.2,CS,28.0,0.0
,,R705T1,MF5W,GOOD SAMARITAN HOSPITAL,1015 NW 22ND AVE,PORTLAND,OR,MEDASSETS,09/23/2024,2336821486,648,1.0,CS,155.04,0.0
,,R705T2,R152,UNIVERSITY OF ROCHESTER/STRONG (BUL,601 ELMWOOD AVE,ROCHESTER,NY,MEDASSETS,09/22/2024,2336823901,648,0.8,CS,121.6,0.0
,,R705T1,JGTB,UAB HOSPITAL LUM CARTS,521 S 19TH ST GSB,BIRMINGHAM,AL,MEDASSETS,09/24/2024,2336827141,648B,0.4,CS,56.0,0.0
,,R705T1,Q911,BRYN MAWR HOSPITAL,130 S BRYN MAWR AVE,BRYN MAWR,PA,MEDASSETS,09/24/2024,2336822922,648B,0.3,CS,41.97,0.0
,,R705T2,R158,HIGHLAND HOSPITAL-ROCHESTER (LUM),1000 SOUTH AVE,ROCHESTER,NY,MEDASSETS,09/23/2024,2336820387,648,0.2,CS,30.4,0.0
,,R705T2,R158,HIGHLAND HOSPITAL-ROCHESTER (LUM),1000 SOUTH AVE,ROCHESTER,NY,MEDASSETS,09/23/2024,2336828242,648,0.2,CS,30.4,0.0
,,R705T1,ECIA,BINGHAMTON GENERAL HOSPITAL (LUM),10-42 MITCHELL AVE,BINGHAMTON,NY,MEDASSETS,09/23/2024,2336853246,648,0.1,CS,15.5,0.0
,,R705T2,A5JD,NORTH MIAMI VALLEY HOSPITAL,9000 N MAIN ST,ENGLEWOOD,OH,MEDASSETS,09/20/2024,2336853428,956,1.0,CS,154.9,0.0
,,R705T2,LCAC,UNIV CINCINNATI-WESTCHESTER (LUM),7700 UNIVERSITY DR,WEST CHESTER,OH,MEDASSETS,09/20/2024,2336868216,974,1.0,CS,215.7,0.0
,,R705T1,JY7Z,LEGACY SALMON CREEK HOSPITAL,2211 NE 139TH ST,VANCOUVER,WA,MEDASSETS,09/09/2024,2336934880,656,4.0,CS,559.56,0.0
,,R705T2,LCAC,UNIV CINCINNATI-WESTCHESTER (LUM),7700 UNIVERSITY DR,WEST CHESTER,OH,MEDASSETS,09/23/2024,2336868277,974,1.0,CS,215.7,0.0
,,R705T1,ECIA,BINGHAMTON GENERAL HOSPITAL (LUM),10-42 MITCHELL AVE,BINGHAMTON,NY,MEDASSETS,09/23/2024,2336853246,646,0.1,CS,12.64,0.0
,,R705T1,BAIR,WESTCHESTER MEDICAL CENTER - LUM CA,100 WOODS RD,VALHALLA,NY,MEDASSETS,09/25/2024,2336953493,946,0.1,CS,16.05,0.0
,,R705T1,Q774,HENRY COUNTY MEMORIAL HOSPITAL,1000 N 16TH ST,NEW CASTLE,IN,MEDASSETS,09/24/2024,2336951246,646,1.0,CS,126.38,0.0
,,R705T1,X917,COREWELL HEALTH FARMINGTON HILLS HO,28050 GRAND RIVER AVE,FARMINGTON HILLS,MI,MEDASSETS,09/24/2024,2336993900,656,1.0,CS,139.89,0.0
,,R705T1,6GZ9,PARKLAND HEALTH (SCDC),10880 GOODNIGHT LN,DALLAS,TX,MEDASSETS,09/24/2024,2336974341,946,2.0,CS,321.0,0.0
,,R705T2,ECFX,UNIVERSITY OF ROCHESTER/STRONG (LUM,601 ELMWOOD AVE,ROCHESTER,NY,MEDASSETS,09/25/2024,2336992334,648,0.2,CS,30.4,0.0
,,R705T1,VXE3,JOHNS HOPKINS ALL CHILDRENS HOSPITA,501 6TH AVE S,SAINT PETERSBURG,FL,MEDASSETS,09/24/2024,2337005139,645,1.0,CS,144.94,0.0
,,R705T1,HETB,CAPITAL REGION MEDICAL CNTR,901 N HARRY S TRUMAN DR,LARGO,MD,MEDASSETS,09/25/2024,2337017362,648,2.0,CS,310.08,0.0
,,R705T1,ECHZ,WILSON MEMORIAL HOSPITAL (LUM),33-57 HARRISON ST,JOHNSON CITY,NY,MEDASSETS,09/24/2024,2337011862,648,0.5,CS,77.5,0.0
,,R705T2,R152,UNIVERSITY OF ROCHESTER/STRONG (BUL,601 ELMWOOD AVE,ROCHESTER,NY,MEDASSETS,09/24/2024,2337013864,656,1.0,CS,137.15,0.0
,,R705T1,JGTB,UAB HOSPITAL LUM CARTS,521 S 19TH ST GSB,BIRMINGHAM,AL,MEDASSETS,09/23/2024,2337054398,648B,0.1,CS,13.99,0.0
,,R705T1,JGTB,UAB HOSPITAL LUM CARTS,521 S 19TH ST GSB,BIRMINGHAM,AL,MEDASSETS,09/24/2024,2337062088,648B,0.4,CS,56.0,0.0
,,R705T1,S457,MGB - MASS EYE AND EAR (BULK),243 CHARLES ST,BOSTON,MA,MEDASSETS,09/25/2024,2337061153,646,0.4,CS,50.56,0.0
,,R705T2,ECFX,UNIVERSITY OF ROCHESTER/STRONG (LUM,601 ELMWOOD AVE,ROCHESTER,NY,MEDASSETS,09/26/2024,2337159008,648,0.2,CS,30.4,0.0
,,R705T2,SUBS,UNIV CINCINNATI-BCW,3200 BURNET AVE,CINCINNATI,OH,MEDASSETS,09/25/2024,2337226454,974,1.0,CS,215.7,0.0
,,R705T2,RBBA,PROMEDICA TOLEDO HOSPITAL (LUM),2142 N COVE BLVD,TOLEDO,OH,MEDASSETS,09/25/2024,2337238150,946,0.3,CS,47.22,0.0
,,R705T2,RBBA,PROMEDICA TOLEDO HOSPITAL (LUM),2142 N COVE BLVD,TOLEDO,OH,MEDASSETS,09/25/2024,2337238100,946,0.4,CS,62.96,0.0
,,R705T1,X917,COREWELL HEALTH FARMINGTON HILLS HO,28050 GRAND RIVER AVE,FARMINGTON HILLS,MI,MEDASSETS,09/25/2024,2337220672,656,2.0,CS,279.78,0.0
,,R705T2,Q641,PROMEDICA FLOWER HOSPITAL (LUM),5200 HARROUN RD,SYLVANIA,OH,MEDASSETS,09/25/2024,2337242857,956,1.0,CS,154.9,0.0
,,R705T2,R152,UNIVERSITY OF ROCHESTER/STRONG (BUL,601 ELMWOOD AVE,ROCHESTER,NY,MEDASSETS,09/25/2024,2337240513,645,0.2,CS,28.42,0.0
,,R705T2,ECFX,UNIVERSITY OF ROCHESTER/STRONG (LUM,601 ELMWOOD AVE,ROCHESTER,NY,MEDASSETS,09/26/2024,2337328097,648,0.5,CS,76.0,0.0
,,R705T2,ECFX,UNIVERSITY OF ROCHESTER/STRONG (LUM,601 ELMWOOD AVE,ROCHESTER,NY,MEDASSETS,09/26/2024,2337329825,646,0.1,CS,12.39,0.0
,,R705T2,ECFX,UNIVERSITY OF ROCHESTER/STRONG (LUM,601 ELMWOOD AVE,ROCHESTER,NY,MEDASSETS,09/27/2024,2337329854,648,0.5,CS,76.0,0.0
,,R705T1,S186,KENT - LUM ON UBOAT (LUM),455 TOLL GATE RD,WARWICK,RI,MEDASSETS,09/27/2024,2337335677,648,0.4,CS,62.04,0.0
,,R705T2,R152,UNIVERSITY OF ROCHESTER/STRONG (BUL,601 ELMWOOD AVE,ROCHESTER,NY,MEDASSETS,09/27/2024,2337340350,648,1.1,CS,167.2,0.0
,,R705T2,ECFX,UNIVERSITY OF ROCHESTER/STRONG (LUM,601 ELMWOOD AVE,ROCHESTER,NY,MEDASSETS,09/26/2024,2337329825,645,0.2,CS,28.42,0.0
,,R705T2,ECFX,UNIVERSITY OF ROCHESTER/STRONG (LUM,601 ELMWOOD AVE,ROCHESTER,NY,MEDASSETS,09/27/2024,2337337165,648,0.3,CS,45.599999999999994,0.0
,,R705T1,JGTB,UAB HOSPITAL LUM CARTS,521 S 19TH ST GSB,BIRMINGHAM,AL,MEDASSETS,09/20/2024,2337355636,648B,0.2,CS,28.0,0.0
,,R705T1,JGTB,UAB HOSPITAL LUM CARTS,521 S 19TH ST GSB,BIRMINGHAM,AL,MEDASSETS,09/23/2024,2337357306,648B,0.1,CS,13.99,0.0
,,R705T1,JGTB,UAB HOSPITAL LUM CARTS,521 S 19TH ST GSB,BIRMINGHAM,AL,MEDASSETS,09/23/2024,2337361206,648B,0.2,CS,28.0,0.0
,,R705T1,S1G1,HELEN NEWBERRY JOY HOSPITAL,310 W AVENUE A,NEWBERRY,MI,MEDASSETS,09/27/2024,2337362259,649,1.0,CS,155.09,0.0
,,R705T1,JGTB,UAB HOSPITAL LUM CARTS,521 S 19TH ST GSB,BIRMINGHAM,AL,MEDASSETS,09/24/2024,2337385408,648B,0.1,CS,13.99,0.0
,,R705T2,KPN9,GRADY HEALTH SYSTEM LUM CARTS,80 JESSE HILL JR DR SE,ATLANTA,GA,MEDASSETS,09/25/2024,2337376367,646,0.1,CS,12.39,0.0
,,R705T2,KPN9,GRADY HEALTH SYSTEM LUM CARTS,80 JESSE HILL JR DR SE,ATLANTA,GA,MEDASSETS,09/25/2024,2337378528,648,0.6,CS,91.19999999999999,0.0
,,R705T1,JGTB,UAB HOSPITAL LUM CARTS,521 S 19TH ST GSB,BIRMINGHAM,AL,MEDASSETS,09/24/2024,2337385446,648B,0.2,CS,28.0,0.0
,,R705T1,HDIH,THE UNIVERSITY OF TEXAS SW MEDICAL,6201 HARRY HINES BLVD,DALLAS,TX,MEDASSETS,09/26/2024,2337399597,648,2.0,CS,310.08,0.0
,,R705T1,XU8I,UNIV OF KANSAS HS-CAMBRIDGE DOCK,3801 EATON ST,KANSAS CITY,KS,MEDASSETS,09/27/2024,2337434050,956,1.0,CS,158.0,0.0
,,R705T1,R326,CAYUGA MEDICAL CENTER-AT ITHACA,101 DATES DR,ITHACA,NY,MEDASSETS,09/26/2024,2337457266,649,1.0,CS,155.09,0.0
,,R705T2,Q542,MIAMI VALLEY HOSPITAL,1 WYOMING ST,DAYTON,OH,MEDASSETS,09/27/2024,2337461818,648,1.0,CS,152.0,0.0
,,R705T1,5LRQ,AKRON CHILDRENS HOSPITAL,1 PERKINS SQ,AKRON,OH,MEDASSETS,09/25/2024,2337459132,646,2.0,CS,252.76,0.0
,,R705T2,ECFX,UNIVERSITY OF ROCHESTER/STRONG (LUM,601 ELMWOOD AVE,ROCHESTER,NY,MEDASSETS,09/28/2024,2337491596,646,0.4,CS,49.56,0.0
,,R705T2,ECFX,UNIVERSITY OF ROCHESTER/STRONG (LUM,601 ELMWOOD AVE,ROCHESTER,NY,MEDASSETS,09/28/2024,2337492429,645,0.6,CS,85.26,0.0
,,R705T1,JKFF,NCH MD-HEALTHCARE SYSTEM,350 7TH ST N,NAPLES,FL,MEDASSETS,09/28/2024,2337502173,648,1.0,CS,155.04,0.0
,,R705T1,BAIR,WESTCHESTER MEDICAL CENTER - LUM CA,100 WOODS RD,VALHALLA,NY,MEDASSETS,09/27/2024,2337510130,946,0.1,CS,16.05,0.0
,,R705T2,RBBA,PROMEDICA TOLEDO HOSPITAL,2142 N COVE BLVD,TOLEDO,OH,MEDASSETS,09/27/2024,2337505345,956,1.0,CS,154.9,0.0
,,R705T1,VZK4,MT HOOD MEDICAL CENTER,24800 SE STARK ST,GRESHAM,OR,MEDASSETS,09/16/2024,2337529450,656,1.0,CS,139.89,0.0
,,R705T1,HFNW,CHILDRENS NATIONAL HOSPITAL(LUM),111 MICHIGAN AVE NW,WASHINGTON,DC,MEDASSETS,09/28/2024,2337536083,645,0.8,CS,115.92,0.0
,,R705T1,BAIR,WESTCHESTER MEDICAL CENTER - LUM CA,100 WOODS RD,VALHALLA,NY,MEDASSETS,09/29/2024,2337526986,974,0.1,CS,22.0,0.0
,,R705T1,BAIR,WESTCHESTER MEDICAL CENTER - LUM CA,100 WOODS RD,VALHALLA,NY,MEDASSETS,09/29/2024,2337526941,946,0.1,CS,16.05,0.0
,,R705T1,BAIR,WESTCHESTER MEDICAL CENTER - LUM CA,100 WOODS RD,VALHALLA,NY,MEDASSETS,09/29/2024,2337526990,946,0.1,CS,16.05,0.0
,,R705T2,KPN9,GRADY HEALTH SYSTEM LUM CARTS,80 JESSE HILL JR DR SE,ATLANTA,GA,MEDASSETS,09/28/2024,2337549545,648,0.6,CS,91.19999999999999,0.0
,,R705T2,KPN9,GRADY HEALTH SYSTEM LUM CARTS,80 JESSE HILL JR DR SE,ATLANTA,GA,MEDASSETS,09/28/2024,2337541250,648,0.6,CS,91.19999999999999,0.0
,,R705T2,V888,BON SECOURS ST FRANCIS,2095 HENRY TECKLENBURG DR,CHARLESTON,SC,MEDASSETS,10/10/2024,7180601705,656,1.0,CS,137.15,0.0
,,R705T2,V888,BON SECOURS ST FRANCIS,2095 HENRY TECKLENBURG DR,CHARLESTON,SC,MEDASSETS,10/17/2024,7180874645,656,1.0,CS,137.15,0.0
,,R705T2,ZE3F,ROPER ST FRANCIS BERKELEY HOSP,100 CALLEN BLVD,SUMMERVILLE,SC,MEDASSETS,10/08/2024,7180487222,656,1.0,CS,137.15,0.0
,,R705T2,V888,BON SECOURS ST FRANCIS,2095 HENRY TECKLENBURG DR,CHARLESTON,SC,MEDASSETS,10/30/2024,7181336683,656,2.0,CS,274.3,0.0
,,R705T2,V888,BON SECOURS ST FRANCIS,2095 HENRY TECKLENBURG DR,CHARLESTON,SC,MEDASSETS,10/22/2024,7181027684,656,2.0,CS,274.3,0.0
,,R705T2,ZSGA,MOUNT PLEASANT HOSPITAL,3500 N HIGHWAY 17,MOUNT PLEASANT,SC,MEDASSETS,10/29/2024,7181288324,956,1.0,CS,154.9,0.0
,,R705T2,ZE3F,ROPER ST FRANCIS BERKELEY HOSP,100 CALLEN BLVD,SUMMERVILLE,SC,MEDASSETS,10/09/2024,7180526156,656,1.0,CS,137.15,0.0
,,R705T2,V888,BON SECOURS ST FRANCIS,2095 HENRY TECKLENBURG DR,CHARLESTON,SC,MEDASSETS,10/02/2024,7180291539,956,1.0,CS,154.9,0.0
,,R705T2,ZSGA,MOUNT PLEASANT HOSPITAL,3500 N HIGHWAY 17,MOUNT PLEASANT,SC,MEDASSETS,10/16/2024,7180818270,956,2.0,CS,309.8,0.0
,,R705T2,V888,BON SECOURS ST FRANCIS,2095 HENRY TECKLENBURG DR,CHARLESTON,SC,MEDASSETS,10/01/2024,7180222311,656,2.0,CS,274.3,0.0
,,R705T2,V889,ROPER HOSPITAL,316 CALHOUN ST,CHARLESTON,SC,MEDASSETS,10/18/2024,7180920979,656,1.0,CS,137.15,0.0
,,R705T1,V57S,MERCY MEDICAL CENTER,701 10TH ST SE,CEDAR RAPIDS,IA,MEDASSETS,09/30/2024,2337616354,646,0.6,CS,75.84,0.0
,,R705T2,ECFX,UNIVERSITY OF ROCHESTER/STRONG (LUM,601 ELMWOOD AVE,ROCHESTER,NY,MEDASSETS,09/30/2024,2337607978,648,0.4,CS,60.8,0.0
,,R705T2,R158,HIGHLAND HOSPITAL-ROCHESTER (LUM),1000 SOUTH AVE,ROCHESTER,NY,MEDASSETS,09/30/2024,2337604535,648,0.4,CS,60.8,0.0
,,R705T1,BAIR,WESTCHESTER MEDICAL CENTER - LUM CA,100 WOODS RD,VALHALLA,NY,MEDASSETS,09/30/2024,2337587397,946,0.1,CS,16.05,0.0
,,R705T1,QLIO,COMMUNITY HOSPITAL OF ANACONDA,401 W PENNSYLVANIA ST,ANACONDA,MT,MEDASSETS,09/18/2024,2337641548,645,2.0,CS,289.88,0.0
,,R705T1,M7DA,HELENA REGIONAL MEDICAL CENTER,1801 MARTIN LUTHER KING JR DR,HELENA,AR,MEDASSETS,09/25/2024,2337647681,645,0.2,CS,29.0,0.0
,,R705T2,R152,UNIVERSITY OF ROCHESTER/STRONG (BUL,601 ELMWOOD AVE,ROCHESTER,NY,MEDASSETS,09/29/2024,2337670298,648,0.6,CS,91.19999999999999,0.0
,,R705T1,CVBH,ANN AND ROBERT H LURIE CHILDRENS,200 E SUPERIOR ST,CHICAGO,IL,MEDASSETS,09/30/2024,2337754975,648,1.0,CS,155.0,0.0
,,R705T1,AXMA,BEAUMONT - ROYAL OAK LUM 3,3601 W 13 MILE RD,ROYAL OAK,MI,MEDASSETS,09/30/2024,2337687466,656,1.0,CS,139.89,0.0
,,R705T2,LCAC,UNIV CINCINNATI-WESTCHESTER,7700 UNIVERSITY DR,WEST CHESTER,OH,MEDASSETS,10/01/2024,2337778213,974,1.0,CS,215.7,0.0
,,R705T1,YAZK,THEDACARE REG MED CTR-APPLETON(LUM),1818 N MEADE ST,APPLETON,WI,MEDASSETS,09/30/2024,2337791863,956,1.0,CS,158.0,0.0
,,R705T1,JZ5Y,CHS-ST FRANCIS HOSPITAL,100 PORT WASHINGTON BLVD,ROSLYN,NY,MEDASSETS,09/27/2024,2337783800,648,2.0,CS,310.08,0.0
,,R705T2,WCV2,NICHOLAS H NOYES HOSPITAL,111 CLARA BARTON ST,DANSVILLE,NY,MEDASSETS,09/30/2024,2337769705,648,0.3,CS,45.599999999999994,0.0
,,R705T1,JZ5Y,CHS-ST FRANCIS HOSPITAL,100 PORT WASHINGTON BLVD,ROSLYN,NY,MEDASSETS,09/24/2024,2337783802,648,1.0,CS,155.04,0.0
,,R705T2,WEZO,PMR WILDWOOD,2865 N REYNOLDS RD STE 170,TOLEDO,OH,MEDASSETS,09/18/2024,2337801500,957,5.0,CS,628.5,0.0
,,R705T1,BAIR,WESTCHESTER MEDICAL CENTER - LUM CA,100 WOODS RD,VALHALLA,NY,MEDASSETS,10/01/2024,2337801493,946,0.1,CS,16.05,0.0
,,R705T2,WEZO,PMR WILDWOOD,2865 N REYNOLDS RD STE 170,TOLEDO,OH,MEDASSETS,10/01/2024,2337801501,957,1.0,CS,125.7,2.3
,,R705T2,R152,UNIVERSITY OF ROCHESTER/STRONG (BUL,601 ELMWOOD AVE,ROCHESTER,NY,MEDASSETS,09/30/2024,2337837759,656,1.0,CS,137.15,0.0
,,R705T1,W5ZF,VANDERBILT IMAGING (BULK),2000 RICHARD JONES RD STE 270,NASHVILLE,TN,MEDASSETS,09/26/2024,2337870415,656,1.0,CS,139.89,0.0
,,R705T2,KPN9,GRADY HEALTH SYSTEM LUM CARTS,80 JESSE HILL JR DR SE,ATLANTA,GA,MEDASSETS,10/02/2024,2337933995,648,2.0,CS,304.0,0.0
,,R705T2,KPN9,GRADY HEALTH SYSTEM LUM CARTS,80 JESSE HILL JR DR SE,ATLANTA,GA,MEDASSETS,10/01/2024,2337933983,646,0.1,CS,12.39,0.0
,,R705T2,Q358,PROMEDICA MONROE REGIONAL HOSPITAL,718 N MACOMB ST,MONROE,MI,MEDASSETS,10/01/2024,2337957190,956,1.0,CS,154.9,0.6
,,R705T2,XNYW,PROMEDICA COLDWATER REGIONAL HOSPIT,274 E CHICAGO ST,COLDWATER,MI,MEDASSETS,09/16/2024,2337977331,957,1.0,CS,125.7,0.0
,,R705T1,ECIA,BINGHAMTON GENERAL HOSPITAL (LUM),10-42 MITCHELL AVE,BINGHAMTON,NY,MEDASSETS,10/01/2024,2338006098,648,0.1,CS,15.5,0.0
,,R705T1,BAIR,WESTCHESTER MEDICAL CENTER - LUM CA,100 WOODS RD,VALHALLA,NY,MEDASSETS,10/02/2024,2338001827,974,0.1,CS,22.0,0.0
,,R705T1,BAIR,WESTCHESTER MEDICAL CENTER - LUM CA,100 WOODS RD,VALHALLA,NY,MEDASSETS,10/02/2024,2337994075,974,0.1,CS,22.0,0.0
,,R705T2,LCAC,UNIV CINCINNATI-WESTCHESTER,7700 UNIVERSITY DR,WEST CHESTER,OH,MEDASSETS,10/01/2024,2337975483,656,2.0,CS,274.3,3.7
,,R705T2,XNYW,PROMEDICA COLDWATER REGIONAL HOSPIT,274 E CHICAGO ST,COLDWATER,MI,MEDASSETS,09/23/2024,2337977330,957,1.0,CS,125.7,0.0
,,R705T1,JBCP,TAMPA GENERAL HOSPITAL-SPD,1 TAMPA GENERAL CIR,TAMPA,FL,MEDASSETS,10/02/2024,2338013768,656,1.0,CS,139.9,0.0
,,R705T2,WCV2,NICHOLAS H NOYES HOSPITAL,111 CLARA BARTON ST,DANSVILLE,NY,MEDASSETS,10/02/2024,2338026923,645,0.2,CS,28.42,0.0
,,R705T1,SBCN,GEORGIA NEUROSURGICAL INST-ASC,840 PINE ST STE 810,MACON,GA,MEDASSETS,09/30/2024,2338043770,648,0.2,CS,31.02,0.0
,,R705T2,RBBA,PROMEDICA TOLEDO HOSPITAL (LUM),2142 N COVE BLVD,TOLEDO,OH,MEDASSETS,10/01/2024,2338063508,946,0.3,CS,47.22,0.0
,,R705T2,W479,UPPER VALLEY MEDICAL CENTER,3130 N COUNTY ROAD 25A,TROY,OH,MEDASSETS,09/10/2024,2338065746,957,4.0,CS,502.8,0.0
,,R705T2,ECFX,UNIVERSITY OF ROCHESTER/STRONG (LUM,601 ELMWOOD AVE,ROCHESTER,NY,MEDASSETS,10/01/2024,2338066139,648,0.6,CS,91.19999999999999,0.0
,,R705T2,RBBA,PROMEDICA TOLEDO HOSPITAL (LUM),2142 N COVE BLVD,TOLEDO,OH,MEDASSETS,10/01/2024,2338058330,957,0.3,CS,37.71,0.69
,,R705T2,Q641,PROMEDICA FLOWER HOSPITAL (LUM),5200 HARROUN RD,SYLVANIA,OH,MEDASSETS,10/01/2024,2338067832,957,0.7,CS,87.99000000000001,1.61
,,R705T2,Q542,MIAMI VALLEY HOSPITAL,1 WYOMING ST,DAYTON,OH,MEDASSETS,10/01/2024,2338074731,648,1.0,CS,152.0,0.0
,,R705T2,Q641,PROMEDICA FLOWER HOSPITAL (LUM),5200 HARROUN RD,SYLVANIA,OH,MEDASSETS,10/01/2024,2338065289,957,0.7,CS,87.99000000000001,1.61
,,R705T2,WCV2,NICHOLAS H NOYES HOSPITAL,111 CLARA BARTON ST,DANSVILLE,NY,MEDASSETS,10/02/2024,2338180124,645,0.2,CS,28.42,0.0
,,R705T1,MKSO,BELLIN MEMORIAL HOSPITAL INC,905 CASS ST,GREEN BAY,WI,MEDASSETS,10/02/2024,2338207653,648,1.0,CS,155.04,0.0
,,R705T1,PL9P,MRN LAFAYETTE 2,1133 21ST ST NW STE 801,WASHINGTON,DC,MEDASSETS,09/19/2024,2338210635,656,2.0,CS,279.78,0.0
,,R705T2,ECFX,UNIVERSITY OF ROCHESTER/STRONG (LUM,601 ELMWOOD AVE,ROCHESTER,NY,MEDASSETS,09/30/2024,2338197332,646,0.1,CS,12.39,0.0
,,R705T2,RBBA,PROMEDICA TOLEDO HOSPITAL (LUM),2142 N COVE BLVD,TOLEDO,OH,MEDASSETS,10/03/2024,2338240510,957,0.3,CS,37.71,0.69
,,R705T1,R998,SILVER CROSS HOSPITAL,1900 SILVER CROSS BLVD,NEW LENOX,IL,MEDASSETS,10/02/2024,2338260368,648,1.0,CS,155.04,0.0
,,R705T1,67BR,CCP TASS INC,6 WELLNESS WAY STE 201,LATHAM,NY,MEDASSETS,10/03/2024,2338252135,648,1.0,CS,155.04,0.0
,,R705T1,HFNW,CHILDRENS NATIONAL HOSPITAL(LUM),111 MICHIGAN AVE NW,WASHINGTON,DC,MEDASSETS,10/02/2024,2338299444,645,0.8,CS,115.92,0.0
,,R705T1,R326,CAYUGA MEDICAL CENTER-AT ITHACA,101 DATES DR,ITHACA,NY,MEDASSETS,10/03/2024,2338365133,646,0.1,CS,12.64,0.0
,,R705T2,ECFX,UNIVERSITY OF ROCHESTER/STRONG (LUM,601 ELMWOOD AVE,ROCHESTER,NY,MEDASSETS,10/03/2024,2338373791,646,0.3,CS,37.17,0.0
,,R705T2,KPN9,GRADY HEALTH SYSTEM LUM CARTS,80 JESSE HILL JR DR SE,ATLANTA,GA,MEDASSETS,10/02/2024,2338373821,648,0.2,CS,30.4,0.0
,,R705T2,ECFX,UNIVERSITY OF ROCHESTER/STRONG (LUM,601 ELMWOOD AVE,ROCHESTER,NY,MEDASSETS,10/03/2024,2338378958,645,0.6,CS,85.26,0.0
,,R705T2,ECFX,UNIVERSITY OF ROCHESTER/STRONG (LUM,601 ELMWOOD AVE,ROCHESTER,NY,MEDASSETS,10/04/2024,2338386159,648,0.2,CS,30.4,0.0
,,R705T2,ECFX,UNIVERSITY OF ROCHESTER/STRONG (LUM,601 ELMWOOD AVE,ROCHESTER,NY,MEDASSETS,10/03/2024,2338377075,648,0.1,CS,15.2,0.0
,,R705T2,ECFX,UNIVERSITY OF ROCHESTER/STRONG (LUM,601 ELMWOOD AVE,ROCHESTER,NY,MEDASSETS,10/04/2024,2338386124,648,0.1,CS,15.2,0.0
,,R705T2,SUBS,UNIV CINCINNATI-BCW,3200 BURNET AVE,CINCINNATI,OH,MEDASSETS,10/02/2024,2338404713,648,2.0,CS,304.0,0.0
,,R705T2,LCAC,UNIV CINCINNATI-WESTCHESTER (LUM),7700 UNIVERSITY DR,WEST CHESTER,OH,MEDASSETS,10/02/2024,2338455669,974,0.4,CS,86.28,0.0
,,R705T2,RBBA,PROMEDICA TOLEDO HOSPITAL (LUM),2142 N COVE BLVD,TOLEDO,OH,MEDASSETS,10/03/2024,2338451876,946,0.4,CS,62.96,0.0
,,R705T2,LCAC,UNIV CINCINNATI-WESTCHESTER (LUM),7700 UNIVERSITY DR,WEST CHESTER,OH,MEDASSETS,10/01/2024,2338455634,974,0.4,CS,86.28,0.0
,,R705T1,HDIH,THE UNIVERSITY OF TEXAS SW MEDICAL,6201 HARRY HINES BLVD,DALLAS,TX,MEDASSETS,09/30/2024,2338468400,648,2.0,CS,310.08,0.0
,,R705T1,F0V2,NORMAN REGIONAL HOSPITAL,3300 HEALTHPLEX PKWY,NORMAN,OK,MEDASSETS,09/20/2024,2338493547,649B,1.0,CS,139.94,0.0
,,R705T1,YAZK,THEDACARE REG MED-APPLETON (BULK),1818 N MEADE ST,APPLETON,WI,MEDASSETS,10/03/2024,2338507517,956,1.0,CS,158.0,0.0
,,R705T2,R158,HIGHLAND HOSPITAL-ROCHESTER (LUM),1000 SOUTH AVE,ROCHESTER,NY,MEDASSETS,10/03/2024,2338512356,648,0.2,CS,30.4,0.0
,,R705T2,ECFX,UNIVERSITY OF ROCHESTER/STRONG (LUM,601 ELMWOOD AVE,ROCHESTER,NY,MEDASSETS,10/06/2024,2338586448,645,0.1,CS,14.21,0.0
,,R705T1,JKFF,NCH MD-HEALTHCARE SYSTEM,350 7TH ST N,NAPLES,FL,MEDASSETS,10/06/2024,2338589275,648,1.0,CS,155.04,0.0
,,R705T2,ECFX,UNIVERSITY OF ROCHESTER/STRONG (LUM,601 ELMWOOD AVE,ROCHESTER,NY,MEDASSETS,10/06/2024,2338591715,648,0.5,CS,76.0,0.0
,,R705T2,Q542,MIAMI VALLEY HOSPITAL,1 WYOMING ST,DAYTON,OH,MEDASSETS,10/04/2024,2338586978,648,1.0,CS,152.0,0.0
,,R705T2,XSIU,ATRIUM MEDICAL CENTER (LUM),1 MEDICAL CENTER DR,MIDDLETOWN,OH,MEDASSETS,10/04/2024,2338604559,956,1.0,CS,154.9,0.6
,,R705T1,F0V2,NORMAN REGIONAL HOSPITAL,3300 HEALTHPLEX PKWY,NORMAN,OK,MEDASSETS,09/20/2024,2338625397,649B,1.0,CS,139.94,0.0
,,R705T1,X917,COREWELL HEALTH FARMINGTON HILLS HO,28050 GRAND RIVER AVE,FARMINGTON HILLS,MI,MEDASSETS,10/04/2024,2338641666,656,1.0,CS,139.89,0.0
,,R705T1,BAIR,WESTCHESTER MEDICAL CENTER - LUM CA,100 WOODS RD,VALHALLA,NY,MEDASSETS,10/06/2024,2338666469,946,0.1,CS,16.05,0.0
,,R705T1,BAIR,WESTCHESTER MEDICAL CENTER - LUM CA,100 WOODS RD,VALHALLA,NY,MEDASSETS,10/06/2024,2338673115,946,0.1,CS,16.05,0.0
,,R705T2,KPN9,GRADY HEALTH SYSTEM LUM CARTS,80 JESSE HILL JR DR SE,ATLANTA,GA,MEDASSETS,10/04/2024,2338680951,648,0.2,CS,30.4,0.0
,,R705T2,KPN9,GRADY HEALTH SYSTEM LUM CARTS,80 JESSE HILL JR DR SE,ATLANTA,GA,MEDASSETS,10/04/2024,2338680946,648,0.4,CS,60.8,0.0
,,R705T2,RBBA,PROMEDICA TOLEDO HOSPITAL (LUM),2142 N COVE BLVD,TOLEDO,OH,MEDASSETS,10/04/2024,2338690602,957,0.3,CS,37.71,0.69
,,R705T2,R152,UNIVERSITY OF ROCHESTER/STRONG (BUL,601 ELMWOOD AVE,ROCHESTER,NY,MEDASSETS,10/06/2024,2338761239,648,0.6,CS,91.19999999999999,0.0
,,R705T2,KPN9,GRADY HEALTH SYSTEM LUM CARTS,80 JESSE HILL JR DR SE,ATLANTA,GA,MEDASSETS,10/03/2024,2338678658,648,1.2,CS,182.39999999999998,0.0
,,R705T1,HDIH,THE UNIVERSITY OF TEXAS SW MEDICAL,6201 HARRY HINES BLVD,DALLAS,TX,MEDASSETS,10/07/2024,2338766092,956,1.0,CS,158.0,0.0
,,R705T2,RBBA,PROMEDICA TOLEDO HOSPITAL (LUM),2142 N COVE BLVD,TOLEDO,OH,MEDASSETS,10/06/2024,2338693549,957,0.3,CS,37.71,0.69
,,R705T2,R152,UNIVERSITY OF ROCHESTER/STRONG (BUL,601 ELMWOOD AVE,ROCHESTER,NY,MEDASSETS,10/07/2024,2338761282,648,1.0,CS,152.0,0.0
,,R705T2,JZ88,URMC-NEUROSURG PAIN,2180 CLINTON AVE S,ROCHESTER,NY,MEDASSETS,10/07/2024,2338815673,648,0.3,CS,45.599999999999994,0.0
,,R705T1,JY7Z,LEGACY SALMON CREEK HOSPITAL,2211 NE 139TH ST,VANCOUVER,WA,MEDASSETS,10/03/2024,2338774261,648,1.0,CS,155.04,0.0
,,R705T1,BAIR,WESTCHESTER MEDICAL CENTER - LUM CA,100 WOODS RD,VALHALLA,NY,MEDASSETS,10/07/2024,2338805789,946,0.3,CS,48.150000000000006,0.0
,,R705T2,ECFX,UNIVERSITY OF ROCHESTER/STRONG (LUM,601 ELMWOOD AVE,ROCHESTER,NY,MEDASSETS,10/06/2024,2338787791,646,0.3,CS,37.17,0.0
,,R705T2,SUBS,UNIV CINCINNATI-BCW,3200 BURNET AVE,CINCINNATI,OH,MEDASSETS,10/03/2024,2338855859,656,2.0,CS,274.3,3.7
,,R705T1,HFNW,CHILDRENS NATIONAL HOSPITAL(LUM),111 MICHIGAN AVE NW,WASHINGTON,DC,MEDASSETS,10/06/2024,2338906114,646,4.0,CS,505.6,0.0
,,R705T1,U551,CENTRA CARE HEALTH SYSTEM-LONG PRAI,50 CENTRA CARE DR,LONG PRAIRIE,MN,MEDASSETS,09/24/2024,2338904968,646,1.0,CS,126.38,0.0
,,R705T1,KAIR,CHS-ST JOSEPHS HOSPITAL,4295 HEMPSTEAD TPKE,BETHPAGE,NY,MEDASSETS,10/07/2024,2338929368,648,1.0,CS,155.04,0.0
,,R705T2,WEZO,PMR WILDWOOD,2865 N REYNOLDS RD STE 170,TOLEDO,OH,MEDASSETS,09/24/2024,2338920697,957,8.0,CS,1005.6,0.0
,,R705T1,JBCP,TAMPA GENERAL HOSPITAL-SPD,1 TAMPA GENERAL CIR,TAMPA,FL,MEDASSETS,10/08/2024,2338943022,656,0.6,CS,83.94,0.0
,,R705T1,BAIR,WESTCHESTER MEDICAL CENTER - LUM CA,100 WOODS RD,VALHALLA,NY,MEDASSETS,10/08/2024,2338954549,946,0.1,CS,16.05,0.0
,,R705T1,BAIR,WESTCHESTER MEDICAL CENTER - LUM CA,100 WOODS RD,VALHALLA,NY,MEDASSETS,10/07/2024,2338951936,946,0.1,CS,16.05,0.0
,,R705T1,UOL7,ARNOT-OGDEN MEDICAL CENTER,600 ROE AVE,ELMIRA,NY,MEDASSETS,10/04/2024,2338994076,648,1.0,CS,155.04,0.0
,,R705T1,ZNJ2,ROGER WILLIAMS MEDICAL CENTER,825 CHALKSTONE AVE,PROVIDENCE,RI,MEDASSETS,10/07/2024,2339011495,648,1.0,CS,155.04,0.0
,,R705T1,R326,CAYUGA MEDICAL CENTER-AT ITHACA,101 DATES DR,ITHACA,NY,MEDASSETS,10/07/2024,2338994411,646,0.1,CS,12.64,0.0
,,R705T2,ECFX,UNIVERSITY OF ROCHESTER/STRONG (LUM,601 ELMWOOD AVE,ROCHESTER,NY,MEDASSETS,10/08/2024,2338985552,648,0.3,CS,45.599999999999994,0.0
,,R705T1,ECHZ,WILSON MEMORIAL - DVH,33-57 HARRISON ST,JOHNSON CITY,NY,MEDASSETS,10/07/2024,2339001916,648,0.1,CS,15.5,0.0
,,R705T1,ECHZ,WILSON MEMORIAL HOSPITAL (LUM),33-57 HARRISON ST,JOHNSON CITY,NY,MEDASSETS,10/07/2024,2339007544,648,0.1,CS,15.5,0.0
,,R705T1,X917,COREWELL HEALTH FARMINGTON HILLS HO,28050 GRAND RIVER AVE,FARMINGTON HILLS,MI,MEDASSETS,10/07/2024,2339105802,656,2.0,CS,279.78,0.0
,,R705T2,SUBS,UNIV CINCINNATI-BCW,3200 BURNET AVE,CINCINNATI,OH,MEDASSETS,10/04/2024,2339049257,648,4.0,CS,608.0,0.0
,,R705T2,LCAC,UNIV CINCINNATI-WESTCHESTER,7700 UNIVERSITY DR,WEST CHESTER,OH,MEDASSETS,10/07/2024,2339045609,656,1.0,CS,137.15,1.85
,,R705T2,KPN9,GRADY HEALTH SYSTEM LUM CARTS,80 JESSE HILL JR DR SE,ATLANTA,GA,MEDASSETS,10/08/2024,2339113777,648,0.1,CS,15.2,0.0
,,R705T2,KPN9,GRADY HEALTH SYSTEM LUM CARTS,80 JESSE HILL JR DR SE,ATLANTA,GA,MEDASSETS,10/08/2024,2339113791,648,0.2,CS,30.4,0.0
,,R705T1,S186,KENT - LUM ON UBOAT (LUM),455 TOLL GATE RD,WARWICK,RI,MEDASSETS,10/07/2024,2339028178,648,0.4,CS,62.04,0.0
,,R705T2,ECFX,UNIVERSITY OF ROCHESTER/STRONG (LUM,601 ELMWOOD AVE,ROCHESTER,NY,MEDASSETS,10/08/2024,2339107419,645,0.1,CS,14.21,0.0
,,R705T2,ECFX,UNIVERSITY OF ROCHESTER/STRONG (LUM,601 ELMWOOD AVE,ROCHESTER,NY,MEDASSETS,10/09/2024,2339107448,648,0.4,CS,60.8,0.0
,,R705T2,R152,UNIVERSITY OF ROCHESTER/STRONG (BUL,601 ELMWOOD AVE,ROCHESTER,NY,MEDASSETS,10/08/2024,2339126276,656,1.0,CS,137.15,1.85
,,R705T2,ECFX,UNIVERSITY OF ROCHESTER/STRONG (LUM,601 ELMWOOD AVE,ROCHESTER,NY,MEDASSETS,10/09/2024,2339107452,648,0.2,CS,30.4,0.0
,,R705T2,ECFX,UNIVERSITY OF ROCHESTER/STRONG (LUM,601 ELMWOOD AVE,ROCHESTER,NY,MEDASSETS,10/09/2024,2339107491,648,0.2,CS,30.4,0.0
,,R705T2,R152,UNIVERSITY OF ROCHESTER/STRONG (BUL,601 ELMWOOD AVE,ROCHESTER,NY,MEDASSETS,10/08/2024,2339126288,648,0.6,CS,91.19999999999999,0.0
,,R705T1,BAIR,WESTCHESTER MEDICAL CENTER - LUM CA,100 WOODS RD,VALHALLA,NY,MEDASSETS,10/09/2024,2339164929,946,0.1,CS,16.05,0.0
,,R705T1,BAIR,WESTCHESTER MEDICAL CENTER - LUM CA,100 WOODS RD,VALHALLA,NY,MEDASSETS,10/08/2024,2339163136,946,0.2,CS,32.1,0.0
,,R705T1,5K02,CURE 4 THE KIDS FOUNDATION,1 BREAKTHROUGH WAY STE 300,LAS VEGAS,NV,MEDASSETS,10/07/2024,2339183256,646,3.0,CS,379.14,0.0
,,R705T1,JY7Z,LEGACY SALMON CREEK HOSPITAL,2211 NE 139TH ST,VANCOUVER,WA,MEDASSETS,10/03/2024,2339201734,648,1.0,CS,155.04,0.0
,,R705T2,LCAC,UNIV CINCINNATI-WESTCHESTER (LUM),7700 UNIVERSITY DR,WEST CHESTER,OH,MEDASSETS,10/08/2024,2339213198,974,0.2,CS,43.14,0.0
,,R705T1,SBCN,GEORGIA NEUROSURGICAL INST-ASC,840 PINE ST STE 810,MACON,GA,MEDASSETS,10/07/2024,2339233315,648,1.0,CS,155.04,0.0
,,R705T1,YAZK,THEDACARE REG MED CTR-APPLETON(LUM),1818 N MEADE ST,APPLETON,WI,MEDASSETS,10/08/2024,2339239233,956,1.0,CS,158.0,0.0
,,R705T2,RBBA,PROMEDICA TOLEDO HOSPITAL (LUM),2142 N COVE BLVD,TOLEDO,OH,MEDASSETS,10/08/2024,2339319073,946,0.4,CS,62.96,0.0
,,R705T2,RBBA,PROMEDICA TOLEDO HOSPITAL (LUM),2142 N COVE BLVD,TOLEDO,OH,MEDASSETS,10/09/2024,2339322339,946,0.1,CS,15.74,0.0
,,R705T2,RBBA,PROMEDICA TOLEDO HOSPITAL (LUM),2142 N COVE BLVD,TOLEDO,OH,MEDASSETS,10/09/2024,2339326913,946,0.2,CS,31.48,0.0
,,R705T2,RBBA,PROMEDICA TOLEDO HOSPITAL (LUM),2142 N COVE BLVD,TOLEDO,OH,MEDASSETS,10/09/2024,2339325676,946,0.2,CS,31.48,0.0
,,R705T1,Q911,BRYN MAWR HOSPITAL,130 S BRYN MAWR AVE,BRYN MAWR,PA,MEDASSETS,10/09/2024,2339314154,946,1.0,CS,160.5,0.0
,,R705T2,6RYB,PROMEDICA CHARLES & VIRG HICK (LUM),5640 N ADRIAN HWY,ADRIAN,MI,MEDASSETS,10/09/2024,2339331147,957,0.2,CS,25.14,0.46
,,R705T1,JKFF,NCH MD-HEALTHCARE SYSTEM,350 7TH ST N,NAPLES,FL,MEDASSETS,10/10/2024,2339339878,648,1.0,CS,155.04,0.0
,,R705T2,KPN9,GRADY HEALTH SYSTEM LUM CARTS,80 JESSE HILL JR DR SE,ATLANTA,GA,MEDASSETS,10/07/2024,2339358502,648,0.1,CS,15.2,0.0
,,R705T2,KPN9,GRADY HEALTH SYSTEM LUM CARTS,80 JESSE HILL JR DR SE,ATLANTA,GA,MEDASSETS,10/09/2024,2339358596,648,0.1,CS,15.2,0.0
,,R705T1,R998,SILVER CROSS HOSPITAL,1900 SILVER CROSS BLVD,NEW LENOX,IL,MEDASSETS,10/07/2024,2339367082,648,1.0,CS,155.04,0.0
,,R705T2,WCV2,NICHOLAS H NOYES HOSPITAL,111 CLARA BARTON ST,DANSVILLE,NY,MEDASSETS,10/09/2024,2339385924,648,0.5,CS,76.0,0.0
,,R705T1,S156,RUSH COPLEY MEDICAL CENTER,2000 OGDEN AVE,AURORA,IL,MEDASSETS,10/09/2024,2339404368,956,1.0,CS,158.0,0.0
,,R705T2,ECFX,UNIVERSITY OF ROCHESTER/STRONG (LUM,601 ELMWOOD AVE,ROCHESTER,NY,MEDASSETS,10/10/2024,2339403992,648,0.1,CS,15.2,0.0
,,R705T2,ECFX,UNIVERSITY OF ROCHESTER/STRONG (LUM,601 ELMWOOD AVE,ROCHESTER,NY,MEDASSETS,10/09/2024,2339395444,648,0.5,CS,76.0,0.0
,,R705T1,HFNW,CHILDRENS NATIONAL HOSPITAL(LUM),111 MICHIGAN AVE NW,WASHINGTON,DC,MEDASSETS,10/09/2024,2339425398,646,0.5,CS,63.2,0.0
,,R705T1,ECHZ,WILSON MEMORIAL HOSPITAL (LUM),33-57 HARRISON ST,JOHNSON CITY,NY,MEDASSETS,10/09/2024,2339424927,646,0.1,CS,12.64,0.0
,,R705T1,Q7QB,WMC - LUM ON PALLETS,100 WOODS RD,VALHALLA,NY,MEDASSETS,10/10/2024,2339554615,946,1.0,CS,160.5,0.0
,,R705T1,R326,CAYUGA MEDICAL CENTER-AT ITHACA,101 DATES DR,ITHACA,NY,MEDASSETS,10/11/2024,2339553130,649,1.0,CS,155.09,0.0
,,R705T1,6D93,UMUC AT ABERDEEN,660 MCHENRY RD,ABERDEEN,MD,MEDASSETS,10/10/2024,2339559205,648,1.0,CS,155.04,0.0
,,R705T2,Q555,PROMEDICA MEMORIAL HOSPITAL,715 S TAFT AVE,FREMONT,OH,MEDASSETS,10/10/2024,2339554800,648,1.0,CS,152.0,0.0
,,R705T1,RQL9,EMANUEL HOSPITAL,2801 N GANTENBEIN AVE,PORTLAND,OR,MEDASSETS,09/19/2024,2339563662,646,1.0,CS,126.38,0.0
,,R705T2,SUBS,UNIV CINCINNATI-BCW,3200 BURNET AVE,CINCINNATI,OH,MEDASSETS,10/10/2024,2339544392,648,1.0,CS,152.0,0.0
,,R705T2,R152,UNIVERSITY OF ROCHESTER/STRONG (BUL,601 ELMWOOD AVE,ROCHESTER,NY,MEDASSETS,10/11/2024,2339583949,648,1.0,CS,152.0,0.0
,,R705T2,6RYB,PROMEDICA CHARLES & VIRG HICK (LUM),5640 N ADRIAN HWY,ADRIAN,MI,MEDASSETS,10/10/2024,2339570009,957,0.1,CS,12.57,0.23
,,R705T1,V556,STILLWATER MEDICAL CENTER,1323 W 6TH AVE,STILLWATER,OK,MEDASSETS,09/10/2024,2339611517,649,1.0,CS,155.09,0.0
,,R705T1,BAIR,WESTCHESTER MEDICAL CENTER - LUM CA,100 WOODS RD,VALHALLA,NY,MEDASSETS,10/10/2024,2339635320,946,0.1,CS,16.05,0.0
,,R705T1,R151,CHS-MERCY MEDICAL CENTER,1000 N VILLAGE AVE,ROCKVILLE CENTRE,NY,MEDASSETS,10/10/2024,2339667988,648,1.0,CS,155.04,0.0
,,R705T2,KPN9,GRADY HEALTH SYSTEM LUM CARTS,80 JESSE HILL JR DR SE,ATLANTA,GA,MEDASSETS,10/10/2024,2339682970,648,0.2,CS,30.4,0.0
,,R705T1,PL9P,MRN LAFAYETTE 2,1133 21ST ST NW STE 801,WASHINGTON,DC,MEDASSETS,09/19/2024,2339682583,656,3.0,CS,419.66999999999996,0.0
,,R705T2,KPN9,GRADY HEALTH SYSTEM LUM CARTS,80 JESSE HILL JR DR SE,ATLANTA,GA,MEDASSETS,10/10/2024,2339682965,648,0.3,CS,45.599999999999994,0.0
,,R705T1,HFNW,CHILDRENS NATIONAL HOSPITAL(LUM),111 MICHIGAN AVE NW,WASHINGTON,DC,MEDASSETS,10/11/2024,2339758261,646,0.5,CS,63.2,0.0
,,R705T1,HFNW,CHILDRENS NATIONAL HOSPITAL(LUM),111 MICHIGAN AVE NW,WASHINGTON,DC,MEDASSETS,10/11/2024,2339758269,646,0.8,CS,101.12,0.0
,,R705T1,JKFF,NCH MD-HEALTHCARE SYSTEM,350 7TH ST N,NAPLES,FL,MEDASSETS,10/12/2024,2339764202,648,1.0,CS,155.04,0.0
,,R705T1,JKFF,NCH MD-HEALTHCARE SYSTEM,350 7TH ST N,NAPLES,FL,MEDASSETS,10/08/2024,2339764213,648,1.0,CS,155.04,0.0
,,R705T1,5LRQ,AKRON CHILDRENS HOSPITAL,1 PERKINS SQ,AKRON,OH,MEDASSETS,10/11/2024,2339761001,646,2.0,CS,252.76,0.0
,,R705T1,RQL9,EMANUEL HOSPITAL,2801 N GANTENBEIN AVE,PORTLAND,OR,MEDASSETS,10/13/2024,2339780152,648,2.0,CS,310.08,0.0
,,R705T1,RQXM,MIDHUDSON REGIONAL HOSPITAL LUM,241 NORTH RD,POUGHKEEPSIE,NY,MEDASSETS,10/13/2024,2339814796,946,0.1,CS,16.05,0.0
,,R705T2,ECFX,UNIVERSITY OF ROCHESTER/STRONG (LUM,601 ELMWOOD AVE,ROCHESTER,NY,MEDASSETS,10/12/2024,2339822694,646,0.3,CS,37.17,0.0
,,R705T2,XMYH,FF THOMPSON HEALTH SYSTEM INC (BULK,350 PARRISH ST,CANANDAIGUA,NY,MEDASSETS,10/11/2024,2339820393,648,1.0,CS,152.0,0.0
,,R705T1,BAIR,WESTCHESTER MEDICAL CENTER - LUM CA,100 WOODS RD,VALHALLA,NY,MEDASSETS,10/11/2024,2339830098,946,0.1,CS,16.05,0.0
,,R705T1,BAIR,WESTCHESTER MEDICAL CENTER - LUM CA,100 WOODS RD,VALHALLA,NY,MEDASSETS,10/13/2024,2339832198,974,0.1,CS,22.0,0.0
,,R705T1,BAIR,WESTCHESTER MEDICAL CENTER - LUM CA,100 WOODS RD,VALHALLA,NY,MEDASSETS,10/13/2024,2339832192,974,0.1,CS,22.0,0.0
,,R705T2,ECFX,UNIVERSITY OF ROCHESTER/STRONG (LUM,601 ELMWOOD AVE,ROCHESTER,NY,MEDASSETS,10/14/2024,2339899468,648,0.3,CS,45.599999999999994,0.0
,,R705T1,BAIR,WESTCHESTER MEDICAL CENTER - LUM CA,100 WOODS RD,VALHALLA,NY,MEDASSETS,10/13/2024,2339832168,946,0.1,CS,16.05,0.0
,,R705T1,BAIR,WESTCHESTER MEDICAL CENTER - LUM CA,100 WOODS RD,VALHALLA,NY,MEDASSETS,10/13/2024,2339832179,974,0.1,CS,22.0,0.0
,,R705T2,ECFX,UNIVERSITY OF ROCHESTER/STRONG (LUM,601 ELMWOOD AVE,ROCHESTER,NY,MEDASSETS,10/14/2024,2339901286,648,0.4,CS,60.8,0.0
,,R705T1,HDIH,THE UNIVERSITY OF TEXAS SW MEDICAL,6201 HARRY HINES BLVD,DALLAS,TX,MEDASSETS,10/14/2024,2339938231,648,3.0,CS,465.12,0.0
,,R705T1,BAIR,WESTCHESTER MEDICAL CENTER - LUM CA,100 WOODS RD,VALHALLA,NY,MEDASSETS,10/14/2024,2339952940,974,0.1,CS,22.0,0.0
,,R705T2,Q542,MIAMI VALLEY HOSPITAL,1 WYOMING ST,DAYTON,OH,MEDASSETS,10/14/2024,2339992166,656,2.0,CS,274.3,3.7
,,R705T2,Q542,MIAMI VALLEY HOSPITAL,1 WYOMING ST,DAYTON,OH,MEDASSETS,10/14/2024,2339992197,648,1.0,CS,152.0,0.0
,,R705T1,XQI2,THE CENTER FOR NEUROSCIENCES,2450 E RIVER RD,TUCSON,AZ,MEDASSETS,10/14/2024,2340055402,648,1.0,CS,155.04,0.0
,,R705T1,W5ZF,VANDERBILT IMAGING (BULK),2000 RICHARD JONES RD STE 270,NASHVILLE,TN,MEDASSETS,10/10/2024,2340087801,656,1.0,CS,139.89,0.0
,,R705T1,RQL9,EMANUEL HOSPITAL,2801 N GANTENBEIN AVE,PORTLAND,OR,MEDASSETS,10/15/2024,2340091840,646,2.0,CS,252.76,0.0
,,R705T1,KGJM,UNIVER OF MD-ST JOSEPH MED CTR-TRIA,7601 OSLER DR,TOWSON,MD,MEDASSETS,10/11/2024,2340118261,656,1.0,CS,139.89,0.0
,,R705T1,Q7QB,WMC - LUM ON PALLETS,100 WOODS RD,VALHALLA,NY,MEDASSETS,10/14/2024,2340124309,974,2.0,CS,440.02,0.0
,,R705T2,ECFX,UNIVERSITY OF ROCHESTER/STRONG (LUM,601 ELMWOOD AVE,ROCHESTER,NY,MEDASSETS,10/15/2024,2340107153,648,0.4,CS,60.8,0.0
,,R705T1,ECIA,BINGHAMTON GENERAL HOSPITAL (LUM),10-42 MITCHELL AVE,BINGHAMTON,NY,MEDASSETS,10/14/2024,2340128130,646,0.1,CS,12.64,0.0
,,R705T2,ECFX,UNIVERSITY OF ROCHESTER/STRONG (LUM,601 ELMWOOD AVE,ROCHESTER,NY,MEDASSETS,10/14/2024,2340105078,646,0.2,CS,24.78,0.0
,,R705T2,ECFX,UNIVERSITY OF ROCHESTER/STRONG (LUM,601 ELMWOOD AVE,ROCHESTER,NY,MEDASSETS,10/15/2024,2340116472,648,0.2,CS,30.4,0.0
,,R705T1,ECIA,BINGHAMTON GENERAL HOSPITAL (LUM),10-42 MITCHELL AVE,BINGHAMTON,NY,MEDASSETS,10/14/2024,2340128130,648,0.1,CS,15.5,0.0
,,R705T1,I45I,CHS-ST CHARLES HOSPITAL/A90,200 BELLE TERRE RD,PORT JEFFERSON,NY,MEDASSETS,10/15/2024,2340169560,648,1.0,CS,155.04,0.0
,,R705T2,WCV2,NICHOLAS H NOYES HOSPITAL,111 CLARA BARTON ST,DANSVILLE,NY,MEDASSETS,10/14/2024,2340154665,648,0.3,CS,45.599999999999994,0.0
,,R705T1,JBCP,TAMPA GENERAL HOSPITAL-SPD,1 TAMPA GENERAL CIR,TAMPA,FL,MEDASSETS,10/15/2024,2340152119,656,0.6,CS,83.94,0.0
,,R705T2,42PD,SOUTH MIAMI VALLEY HEALTH CTR (LUM),2400 MIAMI VALLEY DR,CENTERVILLE,OH,MEDASSETS,10/14/2024,2340170906,648,1.0,CS,152.0,0.0
,,R705T2,42PD,SOUTH MIAMI VALLEY HEALTH CTR (LUM),2400 MIAMI VALLEY DR,CENTERVILLE,OH,MEDASSETS,10/14/2024,2340170907,648,1.0,CS,152.0,0.0
,,R705T1,JZ5Z,CHS-GOOD SAMARITAN HOSPITAL / A90,1000 MONTAUK HWY,WEST ISLIP,NY,MEDASSETS,10/10/2024,2340172043,648,2.0,CS,310.08,0.0
,,R705T1,PJYI,HIGHLAND DISTRICT HOSPITAL,1275 N HIGH ST,HILLSBORO,OH,MEDASSETS,09/30/2024,2340191781,647,1.0,CS,154.84,0.0
,,R705T1,OLWT,WILSON HEALTH,915 W MICHIGAN ST,SIDNEY,OH,MEDASSETS,10/14/2024,2340256236,974,0.1,CS,22.0,0.0
,,R705T2,ECFX,UNIVERSITY OF ROCHESTER/STRONG (LUM,601 ELMWOOD AVE,ROCHESTER,NY,MEDASSETS,10/16/2024,2340249597,648,0.2,CS,30.4,0.0
,,R705T1,X917,COREWELL HEALTH FARMINGTON HILLS HO,28050 GRAND RIVER AVE,FARMINGTON HILLS,MI,MEDASSETS,10/14/2024,2340243106,656,1.0,CS,139.89,0.0
,,R705T2,R152,UNIVERSITY OF ROCHESTER/STRONG (BUL,601 ELMWOOD AVE,ROCHESTER,NY,MEDASSETS,10/15/2024,2340262751,656,1.0,CS,137.15,1.85
,,R705T2,RBBA,PROMEDICA TOLEDO HOSPITAL (LUM),2142 N COVE BLVD,TOLEDO,OH,MEDASSETS,10/15/2024,2340323259,946,0.2,CS,31.48,0.0
,,R705T1,Q7QB,WMC - LUM ON PALLETS,100 WOODS RD,VALHALLA,NY,MEDASSETS,10/15/2024,2340287610,974,2.0,CS,440.02,0.0
,,R705T1,M15U,MARSHFIELD MEDICAL CENTER - RICE LA,1700 W STOUT ST,RICE LAKE,WI,MEDASSETS,10/16/2024,2340335560,656,1.0,CS,139.89,0.0
,,R705T2,RBBA,PROMEDICA TOLEDO HOSPITAL (LUM),2142 N COVE BLVD,TOLEDO,OH,MEDASSETS,10/15/2024,2340327607,946,0.5,CS,78.7,0.0
,,R705T2,RBBA,PROMEDICA TOLEDO HOSPITAL (LUM),2142 N COVE BLVD,TOLEDO,OH,MEDASSETS,10/16/2024,2340330691,946,0.4,CS,62.96,0.0
,,R705T1,DJRD,JENNIE M MELHAM MEMORIAL MEDICAL,145 MEMORIAL DR,BROKEN BOW,NE,MEDASSETS,10/16/2024,2340345088,648,0.1,CS,15.5,0.0
,,R705T2,XSIU,ATRIUM MEDICAL CENTER (LUM),1 MEDICAL CENTER DR,MIDDLETOWN,OH,MEDASSETS,09/26/2024,2340369173,647,1.0,CS,151.8,0.0
,,R705T1,AJVS,ANNIE JEFFREY HEALTH CENTER,531 BEEBE ST,OSCEOLA,NE,MEDASSETS,10/15/2024,2340394500,645,0.1,CS,14.49,0.0
,,R705T1,R326,CAYUGA MEDICAL CENTER-AT ITHACA,101 DATES DR,ITHACA,NY,MEDASSETS,10/15/2024,2340394511,646,0.1,CS,12.64,0.0
,,R705T1,BAIR,WESTCHESTER MEDICAL CENTER - LUM CA,100 WOODS RD,VALHALLA,NY,MEDASSETS,10/16/2024,2340377835,946,0.2,CS,32.1,0.0
,,R705T1,BAIR,WESTCHESTER MEDICAL CENTER - LUM CA,100 WOODS RD,VALHALLA,NY,MEDASSETS,10/16/2024,2340377835,974,0.1,CS,22.0,0.0
,,R705T1,YCYB,TC VANNIE COOK CHILDRENS CLINIC,101 W EXPRESSWAY 83,MCALLEN,TX,MEDASSETS,10/16/2024,2340473404,647,1.0,CS,154.84,0.0
,,R705T2,ECFX,UNIVERSITY OF ROCHESTER/STRONG (LUM,601 ELMWOOD AVE,ROCHESTER,NY,MEDASSETS,10/16/2024,2340472607,645,0.6,CS,85.26,0.0
,,R705T1,S156,RUSH COPLEY MEDICAL CENTER,2000 OGDEN AVE,AURORA,IL,MEDASSETS,10/07/2024,2340482731,957,2.0,CS,256.42,0.0
,,R705T1,XOJW,YAVAPAI REG MEDICAL CTR- WEST,1003 WILLOW CREEK RD,PRESCOTT,AZ,MEDASSETS,10/16/2024,2340458139,649B,1.0,CS,139.94,0.0
,,R705T2,KPN9,GRADY HEALTH SYSTEM LUM CARTS,80 JESSE HILL JR DR SE,ATLANTA,GA,MEDASSETS,10/15/2024,2340487160,648,1.2,CS,182.39999999999998,0.0
,,R705T2,KPN9,GRADY HEALTH SYSTEM LUM CARTS,80 JESSE HILL JR DR SE,ATLANTA,GA,MEDASSETS,10/16/2024,2340494227,648,0.1,CS,15.2,0.0
,,R705T1,MKSO,BELLIN MEMORIAL HOSPITAL INC,905 CASS ST,GREEN BAY,WI,MEDASSETS,10/16/2024,2340493460,648,1.0,CS,155.04,0.0
,,R705T2,R158,HIGHLAND HOSPITAL-ROCHESTER (LUM),1000 SOUTH AVE,ROCHESTER,NY,MEDASSETS,10/16/2024,2340515545,648,0.2,CS,30.4,0.0
,,R705T2,R158,HIGHLAND HOSPITAL-ROCHESTER (LUM),1000 SOUTH AVE,ROCHESTER,NY,MEDASSETS,10/16/2024,2340520105,648,0.4,CS,60.8,0.0
,,R705T2,SUBS,UNIV CINCINNATI-BCW,3200 BURNET AVE,CINCINNATI,OH,MEDASSETS,09/25/2024,2340531829,974,3.0,CS,647.0999999999999,0.0
,,R705T2,SUBS,UNIV CINCINNATI-BCW,3200 BURNET AVE,CINCINNATI,OH,MEDASSETS,10/10/2024,2340531830,648,3.0,CS,456.0,0.0
,,R705T1,Q911,BRYN MAWR HOSPITAL,130 S BRYN MAWR AVE,BRYN MAWR,PA,MEDASSETS,10/15/2024,2340562997,656,4.0,CS,559.56,0.0
,,R705T1,BAIR,WESTCHESTER MEDICAL CENTER - LUM CA,100 WOODS RD,VALHALLA,NY,MEDASSETS,10/17/2024,2340570036,974,0.1,CS,22.0,0.0
,,R705T1,J55T,MERIDIAN PARK HOSPITAL,19300 SW 65TH AVE,TUALATIN,OR,MEDASSETS,10/16/2024,2340559112,648,1.0,CS,155.04,0.0
,,R705T1,Q7QB,WMC - LUM ON PALLETS,100 WOODS RD,VALHALLA,NY,MEDASSETS,10/15/2024,2340579338,974,1.0,CS,220.01,0.0
,,R705T1,BAIR,WESTCHESTER MEDICAL CENTER - LUM CA,100 WOODS RD,VALHALLA,NY,MEDASSETS,10/17/2024,2340570018,974,0.1,CS,22.0,0.0
,,R705T1,BAIR,WESTCHESTER MEDICAL CENTER - LUM CA,100 WOODS RD,VALHALLA,NY,MEDASSETS,10/17/2024,2340570036,946,0.1,CS,16.05,0.0
,,R705T1,MF5W,GOOD SAMARITAN HOSPITAL,1015 NW 22ND AVE,PORTLAND,OR,MEDASSETS,10/18/2024,2340629971,648,1.0,CS,155.04,0.0
,,R705T2,ECFX,UNIVERSITY OF ROCHESTER/STRONG (LUM,601 ELMWOOD AVE,ROCHESTER,NY,MEDASSETS,10/17/2024,2340670455,646,0.1,CS,12.39,0.0
,,R705T2,DT9K,UNIVERSITY OF CINCINNATI - UCMC,331 ALBERT SABIN WAY,CINCINNATI,OH,MEDASSETS,10/02/2024,2340668633,974,2.0,CS,431.4,0.0
,,R705T2,LCAC,UNIV CINCINNATI-WESTCHESTER,7700 UNIVERSITY DR,WEST CHESTER,OH,MEDASSETS,10/16/2024,2340668687,656,2.0,CS,274.3,3.7
,,R705T1,JKFF,NCH MD-HEALTHCARE SYSTEM,350 7TH ST N,NAPLES,FL,MEDASSETS,10/17/2024,2340664899,648,2.0,CS,310.08,0.0
,,R705T1,Q0WK,KENT COUNTY MEMORIAL HOSPITAL,455 TOLL GATE RD,WARWICK,RI,MEDASSETS,10/18/2024,2340664482,648,1.0,CS,155.0,0.0
,,R705T2,ECFX,UNIVERSITY OF ROCHESTER/STRONG (LUM,601 ELMWOOD AVE,ROCHESTER,NY,MEDASSETS,10/18/2024,2340675175,648,0.1,CS,15.2,0.0
,,R705T1,BAIR,WESTCHESTER MEDICAL CENTER - LUM CA,100 WOODS RD,VALHALLA,NY,MEDASSETS,10/17/2024,2340663635,946,0.2,CS,32.1,0.0
,,R705T1,HDIH,THE UNIVERSITY OF TEXAS SW MEDICAL,6201 HARRY HINES BLVD,DALLAS,TX,MEDASSETS,10/18/2024,2340698981,956,2.0,CS,316.0,0.0
,,R705T1,U5DE,ST PETERS HOSPITAL,2475 E BROADWAY ST,HELENA,MT,MEDASSETS,09/16/2024,2340697869,974,1.0,CS,220.01,0.0
,,R705T1,HDIH,THE UNIVERSITY OF TEXAS SW MEDICAL,6201 HARRY HINES BLVD,DALLAS,TX,MEDASSETS,10/18/2024,2340698981,648,2.0,CS,310.08,0.0
,,R705T1,1XLG,CHARTER RESEARCH,1724 N MILLS AVE STE 200,ORLANDO,FL,MEDASSETS,10/01/2024,2340698235,649,1.0,CS,155.09,0.0
,,R705T1,CVBH,ANN AND ROBERT H LURIE CHILDRENS,200 E SUPERIOR ST,CHICAGO,IL,MEDASSETS,10/17/2024,2340695273,648,1.0,CS,155.0,0.0
,,R705T1,U5DE,ST PETERS HOSPITAL,2475 E BROADWAY ST,HELENA,MT,MEDASSETS,09/16/2024,2340697872,974,1.0,CS,220.01,0.0
,,R705T2,DUCM,HIGHLAND HOSPITAL,1000 SOUTH AVE,ROCHESTER,NY,MEDASSETS,10/17/2024,2340728799,648,0.2,CS,30.4,0.0
,,R705T2,KPN9,GRADY HEALTH SYSTEM LUM CARTS,80 JESSE HILL JR DR SE,ATLANTA,GA,MEDASSETS,10/17/2024,2340759672,648,0.1,CS,15.2,0.0
,,R705T2,R152,UNIVERSITY OF ROCHESTER/STRONG (BUL,601 ELMWOOD AVE,ROCHESTER,NY,MEDASSETS,10/18/2024,2340770432,648,1.0,CS,152.0,0.0
,,R705T1,S156,RUSH COPLEY MEDICAL CENTER,2000 OGDEN AVE,AURORA,IL,MEDASSETS,10/15/2024,2340738472,957,2.0,CS,256.42,0.0
,,R705T1,5WUJ,UMMG NEUROLOGY PAC,1150 NW 14TH ST STE 609,MIAMI,FL,MEDASSETS,10/15/2024,2340753431,649,2.0,CS,310.18,0.0
,,R705T2,KPN9,GRADY HEALTH SYSTEM LUM CARTS,80 JESSE HILL JR DR SE,ATLANTA,GA,MEDASSETS,10/18/2024,2340763324,646,0.4,CS,49.56,0.0
,,R705T1,X917,COREWELL HEALTH FARMINGTON HILLS HO,28050 GRAND RIVER AVE,FARMINGTON HILLS,MI,MEDASSETS,10/16/2024,2340747933,656,1.0,CS,139.89,0.0
,,R705T2,A5JD,NORTH MIAMI VALLEY HOSPITAL,9000 N MAIN ST,ENGLEWOOD,OH,MEDASSETS,10/18/2024,2340782889,956,1.0,CS,154.9,0.6
,,R705T2,A5JD,NORTH MIAMI VALLEY HOSPITAL,9000 N MAIN ST,ENGLEWOOD,OH,MEDASSETS,10/16/2024,2340782865,956,1.0,CS,154.9,0.6
,,R705T1,JKFF,NCH MD-HEALTHCARE SYSTEM,350 7TH ST N,NAPLES,FL,MEDASSETS,10/18/2024,2340816451,648,1.0,CS,155.04,0.0
,,R705T1,RA7U,ST VINCENT HEALTHCARE,1233 N 30TH ST,BILLINGS,MT,MEDASSETS,09/26/2024,2340821854,645,1.0,CS,144.94,0.0
,,R705T1,AJVS,ANNIE JEFFREY HEALTH CENTER,531 BEEBE ST,OSCEOLA,NE,MEDASSETS,10/15/2024,2340824222,645,0.1,CS,14.49,0.0
,,R705T1,MKSO,BELLIN MEMORIAL HOSPITAL INC,905 CASS ST,GREEN BAY,WI,MEDASSETS,10/18/2024,2340842384,646,1.0,CS,126.38,0.0
,,R705T1,5LRQ,AKRON CHILDRENS HOSPITAL,1 PERKINS SQ,AKRON,OH,MEDASSETS,10/18/2024,2340855490,646,2.0,CS,252.76,0.0
,,R705T1,HFNW,CHILDRENS NATIONAL HOSPITAL(LUM),111 MICHIGAN AVE NW,WASHINGTON,DC,MEDASSETS,10/19/2024,2340856845,646,0.5,CS,63.2,0.0
,,R705T2,ECFX,UNIVERSITY OF ROCHESTER/STRONG (LUM,601 ELMWOOD AVE,ROCHESTER,NY,MEDASSETS,10/19/2024,2340857129,646,0.4,CS,49.56,0.0
,,R705T2,SUBS,UNIV CINCINNATI-BCW,3200 BURNET AVE,CINCINNATI,OH,MEDASSETS,10/17/2024,2340865203,974,2.0,CS,431.4,0.0
,,R705T2,SUBS,UNIV CINCINNATI-BCW,3200 BURNET AVE,CINCINNATI,OH,MEDASSETS,10/17/2024,2340865208,974,3.0,CS,647.0999999999999,0.0
,,R705T1,Q611,FISHER TITUS MEDICAL CENTER,272 BENEDICT AVE,NORWALK,OH,MEDASSETS,10/03/2024,2340860391,957,1.0,CS,128.21,0.0
,,R705T2,LCAC,UNIV CINCINNATI-WESTCHESTER,7700 UNIVERSITY DR,WEST CHESTER,OH,MEDASSETS,10/16/2024,2340860400,974,1.0,CS,215.7,0.0
,,R705T2,RBBA,PROMEDICA TOLEDO HOSPITAL (LUM),2142 N COVE BLVD,TOLEDO,OH,MEDASSETS,10/20/2024,2340871294,957,0.6,CS,75.42,1.38
,,R705T2,KPN9,GRADY HEALTH SYSTEM LUM CARTS,80 JESSE HILL JR DR SE,ATLANTA,GA,MEDASSETS,10/19/2024,2340872856,648,0.2,CS,30.4,0.0
,,R705T1,ECHZ,WILSON MEMORIAL HOSPITAL (LUM),33-57 HARRISON ST,JOHNSON CITY,NY,MEDASSETS,10/18/2024,2340873393,648,0.2,CS,31.02,0.0
,,R705T1,ECHZ,WILSON MEMORIAL HOSPITAL (LUM),33-57 HARRISON ST,JOHNSON CITY,NY,MEDASSETS,10/18/2024,2340873399,648,0.2,CS,31.02,0.0
,,R705T2,6RYB,PROMEDICA CHARLES & VIRG HICK (LUM),5640 N ADRIAN HWY,ADRIAN,MI,MEDASSETS,10/18/2024,2340877242,957,0.3,CS,37.71,0.69
,,R705T1,BAIR,WESTCHESTER MEDICAL CENTER - LUM CA,100 WOODS RD,VALHALLA,NY,MEDASSETS,10/20/2024,2340891194,946,0.1,CS,16.05,0.0
,,R705T1,BAIR,WESTCHESTER MEDICAL CENTER - LUM CA,100 WOODS RD,VALHALLA,NY,MEDASSETS,10/20/2024,2340891811,946,0.3,CS,48.150000000000006,0.0
,,R705T1,BAIR,WESTCHESTER MEDICAL CENTER - LUM CA,100 WOODS RD,VALHALLA,NY,MEDASSETS,10/18/2024,2340891116,946,0.3,CS,48.150000000000006,0.0
,,R705T2,R152,UNIVERSITY OF ROCHESTER/STRONG (BUL,601 ELMWOOD AVE,ROCHESTER,NY,MEDASSETS,10/21/2024,2340954354,648,0.2,CS,30.4,0.0
,,R705T1,IF8G,GOOD SAMARITAN MEDICAL CENTER LLC,200 EXEMPLA CIR,LAFAYETTE,CO,MEDASSETS,10/09/2024,2340944462,976,2.0,CS,406.16,0.0
,,R705T2,R152,UNIVERSITY OF ROCHESTER/STRONG (BUL,601 ELMWOOD AVE,ROCHESTER,NY,MEDASSETS,10/20/2024,2340954344,648,0.8,CS,121.6,0.0
,,R705T2,R158,HIGHLAND HOSPITAL-ROCHESTER (LUM),1000 SOUTH AVE,ROCHESTER,NY,MEDASSETS,10/21/2024,2340980337,648,0.2,CS,30.4,0.0
,,R705T1,BAIR,WESTCHESTER MEDICAL CENTER - LUM CA,100 WOODS RD,VALHALLA,NY,MEDASSETS,10/21/2024,2340997164,946,0.3,CS,48.150000000000006,0.0
,,R705T2,ECFX,UNIVERSITY OF ROCHESTER/STRONG (LUM,601 ELMWOOD AVE,ROCHESTER,NY,MEDASSETS,10/21/2024,2340989886,648,0.6,CS,91.19999999999999,0.0
,,R705T2,ECFX,UNIVERSITY OF ROCHESTER/STRONG (LUM,601 ELMWOOD AVE,ROCHESTER,NY,MEDASSETS,10/21/2024,2341110023,648,0.2,CS,30.4,0.0
,,R705T2,WEZO,PMR WILDWOOD,2865 N REYNOLDS RD STE 170,TOLEDO,OH,MEDASSETS,10/08/2024,2341115000,957,1.0,CS,125.7,2.3
,,R705T2,WEZO,PMR WILDWOOD,2865 N REYNOLDS RD STE 170,TOLEDO,OH,MEDASSETS,10/01/2024,2341114098,957,7.0,CS,879.9,16.1
,,R705T2,WEZO,PMR WILDWOOD,2865 N REYNOLDS RD STE 170,TOLEDO,OH,MEDASSETS,10/08/2024,2341115000,957,9.0,CS,1131.3,20.7
,,R705T2,ECFX,UNIVERSITY OF ROCHESTER/STRONG (LUM,601 ELMWOOD AVE,ROCHESTER,NY,MEDASSETS,10/21/2024,2341110045,646,0.2,CS,24.78,0.0
,,R705T2,R152,UNIVERSITY OF ROCHESTER/STRONG (BUL,601 ELMWOOD AVE,ROCHESTER,NY,MEDASSETS,10/21/2024,2341110390,656,1.0,CS,137.15,1.85
,,R705T2,WEZO,PMR WILDWOOD,2865 N REYNOLDS RD STE 170,TOLEDO,OH,MEDASSETS,10/15/2024,2341115002,957,8.0,CS,1005.6,18.4
,,R705T2,R152,UNIVERSITY OF ROCHESTER/STRONG (BUL,601 ELMWOOD AVE,ROCHESTER,NY,MEDASSETS,10/22/2024,2341112645,648,0.8,CS,121.6,0.0
,,R705T2,LCAC,UNIV CINCINNATI-WESTCHESTER,7700 UNIVERSITY DR,WEST CHESTER,OH,MEDASSETS,10/21/2024,2341143781,656,2.0,CS,274.3,3.7
,,R705T1,VEL9,MADISON COMMUNITY HOSPITAL,323 SW 10TH ST,MADISON,SD,MEDASSETS,10/21/2024,2341148585,645,0.2,CS,28.98,0.0
,,R705T1,BAIR,WESTCHESTER MEDICAL CENTER - LUM CA,100 WOODS RD,VALHALLA,NY,MEDASSETS,10/22/2024,2341143502,946,0.3,CS,48.150000000000006,0.0
,,R705T2,LCAC,UNIV CINCINNATI-WESTCHESTER,7700 UNIVERSITY DR,WEST CHESTER,OH,MEDASSETS,10/21/2024,2341143781,974,1.0,CS,215.7,0.0
,,R705T1,BAIR,WESTCHESTER MEDICAL CENTER - LUM CA,100 WOODS RD,VALHALLA,NY,MEDASSETS,10/22/2024,2341140351,974,0.1,CS,22.0,0.0
,,R705T1,BAIR,WESTCHESTER MEDICAL CENTER - LUM CA,100 WOODS RD,VALHALLA,NY,MEDASSETS,10/21/2024,2341136621,946,0.2,CS,32.1,0.0
,,R705T1,ECHZ,WILSON MEMORIAL HOSPITAL (LUM),33-57 HARRISON ST,JOHNSON CITY,NY,MEDASSETS,10/22/2024,2341193819,648,0.5,CS,77.5,0.0
,,R705T2,WCV2,NICHOLAS H NOYES HOSPITAL,111 CLARA BARTON ST,DANSVILLE,NY,MEDASSETS,10/22/2024,2341200612,648,0.3,CS,45.599999999999994,0.0
,,R705T1,ECHZ,WILSON MEMORIAL HOSPITAL (LUM),33-57 HARRISON ST,JOHNSON CITY,NY,MEDASSETS,10/21/2024,2341190573,646,0.2,CS,25.28,0.0
,,R705T1,KYMU,VENTURA COUNTY MEDICAL CENTER BULK,300 HILLMONT AVE,VENTURA,CA,MEDASSETS,10/21/2024,2341202722,645,1.0,CS,144.94,0.0
,,R705T1,5R0F,MRN ROCKVILLE,3202 TOWER OAKS BLVD STE 120,ROCKVILLE,MD,MEDASSETS,10/22/2024,2341198718,656,1.0,CS,139.89,0.0
,,R705T1,S156,RUSH COPLEY MEDICAL CENTER,2000 OGDEN AVE,AURORA,IL,MEDASSETS,10/16/2024,2341207570,957,1.0,CS,128.21,0.0
,,R705T1,S156,RUSH COPLEY MEDICAL CENTER,2000 OGDEN AVE,AURORA,IL,MEDASSETS,10/15/2024,2341207568,957,1.0,CS,128.21,0.0
,,R705T1,S156,RUSH COPLEY MEDICAL CENTER,2000 OGDEN AVE,AURORA,IL,MEDASSETS,10/18/2024,2341207569,957,1.0,CS,128.21,0.0
,,R705T2,LCAC,UNIV CINCINNATI-WESTCHESTER (LUM),7700 UNIVERSITY DR,WEST CHESTER,OH,MEDASSETS,10/21/2024,2341217180,974,0.4,CS,86.28,0.0
,,R705T1,ZB6H,MIAMI COUNTY MEDICAL CENTER,2100 BAPTISTE DR,PAOLA,KS,MEDASSETS,10/21/2024,2341217330,974,1.0,CS,220.01,0.0
,,R705T1,5LRQ,AKRON CHILDRENS HOSPITAL,1 PERKINS SQ,AKRON,OH,MEDASSETS,10/21/2024,2341247610,646,1.0,CS,126.38,0.0
,,R705T2,Q542,MIAMI VALLEY HOSPITAL,1 WYOMING ST,DAYTON,OH,MEDASSETS,10/21/2024,2341252719,648,1.0,CS,152.0,0.0
,,R705T2,6RYB,PROMEDICA CHARLES & VIRG HICK (LUM),5640 N ADRIAN HWY,ADRIAN,MI,MEDASSETS,10/21/2024,2341244147,957,0.2,CS,25.14,0.46
,,R705T2,ECFX,UNIVERSITY OF ROCHESTER/STRONG (LUM,601 ELMWOOD AVE,ROCHESTER,NY,MEDASSETS,10/23/2024,2341336451,648,0.4,CS,60.8,0.0
,,R705T2,ECFX,UNIVERSITY OF ROCHESTER/STRONG (LUM,601 ELMWOOD AVE,ROCHESTER,NY,MEDASSETS,10/22/2024,2341322180,645,1.2,CS,170.52,0.0
,,R705T1,451D,HOLZER MEDICAL CENTER,100 JACKSON PIKE,GALLIPOLIS,OH,MEDASSETS,10/23/2024,2341346582,656,1.0,CS,139.89,0.0
,,R705T1,5K02,CURE 4 THE KIDS FOUNDATION,1 BREAKTHROUGH WAY STE 300,LAS VEGAS,NV,MEDASSETS,10/22/2024,2341356487,646,2.0,CS,252.76,0.0
,,R705T1,RQL9,EMANUEL HOSPITAL,2801 N GANTENBEIN AVE,PORTLAND,OR,MEDASSETS,10/23/2024,2341377195,646,2.0,CS,252.76,0.0
,,R705T1,P035,FORREST COUNTY GENERAL HOSPITAL,6051 U S HIGHWAY 49,HATTIESBURG,MS,MEDASSETS,10/22/2024,2341417215,956,1.0,CS,158.0,0.0
,,R705T2,WEZO,PMR WILDWOOD,2865 N REYNOLDS RD STE 170,TOLEDO,OH,MEDASSETS,10/22/2024,2341431006,957,6.0,CS,754.2,13.8
,,R705T1,XOEL,KECK HOSPITAL OF USC (BULK),1500 SAN PABLO ST,LOS ANGELES,CA,MEDASSETS,10/22/2024,2341426395,956,1.0,CS,158.0,0.0
,,R705T1,P035,FORREST COUNTY GENERAL HOSPITAL,6051 U S HIGHWAY 49,HATTIESBURG,MS,MEDASSETS,10/22/2024,2341417215,956,1.0,CS,158.0,0.0
,,R705T2,6RYB,PROMEDICA CHARLES & VIRG HICK (LUM),5640 N ADRIAN HWY,ADRIAN,MI,MEDASSETS,10/22/2024,2341419331,957,0.2,CS,25.14,0.46
,,R705T1,BAIR,WESTCHESTER MEDICAL CENTER - LUM CA,100 WOODS RD,VALHALLA,NY,MEDASSETS,10/23/2024,2341428976,946,0.3,CS,48.150000000000006,0.0
,,R705T2,KPN9,GRADY HEALTH SYSTEM LUM CARTS,80 JESSE HILL JR DR SE,ATLANTA,GA,MEDASSETS,10/22/2024,2341446643,648,0.2,CS,30.4,0.0
,,R705T2,KPN9,GRADY HEALTH SYSTEM LUM CARTS,80 JESSE HILL JR DR SE,ATLANTA,GA,MEDASSETS,10/22/2024,2341446695,648,0.6,CS,91.19999999999999,0.0
,,R705T2,KPN9,GRADY HEALTH SYSTEM LUM CARTS,80 JESSE HILL JR DR SE,ATLANTA,GA,MEDASSETS,10/22/2024,2341448834,648,0.4,CS,60.8,0.0
,,R705T1,C2ZD,NORTH TEXAS INSTITUTE OF NEUROLOGY,5150 WARREN PKWY BLDG 8,FRISCO,TX,MEDASSETS,10/03/2024,2341437244,647,1.0,CS,154.84,0.0
,,R705T1,HDIH,THE UNIVERSITY OF TEXAS SW MEDICAL,6201 HARRY HINES BLVD,DALLAS,TX,MEDASSETS,10/24/2024,2341500312,648,3.0,CS,465.12,0.0
,,R705T2,ECFX,UNIVERSITY OF ROCHESTER/STRONG (LUM,601 ELMWOOD AVE,ROCHESTER,NY,MEDASSETS,10/24/2024,2341509692,648,0.1,CS,15.2,0.0
,,R705T1,MKSO,BELLIN MEMORIAL HOSPITAL INC,905 CASS ST,GREEN BAY,WI,MEDASSETS,10/23/2024,2341512163,648,1.0,CS,155.04,0.0
,,R705T1,X917,COREWELL HEALTH FARMINGTON HILLS HO,28050 GRAND RIVER AVE,FARMINGTON HILLS,MI,MEDASSETS,10/23/2024,2341537091,656,2.0,CS,279.78,0.0
,,R705T2,6RYB,PROMEDICA CHARLES & VIRG HICK (LUM),5640 N ADRIAN HWY,ADRIAN,MI,MEDASSETS,10/23/2024,2341604162,957,0.2,CS,25.14,0.46
,,R705T2,KPN9,GRADY HEALTH SYSTEM LUM CARTS,80 JESSE HILL JR DR SE,ATLANTA,GA,MEDASSETS,10/23/2024,2341646437,648,0.2,CS,30.4,0.0
,,R705T1,DAJU,COOSA VALLEY MEDICAL CENTER,315 W HICKORY ST,SYLACAUGA,AL,MEDASSETS,10/25/2024,2341702651,646,1.0,CS,126.38,0.0
,,R705T2,KPN9,GRADY HEALTH SYSTEM LUM CARTS,80 JESSE HILL JR DR SE,ATLANTA,GA,MEDASSETS,10/24/2024,2341695230,648,1.0,CS,152.0,0.0
,,R705T1,XOEL,KECK HOSPITAL OF USC (BULK),1500 SAN PABLO ST,LOS ANGELES,CA,MEDASSETS,10/24/2024,2341725489,956,2.0,CS,316.0,0.0
,,R705T2,Q554,PROMEDICA FOSTORIA COMMUNITY HOSPIT,501 VAN BUREN ST,FOSTORIA,OH,MEDASSETS,10/24/2024,2341733753,957,1.0,CS,125.7,2.3
,,R705T1,ECHZ,WILSON MEMORIAL HOSPITAL (LUM),33-57 HARRISON ST,JOHNSON CITY,NY,MEDASSETS,10/24/2024,2341759423,648,0.1,CS,15.5,0.0
,,R705T1,HFNW,CHILDRENS NATIONAL HOSPITAL(LUM),111 MICHIGAN AVE NW,WASHINGTON,DC,MEDASSETS,10/24/2024,2341739755,646,4.0,CS,505.6,0.0
,,R705T1,R326,CAYUGA MEDICAL CENTER-AT ITHACA,101 DATES DR,ITHACA,NY,MEDASSETS,10/25/2024,2341778626,646,0.1,CS,12.64,0.0
,,R705T1,XQI2,THE CENTER FOR NEUROSCIENCES,2450 E RIVER RD,TUCSON,AZ,MEDASSETS,10/23/2024,2341781213,648,1.0,CS,155.04,0.0
,,R705T1,KSBF,HF ALLEGIANCE HEALTH,205 N EAST AVE,JACKSON,MI,MEDASSETS,10/25/2024,2341785142,957,2.0,CS,256.42,0.0
,,R705T2,R152,UNIVERSITY OF ROCHESTER/STRONG (BUL,601 ELMWOOD AVE,ROCHESTER,NY,MEDASSETS,10/25/2024,2341810745,648,1.0,CS,152.0,0.0
,,R705T1,MYEY,SOUTHWEST ARKANSAS REGIONAL MED CTR,2001 S MAIN ST,HOPE,AR,MEDASSETS,10/24/2024,2341811727,645,0.2,CS,29.0,0.0
,,R705T1,DYQE,GENESIS HEALTHCARE SYSTEM,2951 MAPLE AVE,ZANESVILLE,OH,MEDASSETS,10/24/2024,2341811163,648,1.0,CS,155.04,0.0
,,R705T1,ZWHS,UM CHARLES REGIONAL MED CENTER,5 GARRETT AVE PO BOX 1070,LA PLATA,MD,MEDASSETS,10/22/2024,2341826502,648,2.0,CS,310.08,0.0
,,R705T1,BAIR,WESTCHESTER MEDICAL CENTER - LUM CA,100 WOODS RD,VALHALLA,NY,MEDASSETS,10/24/2024,2341823790,974,0.1,CS,22.0,0.0
,,R705T1,Q7QB,WMC - LUM ON PALLETS,100 WOODS RD,VALHALLA,NY,MEDASSETS,10/25/2024,2341849489,946,1.0,CS,160.5,0.0
,,R705T1,Q7QB,WMC - LUM ON PALLETS,100 WOODS RD,VALHALLA,NY,MEDASSETS,10/25/2024,2341849489,974,1.0,CS,220.01,0.0
,,R705T1,BAIR,WESTCHESTER MEDICAL CENTER - LUM CA,100 WOODS RD,VALHALLA,NY,MEDASSETS,10/24/2024,2341823783,946,0.2,CS,32.1,0.0
,,R705T1,BAIR,WESTCHESTER MEDICAL CENTER - LUM CA,100 WOODS RD,VALHALLA,NY,MEDASSETS,10/25/2024,2341828161,946,0.4,CS,64.2,0.0
,,R705T1,BAIR,WESTCHESTER MEDICAL CENTER - LUM CA,100 WOODS RD,VALHALLA,NY,MEDASSETS,10/25/2024,2341828161,974,0.1,CS,22.0,0.0
,,R705T1,ZWHS,UM CHARLES REGIONAL MED CENTER,5 GARRETT AVE PO BOX 1070,LA PLATA,MD,MEDASSETS,10/24/2024,2341826517,648,1.0,CS,155.04,0.0
,,R705T2,LCAC,UNIV CINCINNATI-WESTCHESTER (LUM),7700 UNIVERSITY DR,WEST CHESTER,OH,MEDASSETS,10/25/2024,2341857599,974,0.5,CS,107.85,0.0
,,R705T2,6RYB,PROMEDICA CHARLES & VIRG HICK (LUM),5640 N ADRIAN HWY,ADRIAN,MI,MEDASSETS,10/25/2024,2341865644,957,0.1,CS,12.57,0.23
,,R705T1,V57S,MERCY MEDICAL CENTER,701 10TH ST SE,CEDAR RAPIDS,IA,MEDASSETS,10/25/2024,2341865902,648,2.0,CS,310.08,0.0
,,R705T1,BAIR,WESTCHESTER MEDICAL CENTER - LUM CA,100 WOODS RD,VALHALLA,NY,MEDASSETS,10/25/2024,2341884961,946,0.2,CS,32.1,0.0
,,R705T2,KPN9,GRADY HEALTH SYSTEM LUM CARTS,80 JESSE HILL JR DR SE,ATLANTA,GA,MEDASSETS,10/25/2024,2341880639,648,0.2,CS,30.4,0.0
,,R705T1,6D93,UMUC AT ABERDEEN,660 MCHENRY RD,ABERDEEN,MD,MEDASSETS,10/25/2024,2341889870,648,2.0,CS,310.08,0.0
,,R705T2,KPN9,GRADY HEALTH SYSTEM LUM CARTS,80 JESSE HILL JR DR SE,ATLANTA,GA,MEDASSETS,10/26/2024,2341908113,648,0.2,CS,30.4,0.0
,,R705T2,RBBA,PROMEDICA TOLEDO HOSPITAL (LUM),2142 N COVE BLVD,TOLEDO,OH,MEDASSETS,10/27/2024,2341919391,957,0.3,CS,37.71,0.69
,,R705T1,BAIR,WESTCHESTER MEDICAL CENTER - LUM CA,100 WOODS RD,VALHALLA,NY,MEDASSETS,10/27/2024,2341901471,974,0.3,CS,66.0,0.0
,,R705T1,BAIR,WESTCHESTER MEDICAL CENTER - LUM CA,100 WOODS RD,VALHALLA,NY,MEDASSETS,10/27/2024,2341901454,974,0.2,CS,44.0,0.0
,,R705T1,BAIR,WESTCHESTER MEDICAL CENTER - LUM CA,100 WOODS RD,VALHALLA,NY,MEDASSETS,10/27/2024,2341901471,946,0.3,CS,48.150000000000006,0.0
,,R705T1,BAIR,WESTCHESTER MEDICAL CENTER - LUM CA,100 WOODS RD,VALHALLA,NY,MEDASSETS,10/27/2024,2341901484,946,0.1,CS,16.05,0.0
,,R705T2,ECFX,UNIVERSITY OF ROCHESTER/STRONG (LUM,601 ELMWOOD AVE,ROCHESTER,NY,MEDASSETS,10/25/2024,2341968580,648,0.5,CS,76.0,0.0
,,R705T2,ECFX,UNIVERSITY OF ROCHESTER/STRONG (LUM,601 ELMWOOD AVE,ROCHESTER,NY,MEDASSETS,10/27/2024,2341968556,646,0.2,CS,24.78,0.0
,,R705T1,RE2G,METROPOLITAN GOVERNMENT OF,1818 ALBION ST,NASHVILLE,TN,MEDASSETS,10/25/2024,2341971610,648,1.0,CS,155.04,0.0
,,R705T1,YFZS,NEUROSCIENCE GROUP,1305 W AMERICAN DR,NEENAH,WI,MEDASSETS,10/28/2024,2342119845,648,1.0,CS,155.04,0.0
,,R705T2,RBBA,PROMEDICA TOLEDO HOSPITAL,2142 N COVE BLVD,TOLEDO,OH,MEDASSETS,10/28/2024,2342120704,956,1.0,CS,154.9,0.6
,,R705T1,HETB,CAPITAL REGION MEDICAL CNTR,901 N HARRY S TRUMAN DR,LARGO,MD,MEDASSETS,10/28/2024,2342131450,645,2.0,CS,289.88,0.0
,,R705T1,X917,COREWELL HEALTH FARMINGTON HILLS HO,28050 GRAND RIVER AVE,FARMINGTON HILLS,MI,MEDASSETS,10/28/2024,2342127773,656,1.0,CS,139.89,0.0
,,R705T2,SUBS,UNIV CINCINNATI-BCW,3200 BURNET AVE,CINCINNATI,OH,MEDASSETS,10/28/2024,2342130866,974,4.0,CS,862.8,0.0
,,R705T1,W5ZF,VANDERBILT IMAGING (BULK),2000 RICHARD JONES RD STE 270,NASHVILLE,TN,MEDASSETS,10/24/2024,2342147498,656,1.0,CS,139.89,0.0
,,R705T2,R152,UNIVERSITY OF ROCHESTER/STRONG (BUL,601 ELMWOOD AVE,ROCHESTER,NY,MEDASSETS,10/28/2024,2342152485,656,1.0,CS,137.15,1.85
,,R705T2,ECFX,UNIVERSITY OF ROCHESTER/STRONG (LUM,601 ELMWOOD AVE,ROCHESTER,NY,MEDASSETS,10/29/2024,2342148484,648,0.5,CS,76.0,0.0
,,R705T1,VXE3,JOHNS HOPKINS ALL CHILDRENS HOSPITA,501 6TH AVE S,SAINT PETERSBURG,FL,MEDASSETS,10/28/2024,2342150372,645,1.0,CS,144.94,0.0
,,R705T1,Q911,BRYN MAWR HOSPITAL,130 S BRYN MAWR AVE,BRYN MAWR,PA,MEDASSETS,10/29/2024,2342164578,946,1.0,CS,160.5,0.0
,,R705T2,WCV2,NICHOLAS H NOYES HOSPITAL,111 CLARA BARTON ST,DANSVILLE,NY,MEDASSETS,10/28/2024,2342223636,648,0.3,CS,45.599999999999994,0.0
,,R705T1,HD0P,APPLETON AREA HEALTH,30 S BEHL ST,APPLETON,MN,MEDASSETS,10/24/2024,2342222558,648,0.1,CS,15.5,0.0
,,R705T2,KPN9,GRADY HEALTH SYSTEM LUM CARTS,80 JESSE HILL JR DR SE,ATLANTA,GA,MEDASSETS,10/28/2024,2342234174,648,0.2,CS,30.4,0.0
,,R705T1,CVBH,ANN AND ROBERT H LURIE CHILDRENS,200 E SUPERIOR ST,CHICAGO,IL,MEDASSETS,10/28/2024,2342234252,648,1.0,CS,155.0,0.0
,,R705T1,5LRQ,AKRON CHILDRENS HOSPITAL,1 PERKINS SQ,AKRON,OH,MEDASSETS,10/28/2024,2342262839,646,2.0,CS,252.76,0.0
,,R705T2,XSIU,ATRIUM MEDICAL CENTER (LUM),1 MEDICAL CENTER DR,MIDDLETOWN,OH,MEDASSETS,10/28/2024,2342261257,956,1.0,CS,154.9,0.6
,,R705T2,Q542,MIAMI VALLEY HOSPITAL,1 WYOMING ST,DAYTON,OH,MEDASSETS,10/29/2024,2342295669,648,1.0,CS,152.0,0.0
,,R705T1,HFNW,CHILDRENS NATIONAL HOSPITAL(BULK),111 MICHIGAN AVE NW,WASHINGTON,DC,MEDASSETS,10/28/2024,2342326814,646,1.0,CS,126.38,0.0
,,R705T2,ECFX,UNIVERSITY OF ROCHESTER/STRONG (LUM,601 ELMWOOD AVE,ROCHESTER,NY,MEDASSETS,10/30/2024,2342363875,648,0.2,CS,30.4,0.0
,,R705T2,ECFX,UNIVERSITY OF ROCHESTER/STRONG (LUM,601 ELMWOOD AVE,ROCHESTER,NY,MEDASSETS,10/29/2024,2342351135,646,0.4,CS,49.56,0.0
,,R705T2,RBBA,PROMEDICA TOLEDO HOSPITAL (LUM),2142 N COVE BLVD,TOLEDO,OH,MEDASSETS,10/29/2024,2342377274,946,0.4,CS,62.96,0.0
,,R705T2,6RYB,PROMEDICA CHARLES & VIRG HICK (LUM),5640 N ADRIAN HWY,ADRIAN,MI,MEDASSETS,10/29/2024,2342387948,957,0.2,CS,25.14,0.46
,,R705T2,RBBA,PROMEDICA TOLEDO HOSPITAL (LUM),2142 N COVE BLVD,TOLEDO,OH,MEDASSETS,10/29/2024,2342380324,946,0.3,CS,47.22,0.0
,,R705T1,HDIH,THE UNIVERSITY OF TEXAS SW MEDICAL,6201 HARRY HINES BLVD,DALLAS,TX,MEDASSETS,10/30/2024,2342418942,648,2.0,CS,310.08,0.0
,,R705T2,WEZO,PMR WILDWOOD,2865 N REYNOLDS RD STE 170,TOLEDO,OH,MEDASSETS,10/29/2024,2342413128,957,10.0,CS,1257.0,23.0
,,R705T1,BAIR,WESTCHESTER MEDICAL CENTER - LUM CA,100 WOODS RD,VALHALLA,NY,MEDASSETS,10/30/2024,2342418382,974,0.1,CS,22.0,0.0
,,R705T2,UYF4,CEDAR VALLEY MED SPECIALIST PC,PO BOX 2758 ,WATERLOO,IA,MEDASSETS,10/02/2024,71188883,957,2.0,CS,251.4,2.6
,,R705T2,4SI0,PEDIATRIX CLINICAL,980 JOHNSON FERRY RD NE STE 620 - ATTN: JENNIFER HUI,ATLANTA,GA,MEDASSETS,10/03/2024,71240838,650,1.0,CS,132.75,1.25
,,R705T2,FV3G,PEDIATRIX MEDICAL GROUP,1304 CONCORDE TERRACE ,SUNRISE,FL,MEDASSETS,10/08/2024,71403891,650,1.0,CS,132.75,1.25
,,R705T2,ZH0V,GRAND RAPIDS WOMEN'S HEALTH,555 MIDTOWNE ST NE STE 400 ,GRAND RAPIDS,MI,MEDASSETS,10/08/2024,71393007,650,0.4,CS,53.08,0.52
,,R705T2,TP6L,WILMINGTON MATERNAL-FETAL MEDICINE,2212 DELANEY AVENUE ,WILMINGTON,NC,MEDASSETS,10/08/2024,71384015,650,1.0,CS,132.75,1.25
,,R705T2,DSVE,"UNITED MEDICAL IMAGING, INC",10436 SANTA MONICA BLVD SUITE 400 ,LOS ANGELES,CA,MEDASSETS,10/04/2024,71295908,957,1.0,CS,125.7,1.3
,,R705T2,X161,CONCORD ORTHOPAEDICS,264 PLEASANT ST ,CONCORD,NH,MEDASSETS,10/04/2024,71291627,957,4.0,CS,502.8,5.2
,,R705T2,4SI0,PEDIATRIX CLINICAL,980 JOHNSON FERRY RD NE STE 620 - ATTN: JENNIFER HUI,ATLANTA,GA,MEDASSETS,10/07/2024,71344824,650,1.0,CS,132.75,1.25
,,R705T2,DJ9F,DERRY MEDICAL  CENTER PA,PO BOX 347 ,DERRY,NH,MEDASSETS,10/15/2024,71608914,957B,2.0,CS,213.4,2.6
,,R705T2,X161,CONCORD ORTHOPAEDICS,264 PLEASANT ST ,CONCORD,NH,MEDASSETS,10/16/2024,71688498,957,5.0,CS,628.5,6.5
,,R705T2,DSVE,"UNITED MEDICAL IMAGING, INC",10436 SANTA MONICA BLVD SUITE 400 ,LOS ANGELES,CA,MEDASSETS,10/16/2024,71691558,957,1.0,CS,125.7,1.3
,,R705T2,EXK7,PERINATAL ASSOC. OF NM LTD.,201 CEDAR ST SE STE 405 ,ALBUQUERQUE,NM,MEDASSETS,10/18/2024,71774901,650,1.0,CS,132.75,1.25
,,R705T2,EXK7,PERINATAL ASSOC. OF NM LTD.,201 CEDAR ST SE STE 405 ,ALBUQUERQUE,NM,MEDASSETS,10/24/2024,71937868,650,1.0,CS,132.75,1.25
,,R705T2,KH91,RAYUS RADIOLOGY,5775 WAYZATA BLVD STE 400 INSIGHT HLTH SRVC CORP-CDI ACCTS PAYABLE,ST LOUIS PARK,MN,MEDASSETS,10/23/2024,71909031,957,1.0,CS,125.7,1.3
,,R705T2,HBX2,ATLANTIC RADIOLOGY ASSOCIATES,4700 WATERS AVE. ,SAVANNAH,GA,MEDASSETS,10/24/2024,71962358,957,1.0,CS,125.7,1.3
,,R705T2,UVAN,NEWPORT DIAGNOSTIC CENTER,1605 AVOCADO AVE ,NEWPORT BEACH,CA,MEDASSETS,10/22/2024,71878634,957,1.0,CS,125.7,1.3
,,R705T2,DSVE,"UNITED MEDICAL IMAGING, INC",10436 SANTA MONICA BLVD SUITE 400 ,LOS ANGELES,CA,MEDASSETS,10/18/2024,71767921,957,1.0,CS,125.7,1.3
,,R705T2,DSVE,"UNITED MEDICAL IMAGING, INC",10436 SANTA MONICA BLVD SUITE 400 ,LOS ANGELES,CA,MEDASSETS,10/18/2024,71766844,957,1.0,CS,125.7,1.3
,,R705T2,V888,BON SECOURS ST FRANCIS,2095 HENRY TECKLENBURG DR,CHARLESTON,SC,MEDASSETS,11/20/2024,7182150264,656,2.0,CS,274.3,0.0
,,R705T2,V889,ROPER HOSPITAL,316 CALHOUN ST,CHARLESTON,SC,MEDASSETS,11/05/2024,7181535846,956,1.0,CS,154.9,0.0
,,R705T2,V888,BON SECOURS ST FRANCIS,2095 HENRY TECKLENBURG DR,CHARLESTON,SC,MEDASSETS,11/07/2024,7181627480,656,1.0,CS,137.15,0.0
,,R705T2,V888,BON SECOURS ST FRANCIS,2095 HENRY TECKLENBURG DR,CHARLESTON,SC,MEDASSETS,11/22/2024,7182248338,656,1.0,CS,137.15,0.0
,,R705T2,V888,BON SECOURS ST FRANCIS,2095 HENRY TECKLENBURG DR,CHARLESTON,SC,MEDASSETS,11/26/2024,7182360498,656,1.0,CS,137.15,0.0
,,R705T2,ZE3F,ROPER ST FRANCIS BERKELEY HOSP,100 CALLEN BLVD,SUMMERVILLE,SC,MEDASSETS,11/07/2024,7181627245,956,1.0,CS,154.9,0.0
,,R705T2,ZE3F,ROPER ST FRANCIS BERKELEY HOSP,100 CALLEN BLVD,SUMMERVILLE,SC,MEDASSETS,11/12/2024,7181787600,656,1.0,CS,137.15,0.0
,,R705T2,ZSGA,MOUNT PLEASANT HOSPITAL,3500 N HIGHWAY 17,MOUNT PLEASANT,SC,MEDASSETS,11/12/2024,7181787763,956,2.0,CS,309.8,0.0
,,R705T2,V889,ROPER HOSPITAL,316 CALHOUN ST,CHARLESTON,SC,MEDASSETS,11/21/2024,7182196920,656,1.0,CS,137.15,0.0
,,R705T2,ECFX,UNIVERSITY OF ROCHESTER/STRONG (LUM,601 ELMWOOD AVE,ROCHESTER,NY,MEDASSETS,10/30/2024,2342510146,648,0.5,CS,76.0,0.0
,,R705T2,ECFX,UNIVERSITY OF ROCHESTER/STRONG (LUM,601 ELMWOOD AVE,ROCHESTER,NY,MEDASSETS,10/30/2024,2342510181,645,1.0,CS,142.10000000000002,0.0
,,R705T1,Q119,SAN LUIS VALLEY REGIONAL MEDICAL,106 BLANCA AVE,ALAMOSA,CO,MEDASSETS,10/30/2024,2342525606,645,1.0,CS,144.94,0.0
,,R705T2,Q358,PROMEDICA MONROE REGIONAL HOSPITAL,718 N MACOMB ST,MONROE,MI,MEDASSETS,10/30/2024,2342548817,946,0.2,CS,31.48,0.0
,,R705T1,KGJM,UNIVER OF MD-ST JOSEPH MED CTR-TRIA,7601 OSLER DR,TOWSON,MD,MEDASSETS,10/31/2024,2342555806,649,1.0,CS,155.09,0.0
,,R705T2,KPN9,GRADY HEALTH SYSTEM LUM CARTS,80 JESSE HILL JR DR SE,ATLANTA,GA,MEDASSETS,10/30/2024,2342537391,648,0.2,CS,30.4,0.0
,,R705T1,MF5W,GOOD SAMARITAN HOSPITAL,1015 NW 22ND AVE,PORTLAND,OR,MEDASSETS,10/30/2024,2342557418,648,1.0,CS,155.04,0.0
,,R705T1,JBCP,TAMPA GENERAL HOSPITAL-SPD,1 TAMPA GENERAL CIR,TAMPA,FL,MEDASSETS,10/31/2024,2342584609,656,1.2,CS,167.88,0.0
,,R705T2,6RYB,PROMEDICA CHARLES & VIRG HICK (LUM),5640 N ADRIAN HWY,ADRIAN,MI,MEDASSETS,10/30/2024,2342629235,957,0.1,CS,12.57,0.23
,,R705T2,6RYB,PROMEDICA CHARLES & VIRG HICK (LUM),5640 N ADRIAN HWY,ADRIAN,MI,MEDASSETS,10/31/2024,2342670924,957,0.2,CS,25.14,0.46
,,R705T1,KN7T,WHITE COUNTY MEDICAL CENTER,3214 E RACE AVE,SEARCY,AR,MEDASSETS,11/01/2024,2342674124,656,1.0,CS,139.89,0.0
,,R705T2,KPN9,GRADY HEALTH SYSTEM LUM CARTS,80 JESSE HILL JR DR SE,ATLANTA,GA,MEDASSETS,10/31/2024,2342699070,648,0.1,CS,15.2,0.0
,,R705T2,KPN9,GRADY HEALTH SYSTEM LUM CARTS,80 JESSE HILL JR DR SE,ATLANTA,GA,MEDASSETS,10/31/2024,2342695556,648,0.2,CS,30.4,0.0
,,R705T1,Z7CE,SUMMIT INTERVEN RADIO FLORHAM PARK,150 PARK AVE FLR 1,FLORHAM PARK,NJ,MEDASSETS,10/31/2024,2342725720,648,1.0,CS,155.04,0.0
,,R705T1,KGJM,UNIVER OF MD-ST JOSEPH MED CTR-TRIA,7601 OSLER DR,TOWSON,MD,MEDASSETS,11/01/2024,2342724314,649,1.0,CS,155.09,0.0
,,R705T1,V556,STILLWATER MEDICAL CENTER,1323 W 6TH AVE,STILLWATER,OK,MEDASSETS,10/31/2024,2342731895,649,1.0,CS,155.09,0.0
,,R705T1,HFNW,CHILDRENS NATIONAL HOSPITAL(LUM),111 MICHIGAN AVE NW,WASHINGTON,DC,MEDASSETS,10/31/2024,2342751789,646,0.8,CS,101.12,0.0
,,R705T2,DT9K,UNIVERSITY OF CINCINNATI - UCMC,331 ALBERT SABIN WAY,CINCINNATI,OH,MEDASSETS,10/31/2024,2342733792,974,1.0,CS,215.7,0.0
,,R705T1,ECHZ,WILSON MEMORIAL HOSPITAL (LUM),33-57 HARRISON ST,JOHNSON CITY,NY,MEDASSETS,10/31/2024,2342748319,648,0.1,CS,15.5,0.0
,,R705T1,BAIR,WESTCHESTER MEDICAL CENTER - LUM CA,100 WOODS RD,VALHALLA,NY,MEDASSETS,10/31/2024,2342744981,974,0.1,CS,22.0,0.0
,,R705T1,HFNW,CHILDRENS NATIONAL HOSPITAL(LUM),111 MICHIGAN AVE NW,WASHINGTON,DC,MEDASSETS,10/31/2024,2342751789,645,0.8,CS,115.92,0.0
,,R705T1,JY7Z,LEGACY SALMON CREEK HOSPITAL,2211 NE 139TH ST,VANCOUVER,WA,MEDASSETS,10/31/2024,2342761263,648,2.0,CS,310.08,0.0
,,R705T1,F0V2,NORMAN REGIONAL HOSPITAL,3300 HEALTHPLEX PKWY,NORMAN,OK,MEDASSETS,10/23/2024,2342791353,649B,2.0,CS,279.88,0.0
,,R705T2,3NFT,UNIVERSITY OF ROCHESTER-STRONG W (L,156 WEST AVE,BROCKPORT,NY,MEDASSETS,11/01/2024,2342798166,648,0.5,CS,76.0,0.0
,,R705T2,RBBA,PROMEDICA TOLEDO HOSPITAL (LUM),2142 N COVE BLVD,TOLEDO,OH,MEDASSETS,11/01/2024,2342802706,957,0.3,CS,37.71,0.69
,,R705T2,XNYW,PROMEDICA COLDWATER REGIONAL (LUM),274 E CHICAGO ST,COLDWATER,MI,MEDASSETS,10/31/2024,2342802791,648,0.3,CS,45.599999999999994,0.0
,,R705T1,JKFF,NCH MD-HEALTHCARE SYSTEM,350 7TH ST N,NAPLES,FL,MEDASSETS,11/01/2024,2342835887,648,2.0,CS,310.08,0.0
,,R705T2,RBBA,PROMEDICA TOLEDO HOSPITAL (LUM),2142 N COVE BLVD,TOLEDO,OH,MEDASSETS,10/31/2024,2342801091,946,0.2,CS,31.48,0.0
,,R705T2,ECFX,UNIVERSITY OF ROCHESTER/STRONG (LUM,601 ELMWOOD AVE,ROCHESTER,NY,MEDASSETS,11/02/2024,2342853718,646,0.6,CS,74.34,0.0
,,R705T2,KPN9,GRADY HEALTH SYSTEM LUM CARTS,80 JESSE HILL JR DR SE,ATLANTA,GA,MEDASSETS,11/01/2024,2342859346,648,0.6,CS,91.19999999999999,0.0
,,R705T2,KPN9,GRADY HEALTH SYSTEM LUM CARTS,80 JESSE HILL JR DR SE,ATLANTA,GA,MEDASSETS,11/02/2024,2342864104,648,0.2,CS,30.4,0.0
,,R705T2,KPN9,GRADY HEALTH SYSTEM LUM CARTS,80 JESSE HILL JR DR SE,ATLANTA,GA,MEDASSETS,11/02/2024,2342864132,648,0.4,CS,60.8,0.0
,,R705T2,KPN9,GRADY HEALTH SYSTEM LUM CARTS,80 JESSE HILL JR DR SE,ATLANTA,GA,MEDASSETS,11/03/2024,2342864191,648,0.2,CS,30.4,0.0
,,R705T2,RBBA,PROMEDICA TOLEDO HOSPITAL (LUM),2142 N COVE BLVD,TOLEDO,OH,MEDASSETS,11/03/2024,2342882086,957,0.3,CS,37.71,0.69
,,R705T2,Q542,MIAMI VALLEY HOSPITAL,1 WYOMING ST,DAYTON,OH,MEDASSETS,10/31/2024,2342880670,648,1.0,CS,152.0,0.0
,,R705T2,SUBS,UNIV CINCINNATI-BCW,3200 BURNET AVE,CINCINNATI,OH,MEDASSETS,11/01/2024,2342886042,656,3.0,CS,411.45000000000005,5.55
,,R705T1,RQL9,EMANUEL HOSPITAL,2801 N GANTENBEIN AVE,PORTLAND,OR,MEDASSETS,11/03/2024,2342893097,648,2.0,CS,310.08,0.0
,,R705T1,BAIR,WESTCHESTER MEDICAL CENTER - LUM CA,100 WOODS RD,VALHALLA,NY,MEDASSETS,11/04/2024,2342977578,974,0.1,CS,22.0,0.0
,,R705T2,R152,UNIVERSITY OF ROCHESTER/STRONG (BUL,601 ELMWOOD AVE,ROCHESTER,NY,MEDASSETS,11/03/2024,2343005408,648,0.4,CS,60.8,0.0
,,R705T2,R152,UNIVERSITY OF ROCHESTER/STRONG (BUL,601 ELMWOOD AVE,ROCHESTER,NY,MEDASSETS,11/04/2024,2343005432,648,1.0,CS,152.0,0.0
,,R705T1,ECHZ,WILSON MEMORIAL HOSPITAL (LUM),33-57 HARRISON ST,JOHNSON CITY,NY,MEDASSETS,11/04/2024,2343087562,648,0.1,CS,15.5,0.0
,,R705T1,HFNS,INOVA FAIRFAX HOSPITAL,3300 GALLOWS RD,FALLS CHURCH,VA,MEDASSETS,11/05/2024,2343108579,649,1.0,CS,155.09,0.0
,,R705T2,ECFX,UNIVERSITY OF ROCHESTER/STRONG (LUM,601 ELMWOOD AVE,ROCHESTER,NY,MEDASSETS,11/04/2024,2343095546,648,0.4,CS,60.8,0.0
,,R705T2,ECFX,UNIVERSITY OF ROCHESTER/STRONG (LUM,601 ELMWOOD AVE,ROCHESTER,NY,MEDASSETS,11/04/2024,2343095591,645,0.2,CS,28.42,0.0
,,R705T1,BAIR,WESTCHESTER MEDICAL CENTER - LUM CA,100 WOODS RD,VALHALLA,NY,MEDASSETS,11/05/2024,2343120413,974,0.1,CS,22.0,0.0
,,R705T1,IIE5,USC UNIVERSITY AND RESEARCH,1640 MARENGO ST STE 300,LOS ANGELES,CA,MEDASSETS,11/01/2024,2343125439,648,1.0,CS,155.04,0.0
,,R705T1,S186,KENT - LUM ON UBOAT (LUM),455 TOLL GATE RD,WARWICK,RI,MEDASSETS,11/04/2024,2343197229,648,0.5,CS,77.5,0.0
,,R705T1,JBCP,TAMPA GENERAL HOSPITAL-SPD,1 TAMPA GENERAL CIR,TAMPA,FL,MEDASSETS,11/05/2024,2343199386,656,0.6,CS,83.94,0.0
,,R705T2,LCAC,UNIV CINCINNATI-WESTCHESTER,7700 UNIVERSITY DR,WEST CHESTER,OH,MEDASSETS,11/01/2024,2343224577,656,2.0,CS,274.3,3.7
,,R705T1,KGJM,UNIVER OF MD-ST JOSEPH MED CTR-TRIA,7601 OSLER DR,TOWSON,MD,MEDASSETS,11/04/2024,2343197722,656,1.0,CS,139.89,0.0
,,R705T1,P035,FORREST COUNTY GENERAL HOSPITAL,6051 U S HIGHWAY 49,HATTIESBURG,MS,MEDASSETS,11/05/2024,2343281892,956,1.0,CS,158.0,0.0
,,R705T1,ECHZ,WILSON MEMORIAL HOSPITAL (LUM),33-57 HARRISON ST,JOHNSON CITY,NY,MEDASSETS,11/05/2024,2343300831,648,1.0,CS,155.0,0.0
,,R705T2,6RYB,PROMEDICA CHARLES & VIRG HICK (LUM),5640 N ADRIAN HWY,ADRIAN,MI,MEDASSETS,11/05/2024,2343316247,957,0.2,CS,25.14,0.46
,,R705T2,XNYW,PROMEDICA COLDWATER REGIONAL (LUM),274 E CHICAGO ST,COLDWATER,MI,MEDASSETS,11/05/2024,2343311978,648,0.1,CS,15.2,0.0
,,R705T2,RBBA,PROMEDICA TOLEDO HOSPITAL (LUM),2142 N COVE BLVD,TOLEDO,OH,MEDASSETS,11/05/2024,2343306609,946,0.4,CS,62.96,0.0
,,R705T1,HFNS,INOVA FAIRFAX HOSPITAL,3300 GALLOWS RD,FALLS CHURCH,VA,MEDASSETS,11/05/2024,2343355280,646,2.0,CS,252.76,0.0
,,R705T2,ECFX,UNIVERSITY OF ROCHESTER/STRONG (LUM,601 ELMWOOD AVE,ROCHESTER,NY,MEDASSETS,11/06/2024,2343383384,648,0.3,CS,45.599999999999994,0.0
,,R705T1,DYQE,GENESIS HEALTHCARE SYSTEM,2951 MAPLE AVE,ZANESVILLE,OH,MEDASSETS,11/05/2024,2343396790,648,2.0,CS,310.08,0.0
,,R705T1,IF8G,GOOD SAMARITAN MEDICAL CENTER LLC,200 EXEMPLA CIR,LAFAYETTE,CO,MEDASSETS,11/05/2024,2343412896,645,1.0,CS,144.94,0.0
,,R705T1,KGJM,UNIVER OF MD-ST JOSEPH MED CTR-TRIA,7601 OSLER DR,TOWSON,MD,MEDASSETS,11/06/2024,2343461265,648,3.0,CS,465.12,0.0
,,R705T1,HHNU,CHILDRENS HOSPITAL OF WISCONSIN,6740 W WASHINGTON ST,WEST ALLIS,WI,MEDASSETS,11/06/2024,2343459351,649B,2.0,CS,279.88,0.0
,,R705T2,6RYB,PROMEDICA CHARLES & VIRG HICK (LUM),5640 N ADRIAN HWY,ADRIAN,MI,MEDASSETS,11/06/2024,2343476321,957,0.2,CS,25.14,0.46
,,R705T2,R152,UNIVERSITY OF ROCHESTER/STRONG (BUL,601 ELMWOOD AVE,ROCHESTER,NY,MEDASSETS,11/06/2024,2343467209,656,1.0,CS,137.15,1.85
,,R705T2,RBBA,PROMEDICA TOLEDO HOSPITAL (LUM),2142 N COVE BLVD,TOLEDO,OH,MEDASSETS,11/01/2024,2343469452,957,-0.1,CS,-12.57,-0.23
,,R705T1,HDIH,THE UNIVERSITY OF TEXAS SW MEDICAL,6201 HARRY HINES BLVD,DALLAS,TX,MEDASSETS,11/07/2024,2343499747,648,2.0,CS,310.08,0.0
,,R705T1,OLWT,WILSON HEALTH,915 W MICHIGAN ST,SIDNEY,OH,MEDASSETS,11/06/2024,2343509172,974,0.1,CS,22.0,0.0
,,R705T2,ECFX,UNIVERSITY OF ROCHESTER/STRONG (LUM,601 ELMWOOD AVE,ROCHESTER,NY,MEDASSETS,11/06/2024,2343517530,645,0.4,CS,56.84,0.0
,,R705T2,ECFX,UNIVERSITY OF ROCHESTER/STRONG (LUM,601 ELMWOOD AVE,ROCHESTER,NY,MEDASSETS,11/06/2024,2343517539,646,0.1,CS,12.39,0.0
,,R705T1,OLWT,WILSON HEALTH,915 W MICHIGAN ST,SIDNEY,OH,MEDASSETS,11/06/2024,2343509173,974,0.1,CS,22.0,0.0
,,R705T2,ECFX,UNIVERSITY OF ROCHESTER/STRONG (LUM,601 ELMWOOD AVE,ROCHESTER,NY,MEDASSETS,11/06/2024,2343515718,648,0.3,CS,45.599999999999994,0.0
,,R705T1,XU8I,UNIV OF KANSAS HS-CAMBRIDGE DOCK,3801 EATON ST,KANSAS CITY,KS,MEDASSETS,11/07/2024,2343550136,956,2.0,CS,316.0,0.0
,,R705T2,R158,HIGHLAND HOSPITAL-ROCHESTER (LUM),1000 SOUTH AVE,ROCHESTER,NY,MEDASSETS,11/07/2024,2343551603,648,0.6,CS,91.19999999999999,0.0
,,R705T2,ECFX,UNIVERSITY OF ROCHESTER/STRONG (LUM,601 ELMWOOD AVE,ROCHESTER,NY,MEDASSETS,11/07/2024,2343526655,648,0.2,CS,30.4,0.0
,,R705T1,Q911,BRYN MAWR HOSPITAL,130 S BRYN MAWR AVE,BRYN MAWR,PA,MEDASSETS,11/06/2024,2343544189,648,4.0,CS,620.16,0.0
,,R705T1,W5ZF,VANDERBILT IMAGING (BULK),2000 RICHARD JONES RD STE 270,NASHVILLE,TN,MEDASSETS,11/07/2024,2343547307,656,1.0,CS,139.89,0.0
,,R705T1,P381,HC AUTHRTY BAPTIST HLTH (BULK),2105 E SOUTH BLVD,MONTGOMERY,AL,MEDASSETS,10/28/2024,2343633089,646,1.0,CS,126.38,0.0
,,R705T2,RBBA,PROMEDICA TOLEDO HOSPITAL (LUM),2142 N COVE BLVD,TOLEDO,OH,MEDASSETS,11/07/2024,2343644460,957,0.3,CS,37.71,0.69
,,R705T2,LCAC,UNIV CINCINNATI-WESTCHESTER (LUM),7700 UNIVERSITY DR,WEST CHESTER,OH,MEDASSETS,11/07/2024,2343636111,974,1.0,CS,215.7,0.0
,,R705T2,Q542,MIAMI VALLEY HOSPITAL,1 WYOMING ST,DAYTON,OH,MEDASSETS,10/29/2024,2343615197,648,-1.0,CS,-152.0,0.0
,,R705T1,HDIH,THE UNIVERSITY OF TEXAS SW MEDICAL,6201 HARRY HINES BLVD,DALLAS,TX,MEDASSETS,11/08/2024,2343636976,956,1.0,CS,158.0,0.0
,,R705T2,Q641,PROMEDICA FLOWER HOSPITAL (LUM),5200 HARROUN RD,SYLVANIA,OH,MEDASSETS,11/07/2024,2343661941,956,1.0,CS,154.9,0.6
,,R705T2,6RYB,PROMEDICA CHARLES & VIRG HICK (LUM),5640 N ADRIAN HWY,ADRIAN,MI,MEDASSETS,11/07/2024,2343666943,957,0.2,CS,25.14,0.46
,,R705T1,S186,KENT - LUM ON UBOAT (LUM),455 TOLL GATE RD,WARWICK,RI,MEDASSETS,11/08/2024,2343680793,648,0.3,CS,46.5,0.0
,,R705T1,X917,COREWELL HEALTH FARMINGTON HILLS HO,28050 GRAND RIVER AVE,FARMINGTON HILLS,MI,MEDASSETS,11/07/2024,2343692503,656,3.0,CS,419.66999999999996,0.0
,,R705T1,HFNS,INOVA FAIRFAX HOSPITAL,3300 GALLOWS RD,FALLS CHURCH,VA,MEDASSETS,11/05/2024,2343675594,646,3.0,CS,379.14,0.0
,,R705T2,R152,UNIVERSITY OF ROCHESTER/STRONG (BUL,601 ELMWOOD AVE,ROCHESTER,NY,MEDASSETS,11/08/2024,2343714562,648,1.0,CS,152.0,0.0
,,R705T1,JZ5Y,CHS-ST FRANCIS HOSPITAL,100 PORT WASHINGTON BLVD,ROSLYN,NY,MEDASSETS,11/07/2024,2343709113,648,1.0,CS,155.04,0.0
,,R705T1,JZ5Y,CHS-ST FRANCIS HOSPITAL,100 PORT WASHINGTON BLVD,ROSLYN,NY,MEDASSETS,11/08/2024,2343709143,648,1.0,CS,155.04,0.0
,,R705T1,JZ5Y,CHS-ST FRANCIS HOSPITAL,100 PORT WASHINGTON BLVD,ROSLYN,NY,MEDASSETS,11/08/2024,2343709148,648,1.0,CS,155.04,0.0
,,R705T2,KPN9,GRADY HEALTH SYSTEM LUM CARTS,80 JESSE HILL JR DR SE,ATLANTA,GA,MEDASSETS,11/08/2024,2343732947,648,1.0,CS,152.0,0.0
,,R705T2,KPN9,GRADY HEALTH SYSTEM LUM CARTS,80 JESSE HILL JR DR SE,ATLANTA,GA,MEDASSETS,11/06/2024,2343730501,648,0.2,CS,30.4,0.0
,,R705T2,KPN9,GRADY HEALTH SYSTEM LUM CARTS,80 JESSE HILL JR DR SE,ATLANTA,GA,MEDASSETS,11/06/2024,2343728786,648,0.2,CS,30.4,0.0
,,R705T1,RQL9,EMANUEL HOSPITAL,2801 N GANTENBEIN AVE,PORTLAND,OR,MEDASSETS,11/08/2024,2343772206,646,2.0,CS,252.76,0.0
,,R705T1,I45I,CHS-ST CHARLES HOSPITAL/A90,200 BELLE TERRE RD,PORT JEFFERSON,NY,MEDASSETS,11/08/2024,2343814583,648,1.0,CS,155.04,0.0
,,R705T2,Q542,MIAMI VALLEY HOSPITAL,1 WYOMING ST,DAYTON,OH,MEDASSETS,11/08/2024,2343826288,648,1.0,CS,152.0,0.0
,,R705T2,Q542,MIAMI VALLEY HOSPITAL,1 WYOMING ST,DAYTON,OH,MEDASSETS,11/08/2024,2343826292,656,2.0,CS,274.3,3.7
,,R705T2,ECFX,UNIVERSITY OF ROCHESTER/STRONG (LUM,601 ELMWOOD AVE,ROCHESTER,NY,MEDASSETS,11/09/2024,2343826513,646,0.2,CS,24.78,0.0
,,R705T2,6RYB,PROMEDICA CHARLES & VIRG HICK (LUM),5640 N ADRIAN HWY,ADRIAN,MI,MEDASSETS,11/08/2024,2343851688,957,0.2,CS,25.14,0.46
,,R705T1,BAIR,WESTCHESTER MEDICAL CENTER - LUM CA,100 WOODS RD,VALHALLA,NY,MEDASSETS,11/10/2024,2343852738,946,0.4,CS,64.2,0.0
,,R705T1,BAIR,WESTCHESTER MEDICAL CENTER - LUM CA,100 WOODS RD,VALHALLA,NY,MEDASSETS,11/10/2024,2343852753,946,0.1,CS,16.05,0.0
,,R705T1,BAIR,WESTCHESTER MEDICAL CENTER - LUM CA,100 WOODS RD,VALHALLA,NY,MEDASSETS,11/10/2024,2343852780,946,0.3,CS,48.150000000000006,0.0
,,R705T2,KPN9,GRADY HEALTH SYSTEM LUM CARTS,80 JESSE HILL JR DR SE,ATLANTA,GA,MEDASSETS,11/09/2024,2343870131,648,0.6,CS,91.19999999999999,0.0
,,R705T2,KPN9,GRADY HEALTH SYSTEM LUM CARTS,80 JESSE HILL JR DR SE,ATLANTA,GA,MEDASSETS,11/07/2024,2343869543,648,0.2,CS,30.4,0.0
,,R705T2,R152,UNIVERSITY OF ROCHESTER/STRONG (BUL,601 ELMWOOD AVE,ROCHESTER,NY,MEDASSETS,11/10/2024,2343933119,648,0.8,CS,121.6,0.0
,,R705T1,5LRQ,AKRON CHILDRENS HOSPITAL,1 PERKINS SQ,AKRON,OH,MEDASSETS,11/08/2024,2343911295,646,2.0,CS,252.76,0.0
,,R705T1,JKFF,NCH MD-HEALTHCARE SYSTEM,350 7TH ST N,NAPLES,FL,MEDASSETS,11/08/2024,2343948739,648,1.0,CS,155.04,0.0
,,R705T2,LCAC,UNIV CINCINNATI-WESTCHESTER,7700 UNIVERSITY DR,WEST CHESTER,OH,MEDASSETS,11/08/2024,2343975597,656,2.0,CS,274.3,3.7
,,R705T1,BAIR,WESTCHESTER MEDICAL CENTER - LUM CA,100 WOODS RD,VALHALLA,NY,MEDASSETS,11/11/2024,2343962851,946,0.2,CS,32.1,0.0
,,R705T2,ECFX,UNIVERSITY OF ROCHESTER/STRONG (LUM,601 ELMWOOD AVE,ROCHESTER,NY,MEDASSETS,11/11/2024,2343939441,648,0.2,CS,30.4,0.0
,,R705T2,LCAC,UNIV CINCINNATI-WESTCHESTER,7700 UNIVERSITY DR,WEST CHESTER,OH,MEDASSETS,11/08/2024,2343975597,974,2.0,CS,431.4,0.0
,,R705T2,ECFX,UNIVERSITY OF ROCHESTER/STRONG (LUM,601 ELMWOOD AVE,ROCHESTER,NY,MEDASSETS,11/11/2024,2343939494,648,0.3,CS,45.599999999999994,0.0
,,R705T1,HDIH,THE UNIVERSITY OF TEXAS SW MEDICAL,6201 HARRY HINES BLVD,DALLAS,TX,MEDASSETS,11/11/2024,2343980259,648,2.0,CS,310.08,0.0
,,R705T1,MYEY,SOUTHWEST ARKANSAS REGIONAL MED CTR,2001 S MAIN ST,HOPE,AR,MEDASSETS,11/11/2024,2343980226,646,0.2,CS,25.28,0.0
,,R705T1,XOJW,YAVAPAI REG MEDICAL CTR- WEST,1003 WILLOW CREEK RD,PRESCOTT,AZ,MEDASSETS,11/11/2024,2344011865,649B,2.0,CS,279.88,0.0
,,R705T2,ECFX,UNIVERSITY OF ROCHESTER/STRONG (LUM,601 ELMWOOD AVE,ROCHESTER,NY,MEDASSETS,11/12/2024,2344105559,648,0.5,CS,76.0,0.0
,,R705T1,Q182,GUNNISON VALLEY HOSPITAL,711 N TAYLOR ST,GUNNISON,CO,MEDASSETS,11/11/2024,2344080957,645,0.5,CS,72.45,0.0
,,R705T1,BAIR,WESTCHESTER MEDICAL CENTER - LUM CA,100 WOODS RD,VALHALLA,NY,MEDASSETS,11/12/2024,2344086311,946,0.3,CS,48.150000000000006,0.0
,,R705T2,ECFX,UNIVERSITY OF ROCHESTER/STRONG (LUM,601 ELMWOOD AVE,ROCHESTER,NY,MEDASSETS,11/11/2024,2344105527,648,0.4,CS,60.8,0.0
,,R705T1,BAIR,WESTCHESTER MEDICAL CENTER - LUM CA,100 WOODS RD,VALHALLA,NY,MEDASSETS,11/11/2024,2344071715,946,0.4,CS,64.2,0.0
,,R705T1,HFNW,CHILDRENS NATIONAL HOSPITAL(LUM),111 MICHIGAN AVE NW,WASHINGTON,DC,MEDASSETS,11/10/2024,2344128507,645,0.8,CS,115.92,0.0
,,R705T1,YFZS,NEUROSCIENCE GROUP,1305 W AMERICAN DR,NEENAH,WI,MEDASSETS,11/12/2024,2344105161,648,1.0,CS,155.04,0.0
,,R705T2,RBBA,PROMEDICA TOLEDO HOSPITAL (LUM),2142 N COVE BLVD,TOLEDO,OH,MEDASSETS,11/11/2024,2344155402,946,0.4,CS,62.96,0.0
,,R705T2,RBBA,PROMEDICA TOLEDO HOSPITAL (LUM),2142 N COVE BLVD,TOLEDO,OH,MEDASSETS,11/11/2024,2344155425,957,0.6,CS,75.42,1.38
,,R705T1,Q0WK,KENT COUNTY MEMORIAL HOSPITAL,455 TOLL GATE RD,WARWICK,RI,MEDASSETS,11/12/2024,2344150438,648,1.0,CS,155.0,0.0
,,R705T2,KPN9,GRADY HEALTH SYSTEM LUM CARTS,80 JESSE HILL JR DR SE,ATLANTA,GA,MEDASSETS,11/11/2024,2344181969,648,0.2,CS,30.4,0.0
,,R705T2,KPN9,GRADY HEALTH SYSTEM LUM CARTS,80 JESSE HILL JR DR SE,ATLANTA,GA,MEDASSETS,11/11/2024,2344181962,648,0.3,CS,45.599999999999994,0.0
,,R705T1,2TGC,MERCY EMERGENCY DEPT - MARION,999 35TH ST STE 100,MARION,IA,MEDASSETS,11/11/2024,2344172803,648,1.0,CS,155.04,0.0
,,R705T1,R326,CAYUGA MEDICAL CENTER-AT ITHACA,101 DATES DR,ITHACA,NY,MEDASSETS,11/12/2024,2344250588,649,1.0,CS,155.09,0.0
,,R705T1,ECHZ,WILSON MEMORIAL HOSPITAL (LUM),33-57 HARRISON ST,JOHNSON CITY,NY,MEDASSETS,11/11/2024,2344187694,648,0.2,CS,31.02,0.0
,,R705T1,W5ZF,VANDERBILT IMAGING (BULK),2000 RICHARD JONES RD STE 270,NASHVILLE,TN,MEDASSETS,11/07/2024,2344197071,656,1.0,CS,139.89,0.0
,,R705T1,AD54,ALLY MEDICAL EMERGENCY ROOM CENTRAL,5525 BURNET RD STE A,AUSTIN,TX,MEDASSETS,11/12/2024,2344263977,646,0.2,CS,25.28,0.0
,,R705T1,AD54,ALLY MEDICAL EMERGENCY ROOM CENTRAL,5525 BURNET RD STE A,AUSTIN,TX,MEDASSETS,11/12/2024,2344263977,648,0.2,CS,31.0,0.0
,,R705T1,GEDD,CHILDRENS HOSPITAL WAREHOUSE,1511 CABIN BRANCH DR BLDG A2,LANDOVER,MD,MEDASSETS,11/12/2024,2344317009,648,4.0,CS,620.16,0.0
,,R705T1,YCYB,TC VANNIE COOK CHILDRENS CLINIC,101 W EXPRESSWAY 83,MCALLEN,TX,MEDASSETS,11/12/2024,2344320799,647,1.0,CS,154.84,0.0
,,R705T2,ECFX,UNIVERSITY OF ROCHESTER/STRONG (LUM,601 ELMWOOD AVE,ROCHESTER,NY,MEDASSETS,11/12/2024,2344320165,646,0.2,CS,24.78,0.0
,,R705T2,ECFX,UNIVERSITY OF ROCHESTER/STRONG (LUM,601 ELMWOOD AVE,ROCHESTER,NY,MEDASSETS,11/12/2024,2344320148,646,0.3,CS,37.17,0.0
,,R705T1,JBCP,TAMPA GENERAL HOSPITAL-SPD,1 TAMPA GENERAL CIR,TAMPA,FL,MEDASSETS,11/12/2024,2344315376,656,0.6,CS,83.94,0.0
,,R705T2,KPN9,GRADY HEALTH SYSTEM LUM CARTS,80 JESSE HILL JR DR SE,ATLANTA,GA,MEDASSETS,11/12/2024,2344341690,648,0.4,CS,60.8,0.0
,,R705T2,R152,UNIVERSITY OF ROCHESTER/STRONG (BUL,601 ELMWOOD AVE,ROCHESTER,NY,MEDASSETS,11/13/2024,2344324756,648,1.0,CS,152.0,0.0
,,R705T2,6RYB,PROMEDICA CHARLES & VIRG HICK (LUM),5640 N ADRIAN HWY,ADRIAN,MI,MEDASSETS,11/12/2024,2344334090,957,0.1,CS,12.57,0.23
,,R705T2,ECFX,UNIVERSITY OF ROCHESTER/STRONG (LUM,601 ELMWOOD AVE,ROCHESTER,NY,MEDASSETS,11/12/2024,2344320165,645,0.2,CS,28.42,0.0
,,R705T2,SUBS,UNIV CINCINNATI-BCW,3200 BURNET AVE,CINCINNATI,OH,MEDASSETS,11/12/2024,2344376909,974,2.0,CS,431.4,0.0
,,R705T2,SUBS,UNIV CINCINNATI-BCW,3200 BURNET AVE,CINCINNATI,OH,MEDASSETS,11/12/2024,2344376909,656,2.0,CS,274.3,3.7
,,R705T1,J55T,MERIDIAN PARK HOSPITAL,19300 SW 65TH AVE,TUALATIN,OR,MEDASSETS,11/12/2024,2344383924,648,1.0,CS,155.04,0.0
,,R705T1,Q911,BRYN MAWR HOSPITAL,130 S BRYN MAWR AVE,BRYN MAWR,PA,MEDASSETS,11/14/2024,2344447499,956,1.0,CS,158.0,0.0
,,R705T1,GEDD,CHILDRENS HOSPITAL WAREHOUSE,1511 CABIN BRANCH DR BLDG A2,LANDOVER,MD,MEDASSETS,11/13/2024,2344492685,648,2.0,CS,310.08,0.0
,,R705T2,6RYB,PROMEDICA CHARLES & VIRG HICK (LUM),5640 N ADRIAN HWY,ADRIAN,MI,MEDASSETS,11/13/2024,2344507610,957,0.1,CS,12.57,0.23
,,R705T2,KPN9,GRADY HEALTH SYSTEM LUM CARTS,80 JESSE HILL JR DR SE,ATLANTA,GA,MEDASSETS,11/12/2024,2344497450,646,0.1,CS,12.39,0.0
,,R705T1,VXE3,JOHNS HOPKINS ALL CHILDRENS HOSPITA,501 6TH AVE S,SAINT PETERSBURG,FL,MEDASSETS,11/13/2024,2344509073,645,1.0,CS,144.94,0.0
,,R705T2,R152,UNIVERSITY OF ROCHESTER/STRONG (BUL,601 ELMWOOD AVE,ROCHESTER,NY,MEDASSETS,11/13/2024,2344535668,656,1.0,CS,137.15,1.85
,,R705T1,S156,RUSH COPLEY MEDICAL CENTER,2000 OGDEN AVE,AURORA,IL,MEDASSETS,10/18/2024,2344556033,957,1.0,CS,128.21,0.0
,,R705T2,6RYB,PROMEDICA CHARLES & VIRG HICK (LUM),5640 N ADRIAN HWY,ADRIAN,MI,MEDASSETS,11/14/2024,2344667712,957,0.2,CS,25.14,0.46
,,R705T2,ECFX,UNIVERSITY OF ROCHESTER/STRONG (LUM,601 ELMWOOD AVE,ROCHESTER,NY,MEDASSETS,11/14/2024,2344671021,645,1.0,CS,142.10000000000002,0.0
,,R705T1,JKFF,NCH MD-HEALTHCARE SYSTEM,350 7TH ST N,NAPLES,FL,MEDASSETS,11/13/2024,2344690239,648,1.0,CS,155.04,0.0
,,R705T2,KPN9,GRADY HEALTH SYSTEM LUM CARTS,80 JESSE HILL JR DR SE,ATLANTA,GA,MEDASSETS,11/14/2024,2344700053,648,0.2,CS,30.4,0.0
,,R705T2,A5JD,NORTH MIAMI VALLEY HOSPITAL,9000 N MAIN ST,ENGLEWOOD,OH,MEDASSETS,11/15/2024,2344688266,956,1.0,CS,154.9,0.6
,,R705T1,JKFF,NCH MD-HEALTHCARE SYSTEM,350 7TH ST N,NAPLES,FL,MEDASSETS,11/11/2024,2344690244,648,1.0,CS,155.04,0.0
,,R705T2,KPN9,GRADY HEALTH SYSTEM LUM CARTS,80 JESSE HILL JR DR SE,ATLANTA,GA,MEDASSETS,11/13/2024,2344696742,648,0.2,CS,30.4,0.0
,,R705T1,HDIH,THE UNIVERSITY OF TEXAS SW MEDICAL,6201 HARRY HINES BLVD,DALLAS,TX,MEDASSETS,11/15/2024,2344710656,648,2.0,CS,310.08,0.0
,,R705T1,F0V2,NORMAN REGIONAL HOSPITAL,3300 HEALTHPLEX PKWY,NORMAN,OK,MEDASSETS,11/05/2024,2344745463,649B,3.0,CS,419.82,0.0
,,R705T1,HFNS,INOVA FAIRFAX HOSPITAL,3300 GALLOWS RD,FALLS CHURCH,VA,MEDASSETS,11/15/2024,2344755335,646,-1.0,CS,-126.38,0.0
,,R705T2,KPN9,GRADY HEALTH SYSTEM LUM CARTS,80 JESSE HILL JR DR SE,ATLANTA,GA,MEDASSETS,11/14/2024,2344700019,648,0.2,CS,30.4,0.0
,,R705T1,MF5W,GOOD SAMARITAN HOSPITAL,1015 NW 22ND AVE,PORTLAND,OR,MEDASSETS,11/14/2024,2344750528,648,1.0,CS,155.04,0.0
,,R705T1,HFNW,CHILDRENS NATIONAL HOSPITAL(LUM),111 MICHIGAN AVE NW,WASHINGTON,DC,MEDASSETS,11/17/2024,2344809227,645,0.8,CS,115.92,0.0
,,R705T1,JKFF,NCH MD-HEALTHCARE SYSTEM,350 7TH ST N,NAPLES,FL,MEDASSETS,11/13/2024,2344827452,648,1.0,CS,155.04,0.0
,,R705T1,MLBP,PHOEBE PUTNEY MEMORIAL HOSPITAL,1008 N MONROE ST,ALBANY,GA,MEDASSETS,10/10/2024,2344833060,957,1.0,CS,128.21,0.0
,,R705T1,JKFF,NCH MD-HEALTHCARE SYSTEM,350 7TH ST N,NAPLES,FL,MEDASSETS,11/14/2024,2344827453,648,1.0,CS,155.04,0.0
,,R705T2,6RYB,PROMEDICA CHARLES & VIRG HICK (LUM),5640 N ADRIAN HWY,ADRIAN,MI,MEDASSETS,11/15/2024,2344837266,957,0.3,CS,37.71,0.69
,,R705T1,CVBH,ANN AND ROBERT H LURIE CHILDRENS,200 E SUPERIOR ST,CHICAGO,IL,MEDASSETS,11/14/2024,2344839368,648,1.0,CS,155.0,0.0
,,R705T1,Q611,FISHER TITUS MEDICAL CENTER,272 BENEDICT AVE,NORWALK,OH,MEDASSETS,11/04/2024,2344858042,957,1.0,CS,128.21,0.0
,,R705T2,Q542,MIAMI VALLEY HOSPITAL,1 WYOMING ST,DAYTON,OH,MEDASSETS,11/15/2024,2344854692,648,1.0,CS,152.0,0.0
,,R705T2,R152,UNIVERSITY OF ROCHESTER/STRONG (BUL,601 ELMWOOD AVE,ROCHESTER,NY,MEDASSETS,11/15/2024,2344870718,648,0.2,CS,30.4,0.0
,,R705T2,KPN9,GRADY HEALTH SYSTEM LUM CARTS,80 JESSE HILL JR DR SE,ATLANTA,GA,MEDASSETS,11/16/2024,2344886355,648,0.2,CS,30.4,0.0
,,R705T1,IT3I,CHS-ST CATHERINE OF SIENA MED CTR/A,50 ROUTE 25A,SMITHTOWN,NY,MEDASSETS,11/15/2024,2344886275,648,1.0,CS,155.04,0.0
,,R705T2,KPN9,GRADY HEALTH SYSTEM LUM CARTS,80 JESSE HILL JR DR SE,ATLANTA,GA,MEDASSETS,11/16/2024,2344886316,648,0.6,CS,91.19999999999999,0.0
,,R705T2,KPN9,GRADY HEALTH SYSTEM LUM CARTS,80 JESSE HILL JR DR SE,ATLANTA,GA,MEDASSETS,11/16/2024,2344886337,648,0.3,CS,45.599999999999994,0.0
,,R705T2,KPN9,GRADY HEALTH SYSTEM LUM CARTS,80 JESSE HILL JR DR SE,ATLANTA,GA,MEDASSETS,11/15/2024,2344884152,648,0.6,CS,91.19999999999999,0.0
,,R705T1,V556,STILLWATER MEDICAL CENTER,1323 W 6TH AVE,STILLWATER,OK,MEDASSETS,11/13/2024,2344875771,649,1.0,CS,155.09,0.0
,,R705T1,HDIH,THE UNIVERSITY OF TEXAS SW MEDICAL,6201 HARRY HINES BLVD,DALLAS,TX,MEDASSETS,11/18/2024,2345016809,956,1.0,CS,158.0,0.0
,,R705T1,S186,KENT - LUM ON UBOAT (LUM),455 TOLL GATE RD,WARWICK,RI,MEDASSETS,11/18/2024,2344984621,648,0.5,CS,77.5,0.0
,,R705T1,5R0F,MRN ROCKVILLE,3202 TOWER OAKS BLVD STE 120,ROCKVILLE,MD,MEDASSETS,10/22/2024,2345035210,656,3.0,CS,419.66999999999996,0.0
,,R705T1,5R0F,MRN ROCKVILLE,3202 TOWER OAKS BLVD STE 120,ROCKVILLE,MD,MEDASSETS,11/04/2024,2345035211,656,2.0,CS,279.78,0.0
,,R705T2,R152,UNIVERSITY OF ROCHESTER/STRONG (BUL,601 ELMWOOD AVE,ROCHESTER,NY,MEDASSETS,11/17/2024,2345059699,648,0.6,CS,91.19999999999999,0.0
,,R705T1,HDIH,THE UNIVERSITY OF TEXAS SW MEDICAL,6201 HARRY HINES BLVD,DALLAS,TX,MEDASSETS,11/19/2024,2345114823,648,2.0,CS,310.08,0.0
,,R705T1,JKFF,NCH MD-HEALTHCARE SYSTEM,350 7TH ST N,NAPLES,FL,MEDASSETS,11/18/2024,2345106215,648,1.0,CS,155.04,0.0
,,R705T1,P035,FORREST COUNTY GENERAL HOSPITAL,6051 U S HIGHWAY 49,HATTIESBURG,MS,MEDASSETS,11/18/2024,2345107870,956,1.0,CS,158.0,0.0
,,R705T2,ECFX,UNIVERSITY OF ROCHESTER/STRONG (LUM,601 ELMWOOD AVE,ROCHESTER,NY,MEDASSETS,11/18/2024,2345115499,646,0.4,CS,49.56,0.0
,,R705T2,ECFX,UNIVERSITY OF ROCHESTER/STRONG (LUM,601 ELMWOOD AVE,ROCHESTER,NY,MEDASSETS,11/19/2024,2345122696,648,0.6,CS,91.19999999999999,0.0
,,R705T1,BAIR,WESTCHESTER MEDICAL CENTER - LUM CA,100 WOODS RD,VALHALLA,NY,MEDASSETS,11/19/2024,2345147206,974,0.1,CS,22.0,0.0
,,R705T1,JZ5Z,CHS-GOOD SAMARITAN HOSPITAL / A90,1000 MONTAUK HWY,WEST ISLIP,NY,MEDASSETS,11/16/2024,2345177106,648,2.0,CS,310.08,0.0
,,R705T1,BAIR,WESTCHESTER MEDICAL CENTER - LUM CA,100 WOODS RD,VALHALLA,NY,MEDASSETS,11/19/2024,2345147206,946,0.5,CS,80.25,0.0
,,R705T1,BAIR,WESTCHESTER MEDICAL CENTER - LUM CA,100 WOODS RD,VALHALLA,NY,MEDASSETS,11/19/2024,2345147218,974,0.2,CS,44.0,0.0
,,R705T1,BAIR,WESTCHESTER MEDICAL CENTER - LUM CA,100 WOODS RD,VALHALLA,NY,MEDASSETS,11/19/2024,2345147225,974,0.1,CS,22.0,0.0
,,R705T1,5LRQ,AKRON CHILDRENS HOSPITAL,1 PERKINS SQ,AKRON,OH,MEDASSETS,11/18/2024,2345199630,646,2.0,CS,252.76,0.0
,,R705T1,M25V,NYPMG HV NERUOLOGY,1978 CROMPOND RD STE 101,CORTLANDT MANOR,NY,MEDASSETS,11/13/2024,2345172550,974,1.0,CS,220.01,0.0
,,R705T2,LCAC,UNIV CINCINNATI-WESTCHESTER (LUM),7700 UNIVERSITY DR,WEST CHESTER,OH,MEDASSETS,11/18/2024,2345202579,974,0.5,CS,107.85,0.0
,,R705T2,LCAC,UNIV CINCINNATI-WESTCHESTER,7700 UNIVERSITY DR,WEST CHESTER,OH,MEDASSETS,11/18/2024,2345233753,656,1.0,CS,137.15,1.85
,,R705T2,6RYB,PROMEDICA CHARLES & VIRG HICK (LUM),5640 N ADRIAN HWY,ADRIAN,MI,MEDASSETS,11/18/2024,2345253573,957,0.2,CS,25.14,0.46
,,R705T1,ECHZ,WILSON MEMORIAL HOSPITAL (LUM),33-57 HARRISON ST,JOHNSON CITY,NY,MEDASSETS,11/18/2024,2345260335,648,0.4,CS,62.04,0.0
,,R705T1,BAIR,WESTCHESTER MEDICAL CENTER - LUM CA,100 WOODS RD,VALHALLA,NY,MEDASSETS,11/19/2024,2345330937,946,0.5,CS,80.25,0.0
,,R705T1,BAIR,WESTCHESTER MEDICAL CENTER - LUM CA,100 WOODS RD,VALHALLA,NY,MEDASSETS,11/19/2024,2345330950,974,0.2,CS,44.0,0.0
,,R705T2,KPN9,GRADY HEALTH SYSTEM LUM CARTS,80 JESSE HILL JR DR SE,ATLANTA,GA,MEDASSETS,11/18/2024,2345274320,648,1.0,CS,152.0,0.0
,,R705T1,BAIR,WESTCHESTER MEDICAL CENTER - LUM CA,100 WOODS RD,VALHALLA,NY,MEDASSETS,11/20/2024,2345330978,946,0.3,CS,48.150000000000006,0.0
,,R705T2,KPN9,GRADY HEALTH SYSTEM LUM CARTS,80 JESSE HILL JR DR SE,ATLANTA,GA,MEDASSETS,11/19/2024,2345274354,648,1.0,CS,152.0,0.0
,,R705T1,KKPW,COREWELL HEALTH BEAUMONT TROY HOSPI,44201 DEQUINDRE RD,TROY,MI,MEDASSETS,10/29/2024,2345352508,974,1.0,CS,220.01,0.0
,,R705T1,KN7M,ST LUKES CHESTERFIELD,232 S WOODS MILL RD,CHESTERFIELD,MO,MEDASSETS,11/20/2024,2345359780,956,1.0,CS,158.0,0.0
,,R705T1,JBCP,TAMPA GENERAL HOSPITAL-SPD,1 TAMPA GENERAL CIR,TAMPA,FL,MEDASSETS,11/20/2024,2345362397,656,1.0,CS,139.9,0.0
,,R705T2,93NV,CORRELL PAVILION (LUM),80 GILMER ST SE,ATLANTA,GA,MEDASSETS,11/19/2024,2345364778,648,0.4,CS,60.8,0.0
,,R705T1,W5ZF,VANDERBILT IMAGING (BULK),2000 RICHARD JONES RD STE 270,NASHVILLE,TN,MEDASSETS,11/07/2024,2345408272,656,1.0,CS,139.89,0.0
,,R705T2,ECFX,UNIVERSITY OF ROCHESTER/STRONG (LUM,601 ELMWOOD AVE,ROCHESTER,NY,MEDASSETS,11/20/2024,2345398854,648,0.3,CS,45.599999999999994,0.0
,,R705T2,ECFX,UNIVERSITY OF ROCHESTER/STRONG (LUM,601 ELMWOOD AVE,ROCHESTER,NY,MEDASSETS,11/19/2024,2345395407,646,0.2,CS,24.78,0.0
,,R705T1,Q7QB,WMC - LUM ON PALLETS,100 WOODS RD,VALHALLA,NY,MEDASSETS,11/19/2024,2345412750,974,2.0,CS,440.02,0.0
,,R705T1,X917,COREWELL HEALTH FARMINGTON HILLS HO,28050 GRAND RIVER AVE,FARMINGTON HILLS,MI,MEDASSETS,11/13/2024,2345431969,656,1.0,CS,139.89,0.0
,,R705T2,Q542,MIAMI VALLEY HOSPITAL,1 WYOMING ST,DAYTON,OH,MEDASSETS,11/20/2024,2345444816,648,1.0,CS,152.0,0.0
,,R705T1,X917,COREWELL HEALTH FARMINGTON HILLS HO,28050 GRAND RIVER AVE,FARMINGTON HILLS,MI,MEDASSETS,11/18/2024,2345431970,656,1.0,CS,139.89,0.0
,,R705T2,KPN9,GRADY HEALTH SYSTEM LUM CARTS,80 JESSE HILL JR DR SE,ATLANTA,GA,MEDASSETS,11/19/2024,2345433111,648,0.1,CS,15.2,0.0
,,R705T2,KPN9,GRADY HEALTH SYSTEM LUM CARTS,80 JESSE HILL JR DR SE,ATLANTA,GA,MEDASSETS,11/18/2024,2345429549,648,0.4,CS,60.8,0.0
,,R705T2,KPN9,GRADY HEALTH SYSTEM LUM CARTS,80 JESSE HILL JR DR SE,ATLANTA,GA,MEDASSETS,11/18/2024,2345429591,648,0.2,CS,30.4,0.0
,,R705T2,R152,UNIVERSITY OF ROCHESTER/STRONG (BUL,601 ELMWOOD AVE,ROCHESTER,NY,MEDASSETS,11/20/2024,2345453847,648,1.0,CS,152.0,0.0
,,R705T2,R152,UNIVERSITY OF ROCHESTER/STRONG (BUL,601 ELMWOOD AVE,ROCHESTER,NY,MEDASSETS,11/19/2024,2345451290,656,1.0,CS,137.15,1.85
,,R705T2,R152,UNIVERSITY OF ROCHESTER/STRONG (BUL,601 ELMWOOD AVE,ROCHESTER,NY,MEDASSETS,11/20/2024,2345453845,648,0.8,CS,121.6,0.0
,,R705T1,Q911,BRYN MAWR HOSPITAL,130 S BRYN MAWR AVE,BRYN MAWR,PA,MEDASSETS,11/14/2024,2345468684,656,1.0,CS,139.89,0.0
,,R705T1,Q911,BRYN MAWR HOSPITAL,130 S BRYN MAWR AVE,BRYN MAWR,PA,MEDASSETS,11/06/2024,2345468685,656,2.0,CS,279.78,0.0
,,R705T2,LCAC,UNIV CINCINNATI-WESTCHESTER,7700 UNIVERSITY DR,WEST CHESTER,OH,MEDASSETS,11/18/2024,2345517450,974,1.0,CS,215.7,0.0
,,R705T1,Q611,FISHER TITUS MEDICAL CENTER,272 BENEDICT AVE,NORWALK,OH,MEDASSETS,11/20/2024,2345516509,957,1.0,CS,128.21,0.0
,,R705T2,DT9K,UNIVERSITY OF CINCINNATI - UCMC,331 ALBERT SABIN WAY,CINCINNATI,OH,MEDASSETS,11/20/2024,2345517412,974,1.0,CS,215.7,0.0
,,R705T2,SUBS,UNIV CINCINNATI-BCW,3200 BURNET AVE,CINCINNATI,OH,MEDASSETS,11/12/2024,2345528788,974,3.0,CS,647.0999999999999,0.0
,,R705T1,6D93,UMUC AT ABERDEEN,660 MCHENRY RD,ABERDEEN,MD,MEDASSETS,11/21/2024,2345551641,656,1.0,CS,139.89,0.0
,,R705T1,BAIR,WESTCHESTER MEDICAL CENTER - LUM CA,100 WOODS RD,VALHALLA,NY,MEDASSETS,11/20/2024,2345531165,946,0.3,CS,48.150000000000006,0.0
,,R705T1,BAIR,WESTCHESTER MEDICAL CENTER - LUM CA,100 WOODS RD,VALHALLA,NY,MEDASSETS,11/21/2024,2345541341,946,0.3,CS,48.150000000000006,0.0
,,R705T1,HDIH,THE UNIVERSITY OF TEXAS SW MEDICAL,6201 HARRY HINES BLVD,DALLAS,TX,MEDASSETS,11/21/2024,2345557543,956,1.0,CS,158.0,0.0
,,R705T2,RBBA,PROMEDICA TOLEDO HOSPITAL (LUM),2142 N COVE BLVD,TOLEDO,OH,MEDASSETS,11/20/2024,2345562846,957,0.3,CS,37.71,0.69
,,R705T1,BAIR,WESTCHESTER MEDICAL CENTER - LUM CA,100 WOODS RD,VALHALLA,NY,MEDASSETS,11/20/2024,2345531144,974,0.2,CS,44.0,0.0
,,R705T2,RBBA,PROMEDICA TOLEDO HOSPITAL (LUM),2142 N COVE BLVD,TOLEDO,OH,MEDASSETS,11/20/2024,2345564344,946,0.2,CS,31.48,0.0
,,R705T2,RBBA,PROMEDICA TOLEDO HOSPITAL (LUM),2142 N COVE BLVD,TOLEDO,OH,MEDASSETS,11/20/2024,2345565598,946,0.3,CS,47.22,0.0
,,R705T1,HFNW,CHILDRENS NATIONAL HOSPITAL(BULK),111 MICHIGAN AVE NW,WASHINGTON,DC,MEDASSETS,11/20/2024,2345567176,646,1.0,CS,126.38,0.0
,,R705T1,BAIR,WESTCHESTER MEDICAL CENTER - LUM CA,100 WOODS RD,VALHALLA,NY,MEDASSETS,11/21/2024,2345541320,974,0.2,CS,44.0,0.0
,,R705T2,6RYB,PROMEDICA CHARLES & VIRG HICK (LUM),5640 N ADRIAN HWY,ADRIAN,MI,MEDASSETS,11/20/2024,2345571193,957,0.4,CS,50.28,0.92
,,R705T2,R158,HIGHLAND HOSPITAL-ROCHESTER (LUM),1000 SOUTH AVE,ROCHESTER,NY,MEDASSETS,11/21/2024,2345614351,648,0.2,CS,30.4,0.0
,,R705T2,R158,HIGHLAND HOSPITAL-ROCHESTER (LUM),1000 SOUTH AVE,ROCHESTER,NY,MEDASSETS,11/20/2024,2345611559,645,0.2,CS,28.42,0.0
,,R705T2,KPN9,GRADY HEALTH SYSTEM LUM CARTS,80 JESSE HILL JR DR SE,ATLANTA,GA,MEDASSETS,11/19/2024,2345633029,648,0.2,CS,30.4,0.0
,,R705T2,ECFX,UNIVERSITY OF ROCHESTER/STRONG (LUM,601 ELMWOOD AVE,ROCHESTER,NY,MEDASSETS,11/20/2024,2345620051,648,0.5,CS,76.0,0.0
,,R705T1,HFNS,INOVA FAIRFAX HOSPITAL,3300 GALLOWS RD,FALLS CHURCH,VA,MEDASSETS,10/25/2024,2345640557,656,3.0,CS,419.66999999999996,0.0
,,R705T1,X917,COREWELL HEALTH FARMINGTON HILLS HO,28050 GRAND RIVER AVE,FARMINGTON HILLS,MI,MEDASSETS,11/07/2024,2345649842,656,1.0,CS,139.89,0.0
,,R705T1,BAIR,WESTCHESTER MEDICAL CENTER - LUM CA,100 WOODS RD,VALHALLA,NY,MEDASSETS,11/21/2024,2345641144,946,0.3,CS,48.150000000000006,0.0
,,R705T1,MKSO,BELLIN MEMORIAL HOSPITAL INC,905 CASS ST,GREEN BAY,WI,MEDASSETS,11/20/2024,2345648943,648,1.0,CS,155.04,0.0
,,R705T1,HFNW,CHILDRENS NATIONAL HOSPITAL(LUM),111 MICHIGAN AVE NW,WASHINGTON,DC,MEDASSETS,11/21/2024,2345718109,646,4.0,CS,505.6,0.0
,,R705T2,ECFX,UNIVERSITY OF ROCHESTER/STRONG (LUM,601 ELMWOOD AVE,ROCHESTER,NY,MEDASSETS,11/21/2024,2345687490,648,0.3,CS,45.599999999999994,0.0
,,R705T1,DJRD,JENNIE M MELHAM MEMORIAL MEDICAL,145 MEMORIAL DR,BROKEN BOW,NE,MEDASSETS,11/22/2024,2345752510,648,0.1,CS,15.5,0.0
,,R705T1,ECHZ,WILSON MEMORIAL HOSPITAL (LUM),33-57 HARRISON ST,JOHNSON CITY,NY,MEDASSETS,11/21/2024,2345721003,648,0.2,CS,31.02,0.0
,,R705T1,U5DE,ST PETERS HOSPITAL,2475 E BROADWAY ST,HELENA,MT,MEDASSETS,10/28/2024,2345748798,974,2.0,CS,440.02,0.0
,,R705T1,HDIH,THE UNIVERSITY OF TEXAS SW MEDICAL,6201 HARRY HINES BLVD,DALLAS,TX,MEDASSETS,11/22/2024,2345755469,648,1.0,CS,155.04,0.0
,,R705T1,JY7Z,LEGACY SALMON CREEK HOSPITAL,2211 NE 139TH ST,VANCOUVER,WA,MEDASSETS,11/21/2024,2345745378,646,1.0,CS,126.38,0.0
,,R705T2,RBBA,PROMEDICA TOLEDO HOSPITAL (LUM),2142 N COVE BLVD,TOLEDO,OH,MEDASSETS,11/21/2024,2345774191,946,0.2,CS,31.48,0.0
,,R705T2,RBBA,PROMEDICA TOLEDO HOSPITAL (LUM),2142 N COVE BLVD,TOLEDO,OH,MEDASSETS,11/21/2024,2345774199,946,0.4,CS,62.96,0.0
,,R705T2,6RYB,PROMEDICA CHARLES & VIRG HICK (LUM),5640 N ADRIAN HWY,ADRIAN,MI,MEDASSETS,11/21/2024,2345785220,957,0.2,CS,25.14,0.46
,,R705T2,KPN9,GRADY HEALTH SYSTEM LUM CARTS,80 JESSE HILL JR DR SE,ATLANTA,GA,MEDASSETS,11/20/2024,2345826624,648,0.2,CS,30.4,0.0
,,R705T2,KPN9,GRADY HEALTH SYSTEM LUM CARTS,80 JESSE HILL JR DR SE,ATLANTA,GA,MEDASSETS,11/21/2024,2345827912,648,0.1,CS,15.2,0.0
,,R705T1,Z7CE,SUMMIT INTERVEN RADIO FLORHAM PARK,150 PARK AVE FLR 1,FLORHAM PARK,NJ,MEDASSETS,11/21/2024,2345835289,648,2.0,CS,310.08,0.0
,,R705T1,HFNW,CHILDRENS NATIONAL HOSPITAL(LUM),111 MICHIGAN AVE NW,WASHINGTON,DC,MEDASSETS,11/22/2024,2345859393,646,4.0,CS,505.6,0.0
,,R705T1,KAIR,CHS-ST JOSEPHS HOSPITAL,4295 HEMPSTEAD TPKE,BETHPAGE,NY,MEDASSETS,11/22/2024,2345861766,648,1.0,CS,155.04,0.0
,,R705T1,ECHZ,WILSON MEMORIAL HOSPITAL (LUM),33-57 HARRISON ST,JOHNSON CITY,NY,MEDASSETS,11/22/2024,2345870151,648,0.5,CS,77.5,0.0
,,R705T1,JZ5Y,CHS-ST FRANCIS HOSPITAL,100 PORT WASHINGTON BLVD,ROSLYN,NY,MEDASSETS,11/22/2024,2345878600,648,1.0,CS,155.04,0.0
,,R705T1,JZ5Y,CHS-ST FRANCIS HOSPITAL,100 PORT WASHINGTON BLVD,ROSLYN,NY,MEDASSETS,11/22/2024,2345878620,648,1.0,CS,155.04,0.0
,,R705T2,ECFX,UNIVERSITY OF ROCHESTER/STRONG (LUM,601 ELMWOOD AVE,ROCHESTER,NY,MEDASSETS,11/22/2024,2345883299,646,0.6,CS,74.34,0.0
,,R705T1,BAIR,WESTCHESTER MEDICAL CENTER - LUM CA,100 WOODS RD,VALHALLA,NY,MEDASSETS,11/22/2024,2345896664,946,0.4,CS,64.2,0.0
,,R705T2,RBBA,PROMEDICA TOLEDO HOSPITAL (LUM),2142 N COVE BLVD,TOLEDO,OH,MEDASSETS,11/22/2024,2345902379,957,0.3,CS,37.71,0.69
,,R705T1,BAIR,WESTCHESTER MEDICAL CENTER - LUM CA,100 WOODS RD,VALHALLA,NY,MEDASSETS,11/22/2024,2345899840,946,0.2,CS,32.1,0.0
,,R705T2,6RYB,PROMEDICA CHARLES & VIRG HICK (LUM),5640 N ADRIAN HWY,ADRIAN,MI,MEDASSETS,11/22/2024,2345900162,957,0.3,CS,37.71,0.69
,,R705T1,HFNW,CHILDRENS NATIONAL HOSPITAL(LUM),111 MICHIGAN AVE NW,WASHINGTON,DC,MEDASSETS,11/23/2024,2345919693,646,0.8,CS,101.12,0.0
,,R705T1,BAIR,WESTCHESTER MEDICAL CENTER - LUM CA,100 WOODS RD,VALHALLA,NY,MEDASSETS,11/24/2024,2345914099,974,0.1,CS,22.0,0.0
,,R705T1,BAIR,WESTCHESTER MEDICAL CENTER - LUM CA,100 WOODS RD,VALHALLA,NY,MEDASSETS,11/24/2024,2345920580,946,0.2,CS,32.1,0.0
,,R705T1,RQL9,EMANUEL HOSPITAL,2801 N GANTENBEIN AVE,PORTLAND,OR,MEDASSETS,11/23/2024,2345913433,648,2.0,CS,310.08,0.0
,,R705T2,KPN9,GRADY HEALTH SYSTEM LUM CARTS,80 JESSE HILL JR DR SE,ATLANTA,GA,MEDASSETS,11/24/2024,2345929150,648,0.1,CS,15.2,0.0
,,R705T1,5R0F,MRN ROCKVILLE,3202 TOWER OAKS BLVD STE 120,ROCKVILLE,MD,MEDASSETS,11/25/2024,2346011359,656,4.0,CS,559.56,0.0
,,R705T2,ECFX,UNIVERSITY OF ROCHESTER/STRONG (LUM,601 ELMWOOD AVE,ROCHESTER,NY,MEDASSETS,11/25/2024,2345984966,648,0.4,CS,60.8,0.0
,,R705T2,R152,UNIVERSITY OF ROCHESTER/STRONG (BUL,601 ELMWOOD AVE,ROCHESTER,NY,MEDASSETS,11/24/2024,2346038165,648,0.4,CS,60.8,0.0
,,R705T2,SUBS,UNIV CINCINNATI-BCW,3200 BURNET AVE,CINCINNATI,OH,MEDASSETS,11/20/2024,2346036310,656,2.0,CS,274.3,3.7
,,R705T1,JZ5Y,CHS-ST FRANCIS HOSPITAL,100 PORT WASHINGTON BLVD,ROSLYN,NY,MEDASSETS,11/25/2024,2346019916,648,1.0,CS,155.04,0.0
,,R705T2,R158,HIGHLAND HOSPITAL-ROCHESTER (LUM),1000 SOUTH AVE,ROCHESTER,NY,MEDASSETS,11/23/2024,2346059760,645,0.2,CS,28.42,0.0
,,R705T1,BAIR,WESTCHESTER MEDICAL CENTER - LUM CA,100 WOODS RD,VALHALLA,NY,MEDASSETS,11/25/2024,2346069641,946,0.2,CS,32.1,0.0
,,R705T1,BAIR,WESTCHESTER MEDICAL CENTER - LUM CA,100 WOODS RD,VALHALLA,NY,MEDASSETS,11/25/2024,2346069652,974,0.1,CS,22.0,0.0
,,R705T2,RBBA,PROMEDICA TOLEDO HOSPITAL (LUM),2142 N COVE BLVD,TOLEDO,OH,MEDASSETS,11/25/2024,2346126526,946,0.7,CS,110.18,0.0
,,R705T1,ECHZ,WILSON MEMORIAL HOSPITAL (LUM),33-57 HARRISON ST,JOHNSON CITY,NY,MEDASSETS,11/25/2024,2346124578,646,0.2,CS,25.28,0.0
,,R705T1,BAIR,WESTCHESTER MEDICAL CENTER - LUM CA,100 WOODS RD,VALHALLA,NY,MEDASSETS,11/25/2024,2346069658,974,0.2,CS,44.0,0.0
,,R705T2,DT9K,UNIVERSITY OF CINCINNATI - UCMC,331 ALBERT SABIN WAY,CINCINNATI,OH,MEDASSETS,11/25/2024,2346183400,974,1.0,CS,215.7,0.0
,,R705T1,HDIH,THE UNIVERSITY OF TEXAS SW MEDICAL,6201 HARRY HINES BLVD,DALLAS,TX,MEDASSETS,11/26/2024,2346181338,648,2.0,CS,310.08,0.0
,,R705T1,CVBH,ANN AND ROBERT H LURIE CHILDRENS,200 E SUPERIOR ST,CHICAGO,IL,MEDASSETS,11/25/2024,2346185524,648,0.9,CS,139.5,0.0
,,R705T1,YK9P,DELTA BAY SURGERY CENTER,1208 E 5TH ST,BENICIA,CA,MEDASSETS,11/26/2024,2346182875,974,0.2,CS,44.0,0.0
,,R705T2,XMYH,FF THOMPSON HEALTH SYSTEM INC (BULK,350 PARRISH ST,CANANDAIGUA,NY,MEDASSETS,11/25/2024,2346202930,648,1.0,CS,152.0,0.0
,,R705T1,BAIR,WESTCHESTER MEDICAL CENTER - LUM CA,100 WOODS RD,VALHALLA,NY,MEDASSETS,11/26/2024,2346215870,946,0.1,CS,16.05,0.0
,,R705T2,RBBA,PROMEDICA TOLEDO HOSPITAL,2142 N COVE BLVD,TOLEDO,OH,MEDASSETS,11/25/2024,2346253965,956,1.0,CS,154.9,0.6
,,R705T2,Q542,MIAMI VALLEY HOSPITAL,1 WYOMING ST,DAYTON,OH,MEDASSETS,11/20/2024,2346246479,656,2.0,CS,274.3,3.7
,,R705T2,ECFX,UNIVERSITY OF ROCHESTER/STRONG (LUM,601 ELMWOOD AVE,ROCHESTER,NY,MEDASSETS,11/25/2024,2346242694,645,0.2,CS,28.42,0.0
,,R705T2,LCAC,UNIV CINCINNATI-WESTCHESTER (LUM),7700 UNIVERSITY DR,WEST CHESTER,OH,MEDASSETS,11/25/2024,2346261998,974,0.2,CS,43.14,0.0
,,R705T2,SUBS,UNIV CINCINNATI-BCW,3200 BURNET AVE,CINCINNATI,OH,MEDASSETS,11/25/2024,2346260965,974,5.0,CS,1078.5,0.0
,,R705T2,R152,UNIVERSITY OF ROCHESTER/STRONG (BUL,601 ELMWOOD AVE,ROCHESTER,NY,MEDASSETS,11/26/2024,2346259478,648,1.0,CS,152.0,0.0
,,R705T1,R998,SILVER CROSS HOSPITAL,1900 SILVER CROSS BLVD,NEW LENOX,IL,MEDASSETS,11/26/2024,2346325511,648,1.0,CS,155.04,0.0
,,R705T2,ECFX,UNIVERSITY OF ROCHESTER/STRONG (LUM,601 ELMWOOD AVE,ROCHESTER,NY,MEDASSETS,11/26/2024,2346331560,646,0.2,CS,24.78,0.0
,,R705T1,HDIH,THE UNIVERSITY OF TEXAS SW MEDICAL,6201 HARRY HINES BLVD,DALLAS,TX,MEDASSETS,11/27/2024,2346354711,648,1.0,CS,155.04,0.0
,,R705T2,ECFX,UNIVERSITY OF ROCHESTER/STRONG (LUM,601 ELMWOOD AVE,ROCHESTER,NY,MEDASSETS,11/26/2024,2346308098,648,0.4,CS,60.8,0.0
,,R705T1,HDIH,THE UNIVERSITY OF TEXAS SW MEDICAL,6201 HARRY HINES BLVD,DALLAS,TX,MEDASSETS,11/27/2024,2346354711,956,1.0,CS,158.0,0.0
,,R705T1,2TGC,MERCY EMERGENCY DEPT - MARION,999 35TH ST STE 100,MARION,IA,MEDASSETS,11/26/2024,2346396190,646,0.1,CS,12.64,0.0
,,R705T1,YAZK,THEDACARE REG MED CTR-APPLETON(LUM),1818 N MEADE ST,APPLETON,WI,MEDASSETS,11/26/2024,2346372517,956,1.0,CS,158.0,0.0
,,R705T1,JBCP,TAMPA GENERAL HOSPITAL-SPD,1 TAMPA GENERAL CIR,TAMPA,FL,MEDASSETS,11/27/2024,2346373782,656,0.6,CS,83.94,0.0
,,R705T2,Q542,MIAMI VALLEY HOSPITAL,1 WYOMING ST,DAYTON,OH,MEDASSETS,11/26/2024,2346413739,946,1.0,CS,157.35,0.0
,,R705T1,JKFF,NCH MD-HEALTHCARE SYSTEM,350 7TH ST N,NAPLES,FL,MEDASSETS,11/27/2024,2346419729,648,2.0,CS,310.08,0.0
,,R705T2,6RYB,PROMEDICA CHARLES & VIRG HICK (LUM),5640 N ADRIAN HWY,ADRIAN,MI,MEDASSETS,11/26/2024,2346411667,957,0.2,CS,25.14,0.46
,,R705T2,DT9K,UNIVERSITY OF CINCINNATI - UCMC,331 ALBERT SABIN WAY,CINCINNATI,OH,MEDASSETS,11/26/2024,2346431388,974,2.0,CS,431.4,0.0
,,R705T1,RQL9,EMANUEL HOSPITAL,2801 N GANTENBEIN AVE,PORTLAND,OR,MEDASSETS,11/27/2024,2346450542,646,2.0,CS,252.76,0.0
,,R705T1,Q911,BRYN MAWR HOSPITAL,130 S BRYN MAWR AVE,BRYN MAWR,PA,MEDASSETS,11/27/2024,2346453889,656,1.0,CS,139.89,0.0
,,R705T2,R152,UNIVERSITY OF ROCHESTER/STRONG (BUL,601 ELMWOOD AVE,ROCHESTER,NY,MEDASSETS,11/26/2024,2346449049,656,1.0,CS,137.15,1.85
,,R705T1,BAIR,WESTCHESTER MEDICAL CENTER - LUM CA,100 WOODS RD,VALHALLA,NY,MEDASSETS,11/26/2024,2346465779,946,1.0,CS,160.5,0.0
,,R705T1,JZ5Y,CHS-ST FRANCIS HOSPITAL,100 PORT WASHINGTON BLVD,ROSLYN,NY,MEDASSETS,11/22/2024,2346487313,648,-1.0,CS,-155.04,0.0
,,R705T1,HFNW,CHILDRENS NATIONAL HOSPITAL(LUM),111 MICHIGAN AVE NW,WASHINGTON,DC,MEDASSETS,11/26/2024,2346465197,646,0.5,CS,63.2,0.0
,,R705T1,JZ5Z,CHS-GOOD SAMARITAN HOSPITAL / A90,1000 MONTAUK HWY,WEST ISLIP,NY,MEDASSETS,11/27/2024,2346494611,648,1.0,CS,155.04,0.0
,,R705T1,HFNW,CHILDRENS NATIONAL HOSPITAL(LUM),111 MICHIGAN AVE NW,WASHINGTON,DC,MEDASSETS,11/26/2024,2346466242,645,0.8,CS,115.92,0.0
,,R705T1,BAIR,WESTCHESTER MEDICAL CENTER - LUM CA,100 WOODS RD,VALHALLA,NY,MEDASSETS,11/26/2024,2346465779,974,1.0,CS,220.0,0.0
,,R705T2,6RYB,PROMEDICA CHARLES & VIRG HICK (LUM),5640 N ADRIAN HWY,ADRIAN,MI,MEDASSETS,11/27/2024,2346506183,957,0.8,CS,100.56,1.84
,,R705T1,BAIR,WESTCHESTER MEDICAL CENTER - LUM CA,100 WOODS RD,VALHALLA,NY,MEDASSETS,11/27/2024,2346522269,974,0.1,CS,22.0,0.0
,,R705T1,BAIR,WESTCHESTER MEDICAL CENTER - LUM CA,100 WOODS RD,VALHALLA,NY,MEDASSETS,11/27/2024,2346520436,974,0.2,CS,44.0,0.0
,,R705T1,VXE3,JOHNS HOPKINS ALL CHILDRENS HOSPITA,501 6TH AVE S,SAINT PETERSBURG,FL,MEDASSETS,11/27/2024,2346512972,645,2.0,CS,289.88,0.0
,,R705T1,BAIR,WESTCHESTER MEDICAL CENTER - LUM CA,100 WOODS RD,VALHALLA,NY,MEDASSETS,11/27/2024,2346522291,974,0.1,CS,22.0,0.0
,,R705T2,KPN9,GRADY HEALTH SYSTEM LUM CARTS,80 JESSE HILL JR DR SE,ATLANTA,GA,MEDASSETS,11/26/2024,2346532781,646,0.1,CS,12.39,0.0
,,R705T2,KPN9,GRADY HEALTH SYSTEM LUM CARTS,80 JESSE HILL JR DR SE,ATLANTA,GA,MEDASSETS,11/26/2024,2346532769,648,0.4,CS,60.8,0.0
,,R705T1,UOL7,ARNOT-OGDEN MEDICAL CENTER,600 ROE AVE,ELMIRA,NY,MEDASSETS,11/27/2024,2346550678,645,0.2,CS,29.0,0.0
,,R705T1,UOL7,ARNOT-OGDEN MEDICAL CENTER,600 ROE AVE,ELMIRA,NY,MEDASSETS,11/27/2024,2346550678,648,0.5,CS,77.5,0.0
,,R705T2,ECFX,UNIVERSITY OF ROCHESTER/STRONG (LUM,601 ELMWOOD AVE,ROCHESTER,NY,MEDASSETS,11/27/2024,2346540825,646,0.1,CS,12.39,0.0
,,R705T1,BAIR,WESTCHESTER MEDICAL CENTER - LUM CA,100 WOODS RD,VALHALLA,NY,MEDASSETS,11/29/2024,2346581211,974,0.2,CS,44.0,0.0
,,R705T1,BAIR,WESTCHESTER MEDICAL CENTER - LUM CA,100 WOODS RD,VALHALLA,NY,MEDASSETS,11/29/2024,2346585187,974,0.1,CS,22.0,0.0
,,R705T1,HFNW,CHILDRENS NATIONAL HOSPITAL(LUM),111 MICHIGAN AVE NW,WASHINGTON,DC,MEDASSETS,11/29/2024,2346564246,646,4.0,CS,505.6,0.0
,,R705T1,BAIR,WESTCHESTER MEDICAL CENTER - LUM CA,100 WOODS RD,VALHALLA,NY,MEDASSETS,11/29/2024,2346586199,946,0.5,CS,80.25,0.0
,,R705T2,KPN9,GRADY HEALTH SYSTEM LUM CARTS,80 JESSE HILL JR DR SE,ATLANTA,GA,MEDASSETS,11/26/2024,2346588836,648,0.2,CS,30.4,0.0
,,R705T1,BAIR,WESTCHESTER MEDICAL CENTER - LUM CA,100 WOODS RD,VALHALLA,NY,MEDASSETS,11/29/2024,2346585129,974,1.0,CS,220.0,0.0
,,R705T2,Y13O,ALTOONA MRI LP,2950 FAIRWAY DRIVE ,ALTOONA,PA,MEDASSETS,10/25/2024,71991960,957,2.0,CS,251.4,2.6
,,R705T2,Y13O,ALTOONA MRI LP,2950 FAIRWAY DRIVE ,ALTOONA,PA,MEDASSETS,10/25/2024,71994634,957,4.0,CS,502.8,5.2
,,R705T2,W1VK,DERRY MEDICAL  CENTER PA,PO BOX 347 ,DERRY,NH,MEDASSETS,10/25/2024,71984403,957B,2.0,CS,213.4,2.6
,,R705T2,X161,CONCORD ORTHOPAEDICS,264 PLEASANT ST ,CONCORD,NH,MEDASSETS,10/30/2024,72150067,957,2.0,CS,251.4,2.6
,,R705T2,W1VK,DERRY MEDICAL  CENTER PA,PO BOX 347 ,DERRY,NH,MEDASSETS,10/31/2024,72168174,957B,2.0,CS,213.4,2.6
,,R705T2,X161,CONCORD ORTHOPAEDICS,264 PLEASANT ST ,CONCORD,NH,MEDASSETS,10/30/2024,72147172,957,6.0,CS,754.2,7.8
,,R705T2,D7I1,NORTH JEFFERSON IMAGING LLC,502 MONTGOMERY HWY STE 101 ,VESTAVIA HILLS,AL,MEDASSETS,10/29/2024,72101262,957,1.0,CS,125.7,1.3
,,R705T2,UYF4,CEDAR VALLEY MED SPECIALIST PC,PO BOX 2758 ,WATERLOO,IA,MEDASSETS,10/25/2024,71985622,957,2.0,CS,251.4,2.6
,,R705T2,UVAN,NEWPORT DIAGNOSTIC CENTER,1605 AVOCADO AVE ,NEWPORT BEACH,CA,MEDASSETS,10/29/2024,72109513,957,-1.0,CS,-125.7,-1.3
,,R705T2,DLNV,PINON PERINATAL,3741 RUTLEDGE N.E. ,ALBUQUERQUE,NM,MEDASSETS,11/05/2024,72305172,650,1.0,CS,132.75,1.25
,,R705T2,Q68G,VALLEY PERINATAL SERVICES,1910 W FRYE RD ACCOUNTING DEPT,CHANDLER,AZ,MEDASSETS,11/01/2024,72213423,650,1.0,CS,132.75,1.25
,,R705T2,4QYO,"PROSCAN IMAGING, LLC",5400 KENNEDY AVE ATTN ANNE GROGAN,CINCINNATI,OH,MEDASSETS,11/07/2024,72388253,957B,4.0,CS,426.8,5.2
,,R705T2,DGVF,OLD DOMINION UNIVERSITY,4401 POWHATAN AVE STE 11 PROCUREMENT SERVICES,NORFOLK,VA,MEDASSETS,11/01/2024,22854050,650,3.0,CS,398.25,3.75
,,R705T2,DSVE,"UNITED MEDICAL IMAGING, INC",10436 SANTA MONICA BLVD SUITE 400 ,LOS ANGELES,CA,MEDASSETS,11/12/2024,72560455,957,1.0,CS,125.7,1.3
,,R705T2,DLNV,PINON PERINATAL,3741 RUTLEDGE N.E. ,ALBUQUERQUE,NM,MEDASSETS,11/08/2024,72443332,650,1.0,CS,132.75,1.25
,,R705T2,4SI0,PEDIATRIX CLINICAL,980 JOHNSON FERRY RD NE STE 620 - ATTN: JENNIFER HUI,ATLANTA,GA,MEDASSETS,11/14/2024,72622802,650,1.0,CS,132.75,1.25
,,R705T2,W1VK,DERRY MEDICAL  CENTER PA,PO BOX 347 ,DERRY,NH,MEDASSETS,11/11/2024,72484691,957B,2.0,CS,213.4,2.6
,,R705T2,JEOQ,"THE EMORY CLINIC, INC.",PO BOX 54407 ACCOUNTS PAYABLE,ATLANTA,GA,MEDASSETS,11/19/2024,72789352,650,1.0,CS,132.75,1.25
,,R705T2,DXOV,NEW JERSEY MEDICAL & HEALTH,308 WILLOW AVE CAREPOINT,HOBOKEN,NJ,MEDASSETS,11/19/2024,72769380,650,1.0,CS,132.75,1.25
,,R705T2,UVAN,NEWPORT DIAGNOSTIC CENTER,1605 AVOCADO AVE ,NEWPORT BEACH,CA,MEDASSETS,11/18/2024,72725416,957,1.0,CS,125.7,1.3
,,R705T2,4SI0,PEDIATRIX CLINICAL,980 JOHNSON FERRY RD NE STE 620 - ATTN: JENNIFER HUI,ATLANTA,GA,MEDASSETS,11/20/2024,72816609,650,1.0,CS,132.75,1.25
,,R705T2,4SI0,PEDIATRIX CLINICAL,980 JOHNSON FERRY RD NE STE 620 - ATTN: JENNIFER HUI,ATLANTA,GA,MEDASSETS,11/15/2024,72661296,650,1.0,CS,132.75,1.25
,,R705T2,GW60,CATALYST MEDICAL GROUP,2315 8TH ST VALLEY MEDICAL CENTER DIVISION,LEWISTON,ID,MEDASSETS,11/19/2024,72769854,957,1.0,CS,125.7,1.3
,,R705T2,I9C5,UNIVERSITY OF CT HEALTH CENTER,PO BOX 4031 ACCTS PAYABLE - B00066215,FARMINGTON,CT,MEDASSETS,11/20/2024,22911547,650,1.0,CS,132.75,1.25
,,R705T2,I9C5,UNIVERSITY OF CT HEALTH CENTER,PO BOX 4031 ACCTS PAYABLE - B00066215,FARMINGTON,CT,MEDASSETS,11/20/2024,22911547,650,1.0,CS,132.75,1.25
,,R705T2,4SI0,PEDIATRIX CLINICAL,980 JOHNSON FERRY RD NE STE 620 - ATTN: JENNIFER HUI,ATLANTA,GA,MEDASSETS,11/27/2024,73022090,650,1.0,CS,132.75,1.25
,,R705T2,6NOD,SHREWSBURY DIAGNOSTIC IMAGING,1131 BROAD ST STE 110 ,SHREWSBURY,NJ,MEDASSETS,11/22/2024,72904577,650,1.0,CS,132.75,1.25
,,R705T2,V888,BON SECOURS ST FRANCIS,2095 HENRY TECKLENBURG DR,CHARLESTON,SC,MEDASSETS,12/26/2024,7183404690,656,1.0,CS,137.15,0.0
,,R705T2,V888,BON SECOURS ST FRANCIS,2095 HENRY TECKLENBURG DR,CHARLESTON,SC,MEDASSETS,12/05/2024,7182635393,656,2.0,CS,274.3,0.0
,,R705T2,ZE3F,ROPER ST FRANCIS BERKELEY HOSP,100 CALLEN BLVD,SUMMERVILLE,SC,MEDASSETS,12/18/2024,7183133190,656,1.0,CS,137.15,0.0
,,R705T2,ZSGA,MOUNT PLEASANT HOSPITAL,3500 N HIGHWAY 17,MOUNT PLEASANT,SC,MEDASSETS,12/12/2024,7182937784,956,2.0,CS,309.8,0.0
,,R705T2,V889,ROPER HOSPITAL,316 CALHOUN ST,CHARLESTON,SC,MEDASSETS,12/03/2024,7182546930,656,1.0,CS,137.15,0.0
,,R705T2,ZE3F,ROPER ST FRANCIS BERKELEY HOSP,100 CALLEN BLVD,SUMMERVILLE,SC,MEDASSETS,12/06/2024,7182687946,656,1.0,CS,137.15,0.0
,,R705T2,V888,BON SECOURS ST FRANCIS,2095 HENRY TECKLENBURG DR,CHARLESTON,SC,MEDASSETS,12/25/2024,7183389606,656,1.0,CS,137.15,0.0
,,R705T2,V888,BON SECOURS ST FRANCIS,2095 HENRY TECKLENBURG DR,CHARLESTON,SC,MEDASSETS,12/09/2024,7182760259,656,1.0,CS,137.15,0.0
,,R705T2,KPN9,GRADY HEALTH SYSTEM LUM CARTS,80 JESSE HILL JR DR SE,ATLANTA,GA,MEDASSETS,12/01/2024,2346695065,648,0.1,CS,15.2,0.0
,,R705T1,BAIR,WESTCHESTER MEDICAL CENTER - LUM CA,100 WOODS RD,VALHALLA,NY,MEDASSETS,12/01/2024,2346692400,946,0.4,CS,64.2,0.0
,,R705T2,ECFX,UNIVERSITY OF ROCHESTER/STRONG (LUM,601 ELMWOOD AVE,ROCHESTER,NY,MEDASSETS,11/29/2024,2346701046,648,0.2,CS,30.4,0.0
,,R705T2,KPN9,GRADY HEALTH SYSTEM LUM CARTS,80 JESSE HILL JR DR SE,ATLANTA,GA,MEDASSETS,11/29/2024,2346686670,648,0.6,CS,91.19999999999999,0.0
,,R705T1,JKFF,NCH MD-HEALTHCARE SYSTEM,350 7TH ST N,NAPLES,FL,MEDASSETS,12/02/2024,2346781291,648,2.0,CS,310.08,0.0
,,R705T1,ECHZ,WILSON MEMORIAL HOSPITAL (LUM),33-57 HARRISON ST,JOHNSON CITY,NY,MEDASSETS,11/26/2024,2346782112,648,0.5,CS,77.5,0.0
,,R705T2,ECFX,UNIVERSITY OF ROCHESTER/STRONG (LUM,601 ELMWOOD AVE,ROCHESTER,NY,MEDASSETS,12/02/2024,2346785257,648,0.2,CS,30.4,0.0
,,R705T2,RBBA,PROMEDICA TOLEDO HOSPITAL (LUM),2142 N COVE BLVD,TOLEDO,OH,MEDASSETS,12/01/2024,2346716223,957,0.3,CS,37.71,0.69
,,R705T2,R152,UNIVERSITY OF ROCHESTER/STRONG (BUL,601 ELMWOOD AVE,ROCHESTER,NY,MEDASSETS,12/02/2024,2346814056,648,0.6,CS,91.19999999999999,0.0
,,R705T2,RBBA,PROMEDICA TOLEDO HOSPITAL (LUM),2142 N COVE BLVD,TOLEDO,OH,MEDASSETS,12/01/2024,2346716217,946,0.2,CS,31.48,0.0
,,R705T2,KPN9,GRADY HEALTH SYSTEM LUM CARTS,80 JESSE HILL JR DR SE,ATLANTA,GA,MEDASSETS,12/02/2024,2346834648,646,1.0,CS,123.9,0.0
,,R705T2,LCAC,UNIV CINCINNATI-WESTCHESTER,7700 UNIVERSITY DR,WEST CHESTER,OH,MEDASSETS,11/26/2024,2346860246,656,1.0,CS,137.15,1.85
,,R705T2,LCAC,UNIV CINCINNATI-WESTCHESTER (LUM),7700 UNIVERSITY DR,WEST CHESTER,OH,MEDASSETS,11/27/2024,2346864244,974,0.4,CS,86.28,0.0
,,R705T2,LCAC,UNIV CINCINNATI-WESTCHESTER (LUM),7700 UNIVERSITY DR,WEST CHESTER,OH,MEDASSETS,11/27/2024,2346864249,974,0.5,CS,107.85,0.0
,,R705T1,5LRQ,AKRON CHILDRENS HOSPITAL,1 PERKINS SQ,AKRON,OH,MEDASSETS,11/26/2024,2346891351,646,2.0,CS,252.76,0.0
,,R705T2,XSIU,ATRIUM MEDICAL CENTER (LUM),1 MEDICAL CENTER DR,MIDDLETOWN,OH,MEDASSETS,12/02/2024,2346940245,956,1.0,CS,154.9,0.6
,,R705T1,JY7Z,LEGACY SALMON CREEK HOSPITAL,2211 NE 139TH ST,VANCOUVER,WA,MEDASSETS,12/02/2024,2346952085,648,2.0,CS,310.08,0.0
,,R705T1,RA7U,ST VINCENT HEALTHCARE,1233 N 30TH ST,BILLINGS,MT,MEDASSETS,12/02/2024,2346979326,645,1.0,CS,144.94,0.0
,,R705T1,YFZS,NEUROSCIENCE GROUP,1305 W AMERICAN DR,NEENAH,WI,MEDASSETS,12/03/2024,2346964637,648,2.0,CS,310.08,0.0
,,R705T2,ECFX,UNIVERSITY OF ROCHESTER/STRONG (LUM,601 ELMWOOD AVE,ROCHESTER,NY,MEDASSETS,12/03/2024,2347028294,648,0.6,CS,91.19999999999999,0.0
,,R705T1,W5ZF,VANDERBILT IMAGING (BULK),2000 RICHARD JONES RD STE 270,NASHVILLE,TN,MEDASSETS,11/26/2024,2347005689,656,1.0,CS,139.89,0.0
,,R705T1,Q7QB,WMC - LUM ON PALLETS,100 WOODS RD,VALHALLA,NY,MEDASSETS,12/02/2024,2347035764,974,2.0,CS,440.02,0.0
,,R705T1,HHNU,CHILDRENS HOSPITAL OF WISCONSIN,6740 W WASHINGTON ST,WEST ALLIS,WI,MEDASSETS,12/02/2024,2347049771,649B,2.0,CS,279.88,0.0
,,R705T1,S363,MGB - COOLEY DICKINSON (BULK),30 LOCUST ST,NORTHAMPTON,MA,MEDASSETS,12/03/2024,2347026428,646,0.6,CS,75.84,0.0
,,R705T1,X917,COREWELL HEALTH FARMINGTON HILLS HO,28050 GRAND RIVER AVE,FARMINGTON HILLS,MI,MEDASSETS,11/29/2024,2347047803,656,3.0,CS,419.66999999999996,0.0
,,R705T2,W479,UPPER VALLEY MEDICAL CENTER,3130 N COUNTY ROAD 25A,TROY,OH,MEDASSETS,11/27/2024,2347047150,957,3.0,CS,377.1,6.9
,,R705T1,BAIR,WESTCHESTER MEDICAL CENTER - LUM CA,100 WOODS RD,VALHALLA,NY,MEDASSETS,12/02/2024,2347081285,946,0.3,CS,48.150000000000006,0.0
,,R705T2,WEZO,PMR WILDWOOD,2865 N REYNOLDS RD STE 170,TOLEDO,OH,MEDASSETS,12/03/2024,2347094778,957,10.0,CS,1257.0,23.0
,,R705T2,WEZO,PMR WILDWOOD,2865 N REYNOLDS RD STE 170,TOLEDO,OH,MEDASSETS,11/27/2024,2347094777,957,10.0,CS,1257.0,23.0
,,R705T1,BAIR,WESTCHESTER MEDICAL CENTER - LUM CA,100 WOODS RD,VALHALLA,NY,MEDASSETS,12/03/2024,2347088499,946,0.1,CS,16.05,0.0
,,R705T2,KPN9,GRADY HEALTH SYSTEM LUM CARTS,80 JESSE HILL JR DR SE,ATLANTA,GA,MEDASSETS,12/02/2024,2347079368,648,0.6,CS,91.19999999999999,0.0
,,R705T1,XOJW,YAVAPAI REG MEDICAL CTR- WEST,1003 WILLOW CREEK RD,PRESCOTT,AZ,MEDASSETS,12/03/2024,2347167104,649B,1.0,CS,139.94,0.0
,,R705T2,R152,UNIVERSITY OF ROCHESTER/STRONG (BUL,601 ELMWOOD AVE,ROCHESTER,NY,MEDASSETS,12/04/2024,2347190696,648,1.0,CS,152.0,0.0
,,R705T2,SUBS,UNIV CINCINNATI-BCW,3200 BURNET AVE,CINCINNATI,OH,MEDASSETS,12/02/2024,2347199617,656,1.0,CS,137.15,1.85
,,R705T2,Q542,MIAMI VALLEY HOSPITAL,1 WYOMING ST,DAYTON,OH,MEDASSETS,12/02/2024,2347183808,648,1.0,CS,152.0,0.0
,,R705T1,BAIR,WESTCHESTER MEDICAL CENTER - LUM CA,100 WOODS RD,VALHALLA,NY,MEDASSETS,12/04/2024,2347224571,946,0.2,CS,32.1,0.0
,,R705T1,Q0WK,KENT COUNTY MEMORIAL HOSPITAL,455 TOLL GATE RD,WARWICK,RI,MEDASSETS,12/04/2024,2347262712,648,1.0,CS,155.0,0.0
,,R705T1,P035,FORREST COUNTY GENERAL HOSPITAL,6051 U S HIGHWAY 49,HATTIESBURG,MS,MEDASSETS,12/03/2024,2347243251,956,1.0,CS,158.0,0.0
,,R705T1,M9O2,GOOD SAM HOSPITAL OF SUFFERN STOCK,255 LAFAYETTE AVE,SUFFERN,NY,MEDASSETS,12/03/2024,2347274422,974,1.0,CS,220.01,0.0
,,R705T2,RBBA,PROMEDICA TOLEDO HOSPITAL (LUM),2142 N COVE BLVD,TOLEDO,OH,MEDASSETS,12/03/2024,2347318956,946,0.4,CS,62.96,0.0
,,R705T2,LCAC,UNIV CINCINNATI-WESTCHESTER (LUM),7700 UNIVERSITY DR,WEST CHESTER,OH,MEDASSETS,12/02/2024,2347300418,946,1.0,CS,157.35,0.0
,,R705T2,RBBA,PROMEDICA TOLEDO HOSPITAL (LUM),2142 N COVE BLVD,TOLEDO,OH,MEDASSETS,12/03/2024,2347318932,957,0.3,CS,37.71,0.69
,,R705T2,R158,HIGHLAND HOSPITAL-ROCHESTER (LUM),1000 SOUTH AVE,ROCHESTER,NY,MEDASSETS,12/04/2024,2347312764,648,0.1,CS,15.2,0.0
,,R705T2,ECFX,UNIVERSITY OF ROCHESTER/STRONG (LUM,601 ELMWOOD AVE,ROCHESTER,NY,MEDASSETS,12/03/2024,2347323601,646,0.3,CS,37.17,0.0
,,R705T2,6RYB,PROMEDICA CHARLES & VIRG HICK (LUM),5640 N ADRIAN HWY,ADRIAN,MI,MEDASSETS,12/04/2024,2347388848,957,0.3,CS,37.71,0.69
,,R705T1,Q7QB,WMC - LUM ON PALLETS,100 WOODS RD,VALHALLA,NY,MEDASSETS,12/04/2024,2347389716,974,1.0,CS,220.01,0.0
,,R705T2,ECFX,UNIVERSITY OF ROCHESTER/STRONG (LUM,601 ELMWOOD AVE,ROCHESTER,NY,MEDASSETS,12/05/2024,2347411976,648,0.4,CS,60.8,0.0
,,R705T2,R158,HIGHLAND HOSPITAL-ROCHESTER (LUM),1000 SOUTH AVE,ROCHESTER,NY,MEDASSETS,12/05/2024,2347427869,648,0.2,CS,30.4,0.0
,,R705T2,ECFX,UNIVERSITY OF ROCHESTER/STRONG (LUM,601 ELMWOOD AVE,ROCHESTER,NY,MEDASSETS,12/04/2024,2347411901,648,0.6,CS,91.19999999999999,0.0
,,R705T1,BAIR,WESTCHESTER MEDICAL CENTER - LUM CA,100 WOODS RD,VALHALLA,NY,MEDASSETS,12/04/2024,2347465613,946,1.0,CS,160.5,0.0
,,R705T2,R152,UNIVERSITY OF ROCHESTER/STRONG (BUL,601 ELMWOOD AVE,ROCHESTER,NY,MEDASSETS,12/05/2024,2347484387,648,0.1,CS,15.2,0.0
,,R705T1,BAIR,WESTCHESTER MEDICAL CENTER - LUM CA,100 WOODS RD,VALHALLA,NY,MEDASSETS,12/05/2024,2347465668,974,0.1,CS,22.0,0.0
,,R705T1,BAIR,WESTCHESTER MEDICAL CENTER - LUM CA,100 WOODS RD,VALHALLA,NY,MEDASSETS,12/05/2024,2347465679,946,0.1,CS,16.05,0.0
,,R705T2,LCAC,UNIV CINCINNATI-WESTCHESTER (LUM),7700 UNIVERSITY DR,WEST CHESTER,OH,MEDASSETS,12/04/2024,2347531424,946,1.0,CS,157.35,0.0
,,R705T1,CVBH,ANN AND ROBERT H LURIE CHILDRENS,200 E SUPERIOR ST,CHICAGO,IL,MEDASSETS,12/03/2024,2347539395,650,1.0,CS,135.41,0.0
,,R705T2,RBBA,PROMEDICA TOLEDO HOSPITAL (LUM),2142 N COVE BLVD,TOLEDO,OH,MEDASSETS,12/04/2024,2347535512,957,0.1,CS,12.57,0.23
,,R705T2,RBBA,PROMEDICA TOLEDO HOSPITAL (LUM),2142 N COVE BLVD,TOLEDO,OH,MEDASSETS,12/05/2024,2347619464,946,0.3,CS,47.22,0.0
,,R705T1,HDIH,THE UNIVERSITY OF TEXAS SW MEDICAL,6201 HARRY HINES BLVD,DALLAS,TX,MEDASSETS,12/05/2024,2347536597,648,3.0,CS,465.12,0.0
,,R705T2,KPN9,GRADY HEALTH SYSTEM LUM CARTS,80 JESSE HILL JR DR SE,ATLANTA,GA,MEDASSETS,12/05/2024,2347637484,648,0.2,CS,30.4,0.0
,,R705T1,MF5W,GOOD SAMARITAN HOSPITAL,1015 NW 22ND AVE,PORTLAND,OR,MEDASSETS,12/06/2024,2347643750,648,1.0,CS,155.04,0.0
,,R705T1,HFNW,CHILDRENS NATIONAL HOSPITAL(BULK),111 MICHIGAN AVE NW,WASHINGTON,DC,MEDASSETS,12/02/2024,2347640330,646,1.0,CS,126.38,0.0
,,R705T2,XSIU,ATRIUM MEDICAL CENTER (LUM),1 MEDICAL CENTER DR,MIDDLETOWN,OH,MEDASSETS,12/06/2024,2347657079,956,1.0,CS,154.9,0.6
,,R705T1,HDIH,THE UNIVERSITY OF TEXAS SW MEDICAL,6201 HARRY HINES BLVD,DALLAS,TX,MEDASSETS,12/06/2024,2347690550,648,2.0,CS,310.08,0.0
,,R705T1,Q371,COREWELL HEALTH NILES HOSPITAL,31 N SAINT JOSEPH AVE,NILES,MI,MEDASSETS,12/05/2024,2347703330,974,2.0,CS,440.02,0.0
,,R705T1,JBCP,TAMPA GENERAL HOSPITAL-SPD,1 TAMPA GENERAL CIR,TAMPA,FL,MEDASSETS,12/06/2024,2347689415,656,0.9,CS,125.91,0.0
,,R705T1,R326,CAYUGA MEDICAL CENTER-AT ITHACA,101 DATES DR,ITHACA,NY,MEDASSETS,12/05/2024,2347746249,649,1.0,CS,155.09,0.0
,,R705T1,ECHZ,WILSON MEMORIAL HOSPITAL (LUM),33-57 HARRISON ST,JOHNSON CITY,NY,MEDASSETS,12/05/2024,2347738063,648,0.3,CS,46.5,0.0
,,R705T2,LCAC,UNIV CINCINNATI-WESTCHESTER (LUM),7700 UNIVERSITY DR,WEST CHESTER,OH,MEDASSETS,12/05/2024,2347744038,974,0.5,CS,107.85,0.0
,,R705T2,ECFX,UNIVERSITY OF ROCHESTER/STRONG (LUM,601 ELMWOOD AVE,ROCHESTER,NY,MEDASSETS,12/07/2024,2347782486,645,0.2,CS,28.42,0.0
,,R705T2,ECFX,UNIVERSITY OF ROCHESTER/STRONG (LUM,601 ELMWOOD AVE,ROCHESTER,NY,MEDASSETS,12/07/2024,2347782486,646,0.2,CS,24.78,0.0
,,R705T1,CVBH,ANN AND ROBERT H LURIE CHILDRENS,200 E SUPERIOR ST,CHICAGO,IL,MEDASSETS,12/08/2024,2347810403,648,0.5,CS,77.5,0.0
,,R705T1,Q911,BRYN MAWR HOSPITAL,130 S BRYN MAWR AVE,BRYN MAWR,PA,MEDASSETS,11/19/2024,2347820823,956,3.0,CS,474.0,0.0
,,R705T2,R152,UNIVERSITY OF ROCHESTER/STRONG (BUL,601 ELMWOOD AVE,ROCHESTER,NY,MEDASSETS,12/08/2024,2347845103,648,0.5,CS,76.0,0.0
,,R705T1,BAIR,WESTCHESTER MEDICAL CENTER - LUM CA,100 WOODS RD,VALHALLA,NY,MEDASSETS,12/06/2024,2347828640,974,0.1,CS,22.0,0.0
,,R705T1,BAIR,WESTCHESTER MEDICAL CENTER - LUM CA,100 WOODS RD,VALHALLA,NY,MEDASSETS,12/08/2024,2347838670,946,0.1,CS,16.05,0.0
,,R705T2,KPN9,GRADY HEALTH SYSTEM LUM CARTS,80 JESSE HILL JR DR SE,ATLANTA,GA,MEDASSETS,12/05/2024,2347846193,648,0.6,CS,91.19999999999999,0.0
,,R705T2,ECFX,UNIVERSITY OF ROCHESTER/STRONG (LUM,601 ELMWOOD AVE,ROCHESTER,NY,MEDASSETS,12/09/2024,2347939653,648,0.3,CS,45.599999999999994,0.0
,,R705T1,BAIR,WESTCHESTER MEDICAL CENTER - LUM CA,100 WOODS RD,VALHALLA,NY,MEDASSETS,12/06/2024,2347991964,946,0.1,CS,16.05,0.0
,,R705T2,SUBS,UNIV CINCINNATI-BCW,3200 BURNET AVE,CINCINNATI,OH,MEDASSETS,12/06/2024,2348026873,974,4.0,CS,862.8,0.0
,,R705T2,KPN9,GRADY HEALTH SYSTEM LUM CARTS,80 JESSE HILL JR DR SE,ATLANTA,GA,MEDASSETS,12/08/2024,2348026455,648,2.0,CS,304.0,0.0
,,R705T2,SUBS,UNIV CINCINNATI-BCW,3200 BURNET AVE,CINCINNATI,OH,MEDASSETS,12/02/2024,2348026869,656,1.0,CS,137.15,1.85
,,R705T1,BAIR,WESTCHESTER MEDICAL CENTER - LUM CA,100 WOODS RD,VALHALLA,NY,MEDASSETS,12/09/2024,2348001642,946,0.2,CS,32.1,0.0
,,R705T2,KPN9,GRADY HEALTH SYSTEM LUM CARTS,80 JESSE HILL JR DR SE,ATLANTA,GA,MEDASSETS,12/06/2024,2348026449,648,1.0,CS,152.0,0.0
,,R705T1,VZK4,MT HOOD MEDICAL CENTER,24800 SE STARK ST,GRESHAM,OR,MEDASSETS,12/06/2024,2348030009,648,1.0,CS,155.04,0.0
,,R705T2,R152,UNIVERSITY OF ROCHESTER/STRONG (BUL,601 ELMWOOD AVE,ROCHESTER,NY,MEDASSETS,12/09/2024,2348082498,656,1.0,CS,137.15,1.85
,,R705T1,5CXE,MARC,8300 FLOYD CURL DR,SAN ANTONIO,TX,MEDASSETS,12/06/2024,2348101314,974,4.0,CS,880.04,0.0
,,R705T2,LCAC,UNIV CINCINNATI-WESTCHESTER,7700 UNIVERSITY DR,WEST CHESTER,OH,MEDASSETS,12/06/2024,2348103355,656,3.0,CS,411.45000000000005,5.55
,,R705T1,BAIR,WESTCHESTER MEDICAL CENTER - LUM CA,100 WOODS RD,VALHALLA,NY,MEDASSETS,12/09/2024,2348102383,946,0.1,CS,16.05,0.0
,,R705T1,BAIR,WESTCHESTER MEDICAL CENTER - LUM CA,100 WOODS RD,VALHALLA,NY,MEDASSETS,12/10/2024,2348113478,946,0.2,CS,32.1,0.0
,,R705T1,6GZ9,PARKLAND HEALTH (SCDC),10880 GOODNIGHT LN,DALLAS,TX,MEDASSETS,12/09/2024,2348131283,946,2.0,CS,321.0,0.0
,,R705T2,ECFX,UNIVERSITY OF ROCHESTER/STRONG (LUM,601 ELMWOOD AVE,ROCHESTER,NY,MEDASSETS,12/10/2024,2348156923,648,0.4,CS,60.8,0.0
,,R705T2,LCAC,UNIV CINCINNATI-WESTCHESTER (LUM),7700 UNIVERSITY DR,WEST CHESTER,OH,MEDASSETS,12/09/2024,2348180687,974,0.2,CS,43.14,0.0
,,R705T2,LCAC,UNIV CINCINNATI-WESTCHESTER (LUM),7700 UNIVERSITY DR,WEST CHESTER,OH,MEDASSETS,12/09/2024,2348183407,974,0.4,CS,86.28,0.0
,,R705T1,HDIH,THE UNIVERSITY OF TEXAS SW MEDICAL,6201 HARRY HINES BLVD,DALLAS,TX,MEDASSETS,12/10/2024,2348172977,648,2.0,CS,310.08,0.0
,,R705T1,ECHZ,WILSON MEMORIAL HOSPITAL (LUM),33-57 HARRISON ST,JOHNSON CITY,NY,MEDASSETS,12/09/2024,2348179007,648,0.3,CS,46.5,0.0
,,R705T1,XQI2,THE CENTER FOR NEUROSCIENCES,2450 E RIVER RD,TUCSON,AZ,MEDASSETS,12/09/2024,2348201624,648,1.0,CS,155.04,0.0
,,R705T1,ECHZ,WILSON MEMORIAL HOSPITAL (LUM),33-57 HARRISON ST,JOHNSON CITY,NY,MEDASSETS,12/09/2024,2348177346,648,0.2,CS,31.02,0.0
,,R705T1,ECHZ,WILSON MEMORIAL HOSPITAL (LUM),33-57 HARRISON ST,JOHNSON CITY,NY,MEDASSETS,12/09/2024,2348177355,648,0.5,CS,77.5,0.0
,,R705T2,RBBA,PROMEDICA TOLEDO HOSPITAL (LUM),2142 N COVE BLVD,TOLEDO,OH,MEDASSETS,12/09/2024,2348217459,957,0.3,CS,37.71,0.69
,,R705T2,6RYB,PROMEDICA CHARLES & VIRG HICK (LUM),5640 N ADRIAN HWY,ADRIAN,MI,MEDASSETS,12/09/2024,2348230013,957,0.2,CS,25.14,0.46
,,R705T2,RBBA,PROMEDICA TOLEDO HOSPITAL (LUM),2142 N COVE BLVD,TOLEDO,OH,MEDASSETS,12/09/2024,2348222948,946,0.2,CS,31.48,0.0
,,R705T2,RBBA,PROMEDICA TOLEDO HOSPITAL (LUM),2142 N COVE BLVD,TOLEDO,OH,MEDASSETS,12/09/2024,2348222033,946,0.3,CS,47.22,0.0
,,R705T1,N5MF,HENRY FORD MACOMB HOSPITAL- CLINTON,15855 19 MILE RD,CLINTON TOWNSHIP,MI,MEDASSETS,12/11/2024,2348286011,648,2.0,CS,310.08,0.0
,,R705T2,Q542,MIAMI VALLEY HOSPITAL,1 WYOMING ST,DAYTON,OH,MEDASSETS,12/09/2024,2348235531,648,1.0,CS,152.0,0.0
,,R705T1,P035,FORREST COUNTY GENERAL HOSPITAL,6051 U S HIGHWAY 49,HATTIESBURG,MS,MEDASSETS,12/10/2024,2348280310,956,1.0,CS,158.0,0.0
,,R705T2,LCAC,UNIV CINCINNATI-WESTCHESTER (LUM),7700 UNIVERSITY DR,WEST CHESTER,OH,MEDASSETS,12/10/2024,2348312395,946,1.0,CS,157.35,0.0
,,R705T2,3NFT,UNIVERSITY OF ROCHESTER-STRONG W (L,156 WEST AVE,BROCKPORT,NY,MEDASSETS,12/10/2024,2348322811,646,0.3,CS,37.17,0.0
,,R705T2,LCAC,UNIV CINCINNATI-WESTCHESTER (LUM),7700 UNIVERSITY DR,WEST CHESTER,OH,MEDASSETS,12/10/2024,2348312393,974,0.5,CS,107.85,0.0
,,R705T2,RBBA,PROMEDICA TOLEDO HOSPITAL (LUM),2142 N COVE BLVD,TOLEDO,OH,MEDASSETS,12/10/2024,2348317048,946,0.3,CS,47.22,0.0
,,R705T1,HFNS,INOVA FAIRFAX HOSPITAL,3300 GALLOWS RD,FALLS CHURCH,VA,MEDASSETS,11/07/2024,2348339069,656,6.0,CS,839.3399999999999,0.0
,,R705T2,KPN9,GRADY HEALTH SYSTEM LUM CARTS,80 JESSE HILL JR DR SE,ATLANTA,GA,MEDASSETS,12/10/2024,2348345095,648,0.2,CS,30.4,0.0
,,R705T1,HFNS,INOVA FAIRFAX HOSPITAL,3300 GALLOWS RD,FALLS CHURCH,VA,MEDASSETS,11/08/2024,2348339070,656,4.0,CS,559.56,0.0
,,R705T1,S156,RUSH COPLEY MEDICAL CENTER,2000 OGDEN AVE,AURORA,IL,MEDASSETS,12/10/2024,2348327063,957,1.0,CS,128.21,0.0
,,R705T1,5LRQ,AKRON CHILDRENS HOSPITAL,1 PERKINS SQ,AKRON,OH,MEDASSETS,12/10/2024,2348366309,646,1.0,CS,126.38,0.0
,,R705T1,5LRQ,AKRON CHILDRENS HOSPITAL,1 PERKINS SQ,AKRON,OH,MEDASSETS,12/10/2024,2348366312,646,2.0,CS,252.76,0.0
,,R705T1,JKFF,NCH MD-HEALTHCARE SYSTEM,350 7TH ST N,NAPLES,FL,MEDASSETS,12/09/2024,2348375021,648,2.0,CS,310.08,0.0
,,R705T2,Q542,MIAMI VALLEY HOSPITAL,1 WYOMING ST,DAYTON,OH,MEDASSETS,12/11/2024,2348372616,648,2.0,CS,304.0,0.0
,,R705T1,UUIU,LIMA MEMORIAL HOSPITAL,1001 BELLEFONTAINE AVE,LIMA,OH,MEDASSETS,12/09/2024,2348372660,648,0.1,CS,15.5,0.0
,,R705T2,R152,UNIVERSITY OF ROCHESTER/STRONG (BUL,601 ELMWOOD AVE,ROCHESTER,NY,MEDASSETS,12/11/2024,2348378365,648,1.0,CS,152.0,0.0
,,R705T1,XU8I,UNIV OF KANSAS HS-CAMBRIDGE DOCK,3801 EATON ST,KANSAS CITY,KS,MEDASSETS,12/10/2024,2348402868,956,1.0,CS,158.0,0.0
,,R705T1,BAIR,WESTCHESTER MEDICAL CENTER - LUM CA,100 WOODS RD,VALHALLA,NY,MEDASSETS,12/11/2024,2348395076,974,0.2,CS,44.0,0.0
,,R705T1,BAIR,WESTCHESTER MEDICAL CENTER - LUM CA,100 WOODS RD,VALHALLA,NY,MEDASSETS,12/11/2024,2348395084,946,0.2,CS,32.1,0.0
,,R705T2,ECFX,UNIVERSITY OF ROCHESTER/STRONG (LUM,601 ELMWOOD AVE,ROCHESTER,NY,MEDASSETS,12/11/2024,2348481175,648,0.4,CS,60.8,0.0
,,R705T2,ECFX,UNIVERSITY OF ROCHESTER/STRONG (LUM,601 ELMWOOD AVE,ROCHESTER,NY,MEDASSETS,12/11/2024,2348481175,646,0.4,CS,49.56,0.0
,,R705T2,ECFX,UNIVERSITY OF ROCHESTER/STRONG (LUM,601 ELMWOOD AVE,ROCHESTER,NY,MEDASSETS,12/12/2024,2348497693,648,0.1,CS,15.2,0.0
,,R705T1,JZ5Z,CHS-GOOD SAMARITAN HOSPITAL / A90,1000 MONTAUK HWY,WEST ISLIP,NY,MEDASSETS,12/12/2024,2348517107,648,1.0,CS,155.04,0.0
,,R705T2,WCV2,NICHOLAS H NOYES HOSPITAL,111 CLARA BARTON ST,DANSVILLE,NY,MEDASSETS,12/12/2024,2348498713,648,0.4,CS,60.8,0.0
,,R705T1,MKSO,BELLIN MEMORIAL HOSPITAL INC,905 CASS ST,GREEN BAY,WI,MEDASSETS,12/11/2024,2348514564,648,1.0,CS,155.04,0.0
,,R705T1,S457,MGB - MASS EYE AND EAR (BULK),243 CHARLES ST,BOSTON,MA,MEDASSETS,12/12/2024,2348533709,646,0.4,CS,50.56,0.0
,,R705T1,HFNW,CHILDRENS NATIONAL HOSPITAL(BULK),111 MICHIGAN AVE NW,WASHINGTON,DC,MEDASSETS,12/11/2024,2348541718,646,2.0,CS,252.76,0.0
,,R705T2,RBBA,PROMEDICA TOLEDO HOSPITAL (LUM),2142 N COVE BLVD,TOLEDO,OH,MEDASSETS,12/11/2024,2348544528,946,0.2,CS,31.48,0.0
,,R705T1,Q611,FISHER TITUS MEDICAL CENTER,272 BENEDICT AVE,NORWALK,OH,MEDASSETS,12/11/2024,2348547303,957,1.0,CS,128.21,0.0
,,R705T2,6RYB,PROMEDICA CHARLES & VIRG HICK (LUM),5640 N ADRIAN HWY,ADRIAN,MI,MEDASSETS,12/11/2024,2348549762,957,0.3,CS,37.71,0.69
,,R705T1,ECHZ,WILSON MEMORIAL HOSPITAL (LUM),33-57 HARRISON ST,JOHNSON CITY,NY,MEDASSETS,12/10/2024,2348612109,648,0.2,CS,31.02,0.0
,,R705T1,JBCP,TAMPA GENERAL HOSPITAL-SPD,1 TAMPA GENERAL CIR,TAMPA,FL,MEDASSETS,12/06/2024,2348607384,656,0.1,CS,13.99,0.0
,,R705T2,RBBA,PROMEDICA TOLEDO HOSPITAL (LUM),2142 N COVE BLVD,TOLEDO,OH,MEDASSETS,12/12/2024,2348677803,946,0.4,CS,62.96,0.0
,,R705T2,6RYB,PROMEDICA CHARLES & VIRG HICK (LUM),5640 N ADRIAN HWY,ADRIAN,MI,MEDASSETS,12/12/2024,2348690125,957,0.2,CS,25.14,0.46
,,R705T2,Q545,PROMEDICA DEFIANCE REGIONAL HOSPITA,1200 RALSTON AVE,DEFIANCE,OH,MEDASSETS,12/11/2024,2348738520,956,1.0,CS,154.9,0.6
,,R705T2,WEZO,PMR WILDWOOD,2865 N REYNOLDS RD STE 170,TOLEDO,OH,MEDASSETS,12/10/2024,2348744871,957,10.0,CS,1257.0,23.0
,,R705T2,LCAC,UNIV CINCINNATI-WESTCHESTER (LUM),7700 UNIVERSITY DR,WEST CHESTER,OH,MEDASSETS,12/12/2024,2348736463,974,0.4,CS,86.28,0.0
,,R705T1,BAIR,WESTCHESTER MEDICAL CENTER - LUM CA,100 WOODS RD,VALHALLA,NY,MEDASSETS,12/12/2024,2348781973,974,0.1,CS,22.0,0.0
,,R705T1,YECN,NEWMAN REGIONAL HEALTH-MEMORIAL COU,1201 W 12TH AVE,EMPORIA,KS,MEDASSETS,12/13/2024,2348788437,648,1.0,CS,155.04,0.0
,,R705T1,BAIR,WESTCHESTER MEDICAL CENTER - LUM CA,100 WOODS RD,VALHALLA,NY,MEDASSETS,12/12/2024,2348781973,946,0.1,CS,16.05,0.0
,,R705T2,ECFX,UNIVERSITY OF ROCHESTER/STRONG (LUM,601 ELMWOOD AVE,ROCHESTER,NY,MEDASSETS,12/13/2024,2348773805,648,0.3,CS,45.599999999999994,0.0
,,R705T1,JJMH,LAWRENCE MEM HOSPITAL,325 MAINE ST,LAWRENCE,KS,MEDASSETS,12/10/2024,2348800841,646,1.0,CS,126.38,0.0
,,R705T1,BAIR,WESTCHESTER MEDICAL CENTER - LUM CA,100 WOODS RD,VALHALLA,NY,MEDASSETS,12/13/2024,2348790830,946,0.1,CS,16.05,0.0
,,R705T2,ECFX,UNIVERSITY OF ROCHESTER/STRONG (LUM,601 ELMWOOD AVE,ROCHESTER,NY,MEDASSETS,12/14/2024,2348854811,646,0.6,CS,74.34,0.0
,,R705T2,SUBS,UNIV CINCINNATI-BCW,3200 BURNET AVE,CINCINNATI,OH,MEDASSETS,12/13/2024,2348846762,956,2.0,CS,309.8,1.2
,,R705T1,RQL9,EMANUEL HOSPITAL,2801 N GANTENBEIN AVE,PORTLAND,OR,MEDASSETS,12/15/2024,2348857087,646,2.0,CS,252.76,0.0
,,R705T1,4S1P,HAYSMED,2220 CANTERBURY DR,HAYS,KS,MEDASSETS,12/13/2024,2348845415,650,1.0,CS,135.41,0.0
,,R705T1,CVBH,ANN AND ROBERT H LURIE CHILDRENS,200 E SUPERIOR ST,CHICAGO,IL,MEDASSETS,12/15/2024,2348846871,648,0.7,CS,108.5,0.0
,,R705T2,LCAC,UNIV CINCINNATI-WESTCHESTER,7700 UNIVERSITY DR,WEST CHESTER,OH,MEDASSETS,12/13/2024,2348890088,974,1.0,CS,215.7,0.0
,,R705T2,A5JD,NORTH MIAMI VALLEY HOSPITAL,9000 N MAIN ST,ENGLEWOOD,OH,MEDASSETS,12/13/2024,2348884442,956,1.0,CS,154.9,0.6
,,R705T2,RBBA,PROMEDICA TOLEDO HOSPITAL (LUM),2142 N COVE BLVD,TOLEDO,OH,MEDASSETS,12/13/2024,2348889660,957,0.3,CS,37.71,0.69
,,R705T2,RBBA,PROMEDICA TOLEDO HOSPITAL (LUM),2142 N COVE BLVD,TOLEDO,OH,MEDASSETS,12/15/2024,2348892565,957,0.3,CS,37.71,0.69
,,R705T1,HFNW,CHILDRENS NATIONAL HOSPITAL(LUM),111 MICHIGAN AVE NW,WASHINGTON,DC,MEDASSETS,12/13/2024,2348903617,646,0.5,CS,63.2,0.0
,,R705T2,KPN9,GRADY HEALTH SYSTEM LUM CARTS,80 JESSE HILL JR DR SE,ATLANTA,GA,MEDASSETS,12/13/2024,2348912276,648,0.4,CS,60.8,0.0
,,R705T2,KPN9,GRADY HEALTH SYSTEM LUM CARTS,80 JESSE HILL JR DR SE,ATLANTA,GA,MEDASSETS,12/14/2024,2348914189,648,0.2,CS,30.4,0.0
,,R705T2,KPN9,GRADY HEALTH SYSTEM LUM CARTS,80 JESSE HILL JR DR SE,ATLANTA,GA,MEDASSETS,12/14/2024,2348913173,648,0.6,CS,91.19999999999999,0.0
,,R705T2,KPN9,GRADY HEALTH SYSTEM LUM CARTS,80 JESSE HILL JR DR SE,ATLANTA,GA,MEDASSETS,12/12/2024,2348907699,648,0.2,CS,30.4,0.0
,,R705T1,TYYA,LANKENAU HOSPITAL,100 E LANCASTER AVE,WYNNEWOOD,PA,MEDASSETS,12/16/2024,2348969586,648,1.2,CS,186.0,0.0
,,R705T2,ECFX,UNIVERSITY OF ROCHESTER/STRONG (LUM,601 ELMWOOD AVE,ROCHESTER,NY,MEDASSETS,12/16/2024,2348970072,648,0.2,CS,30.4,0.0
,,R705T1,S196,BUTLER HOSPITAL,345 BLACKSTONE BLVD,PROVIDENCE,RI,MEDASSETS,12/12/2024,2349016044,648,1.0,CS,155.0,0.0
,,R705T2,R158,HIGHLAND HOSPITAL-ROCHESTER (LUM),1000 SOUTH AVE,ROCHESTER,NY,MEDASSETS,12/13/2024,2349006922,648,0.2,CS,30.4,0.0
,,R705T1,HDIH,THE UNIVERSITY OF TEXAS SW MEDICAL,6201 HARRY HINES BLVD,DALLAS,TX,MEDASSETS,12/13/2024,2349047821,648,2.0,CS,310.08,0.0
,,R705T2,ECFX,UNIVERSITY OF ROCHESTER/STRONG (LUM,601 ELMWOOD AVE,ROCHESTER,NY,MEDASSETS,12/17/2024,2349125595,648,0.2,CS,30.4,0.0
,,R705T2,ECFX,UNIVERSITY OF ROCHESTER/STRONG (LUM,601 ELMWOOD AVE,ROCHESTER,NY,MEDASSETS,12/16/2024,2349121863,648,0.4,CS,60.8,0.0
,,R705T2,6RYB,PROMEDICA CHARLES & VIRG HICK (LUM),5640 N ADRIAN HWY,ADRIAN,MI,MEDASSETS,12/16/2024,2349126948,946,0.1,CS,15.74,0.0
,,R705T1,P281,NORTHEAST ALABAMA MEDICAL CENTER,400 E 10TH ST,ANNISTON,AL,MEDASSETS,12/16/2024,2349108300,648,1.0,CS,155.04,0.0
,,R705T2,R158,HIGHLAND HOSPITAL-ROCHESTER (LUM),1000 SOUTH AVE,ROCHESTER,NY,MEDASSETS,12/17/2024,2349148918,648,0.2,CS,30.4,0.0
,,R705T1,P035,FORREST COUNTY GENERAL HOSPITAL,6051 U S HIGHWAY 49,HATTIESBURG,MS,MEDASSETS,12/16/2024,2349138421,956,1.0,CS,158.0,0.0
,,R705T1,YAZK,THEDACARE REG MED CTR-APPLETON(LUM),1818 N MEADE ST,APPLETON,WI,MEDASSETS,12/16/2024,2349199001,956,1.0,CS,158.0,0.0
,,R705T1,HFNS,INOVA FAIRFAX HOSPITAL,3300 GALLOWS RD,FALLS CHURCH,VA,MEDASSETS,11/05/2024,2349192284,649,4.0,CS,620.36,0.0
,,R705T2,LCAC,UNIV CINCINNATI-WESTCHESTER,7700 UNIVERSITY DR,WEST CHESTER,OH,MEDASSETS,12/13/2024,2349197550,656,3.0,CS,411.45000000000005,5.55
,,R705T1,HFNS,INOVA FAIRFAX HOSPITAL,3300 GALLOWS RD,FALLS CHURCH,VA,MEDASSETS,11/13/2024,2349192287,649,4.0,CS,620.36,0.0
,,R705T1,HFNS,INOVA FAIRFAX HOSPITAL,3300 GALLOWS RD,FALLS CHURCH,VA,MEDASSETS,11/13/2024,2349192287,649,1.0,CS,155.09,0.0
,,R705T1,X917,COREWELL HEALTH FARMINGTON HILLS HO,28050 GRAND RIVER AVE,FARMINGTON HILLS,MI,MEDASSETS,12/16/2024,2349209580,656,1.0,CS,139.89,0.0
,,R705T1,YFZS,NEUROSCIENCE GROUP,1305 W AMERICAN DR,NEENAH,WI,MEDASSETS,12/17/2024,2349224416,648,1.0,CS,155.04,0.0
,,R705T2,Q542,MIAMI VALLEY HOSPITAL,1 WYOMING ST,DAYTON,OH,MEDASSETS,12/09/2024,2349231905,656,2.0,CS,274.3,3.7
,,R705T2,R152,UNIVERSITY OF ROCHESTER/STRONG (BUL,601 ELMWOOD AVE,ROCHESTER,NY,MEDASSETS,12/16/2024,2349233297,656,1.0,CS,137.15,1.85
,,R705T2,64WO,NEUROLOGY TOLEDO,2130 W CENTRAL AVE,TOLEDO,OH,MEDASSETS,12/03/2024,2349195344,647,1.0,CS,151.8,0.0
,,R705T2,RBBA,PROMEDICA TOLEDO HOSPITAL,2142 N COVE BLVD,TOLEDO,OH,MEDASSETS,12/16/2024,2349241613,956,1.0,CS,154.9,0.6
,,R705T2,R152,UNIVERSITY OF ROCHESTER/STRONG (BUL,601 ELMWOOD AVE,ROCHESTER,NY,MEDASSETS,12/16/2024,2349236103,648,0.5,CS,76.0,0.0
,,R705T1,ECIA,BINGHAMTON GENERAL HOSPITAL (LUM),10-42 MITCHELL AVE,BINGHAMTON,NY,MEDASSETS,12/16/2024,2349243382,648,0.2,CS,31.02,0.0
,,R705T1,MDZT,GREATER EL MONTE HOSPITAL,1701 SANTA ANITA AVE,SOUTH EL MONTE,CA,MEDASSETS,12/16/2024,2349248785,645,1.0,CS,144.94,0.0
,,R705T2,SUBS,UNIV CINCINNATI-BCW,3200 BURNET AVE,CINCINNATI,OH,MEDASSETS,12/12/2024,2349250147,656,2.0,CS,274.3,3.7
,,R705T2,XSIU,ATRIUM MEDICAL CENTER (LUM),1 MEDICAL CENTER DR,MIDDLETOWN,OH,MEDASSETS,12/17/2024,2349265447,647,1.0,CS,151.8,0.0
,,R705T1,BAIR,WESTCHESTER MEDICAL CENTER - LUM CA,100 WOODS RD,VALHALLA,NY,MEDASSETS,12/16/2024,2349271336,946,0.3,CS,48.150000000000006,0.0
,,R705T1,BAIR,WESTCHESTER MEDICAL CENTER - LUM CA,100 WOODS RD,VALHALLA,NY,MEDASSETS,12/17/2024,2349271601,946,0.3,CS,48.150000000000006,0.0
,,R705T1,BAIR,WESTCHESTER MEDICAL CENTER - LUM CA,100 WOODS RD,VALHALLA,NY,MEDASSETS,12/17/2024,2349271396,974,0.1,CS,22.0,0.0
,,R705T2,LCAC,UNIV CINCINNATI-WESTCHESTER (LUM),7700 UNIVERSITY DR,WEST CHESTER,OH,MEDASSETS,12/17/2024,2349325493,974,0.2,CS,43.14,0.0
,,R705T2,WEZO,PMR WILDWOOD,2865 N REYNOLDS RD STE 170,TOLEDO,OH,MEDASSETS,12/16/2024,2349340264,957,6.0,CS,754.2,13.8
,,R705T1,I45I,CHS-ST CHARLES HOSPITAL/A90,200 BELLE TERRE RD,PORT JEFFERSON,NY,MEDASSETS,12/18/2024,2349361781,648,1.0,CS,155.04,0.0
,,R705T1,BAIR,WESTCHESTER MEDICAL CENTER - LUM CA,100 WOODS RD,VALHALLA,NY,MEDASSETS,12/17/2024,2349409445,946,0.1,CS,16.05,0.0
,,R705T2,R152,UNIVERSITY OF ROCHESTER/STRONG (BUL,601 ELMWOOD AVE,ROCHESTER,NY,MEDASSETS,12/18/2024,2349397141,648,1.0,CS,152.0,0.0
,,R705T1,VZK4,MT HOOD MEDICAL CENTER,24800 SE STARK ST,GRESHAM,OR,MEDASSETS,11/12/2024,2349427116,656,1.0,CS,139.89,0.0
,,R705T1,J55T,MERIDIAN PARK HOSPITAL,19300 SW 65TH AVE,TUALATIN,OR,MEDASSETS,12/17/2024,2349433499,648,1.0,CS,155.04,0.0
,,R705T2,RBBA,PROMEDICA TOLEDO HOSPITAL (LUM),2142 N COVE BLVD,TOLEDO,OH,MEDASSETS,12/17/2024,2349458706,957,0.3,CS,37.71,0.69
,,R705T2,6RYB,PROMEDICA CHARLES & VIRG HICK (LUM),5640 N ADRIAN HWY,ADRIAN,MI,MEDASSETS,12/17/2024,2349471701,957,0.3,CS,37.71,0.69
,,R705T1,R998,SILVER CROSS HOSPITAL,1900 SILVER CROSS BLVD,NEW LENOX,IL,MEDASSETS,12/18/2024,2349538992,957,0.4,CS,51.28,0.0
,,R705T2,ECFX,UNIVERSITY OF ROCHESTER/STRONG (LUM,601 ELMWOOD AVE,ROCHESTER,NY,MEDASSETS,12/19/2024,2349550052,648,0.2,CS,30.4,0.0
,,R705T2,ECFX,UNIVERSITY OF ROCHESTER/STRONG (LUM,601 ELMWOOD AVE,ROCHESTER,NY,MEDASSETS,12/18/2024,2349541175,646,0.1,CS,12.39,0.0
,,R705T1,X917,COREWELL HEALTH FARMINGTON HILLS HO,28050 GRAND RIVER AVE,FARMINGTON HILLS,MI,MEDASSETS,12/17/2024,2349597362,656,1.0,CS,139.89,0.0
,,R705T2,KPN9,GRADY HEALTH SYSTEM LUM CARTS,80 JESSE HILL JR DR SE,ATLANTA,GA,MEDASSETS,12/17/2024,2349596170,648,0.6,CS,91.19999999999999,0.0
,,R705T1,R326,CAYUGA MEDICAL CENTER-AT ITHACA,101 DATES DR,ITHACA,NY,MEDASSETS,12/18/2024,2349595066,649,1.0,CS,155.09,0.0
,,R705T1,5LRQ,AKRON CHILDRENS HOSPITAL,1 PERKINS SQ,AKRON,OH,MEDASSETS,12/18/2024,2349605147,646,2.0,CS,252.76,0.0
,,R705T1,JKFF,NCH MD-HEALTHCARE SYSTEM,350 7TH ST N,NAPLES,FL,MEDASSETS,12/18/2024,2349596815,648,1.0,CS,155.04,0.0
,,R705T2,R152,UNIVERSITY OF ROCHESTER/STRONG (BUL,601 ELMWOOD AVE,ROCHESTER,NY,MEDASSETS,12/18/2024,2349620002,656,2.0,CS,274.3,3.7
,,R705T2,KPN9,GRADY HEALTH SYSTEM LUM CARTS,80 JESSE HILL JR DR SE,ATLANTA,GA,MEDASSETS,12/18/2024,2349599562,648,0.6,CS,91.19999999999999,0.0
,,R705T2,SUBS,UNIV CINCINNATI-BCW,3200 BURNET AVE,CINCINNATI,OH,MEDASSETS,12/18/2024,2349621072,974,5.0,CS,1078.5,0.0
,,R705T1,BAIR,WESTCHESTER MEDICAL CENTER - LUM CA,100 WOODS RD,VALHALLA,NY,MEDASSETS,12/18/2024,2349666087,946,0.1,CS,16.05,0.0
,,R705T1,BAIR,WESTCHESTER MEDICAL CENTER - LUM CA,100 WOODS RD,VALHALLA,NY,MEDASSETS,12/19/2024,2349674503,946,0.3,CS,48.150000000000006,0.0
,,R705T1,HFNW,CHILDRENS NATIONAL HOSPITAL(LUM),111 MICHIGAN AVE NW,WASHINGTON,DC,MEDASSETS,12/19/2024,2349726504,648,0.5,CS,77.5,0.0
,,R705T1,HFNW,CHILDRENS NATIONAL HOSPITAL(LUM),111 MICHIGAN AVE NW,WASHINGTON,DC,MEDASSETS,12/19/2024,2349726530,646,0.5,CS,63.2,0.0
,,R705T1,6D93,UMUC AT ABERDEEN,660 MCHENRY RD,ABERDEEN,MD,MEDASSETS,12/19/2024,2349727903,648,1.0,CS,155.04,0.0
,,R705T2,6RYB,PROMEDICA CHARLES & VIRG HICK (LUM),5640 N ADRIAN HWY,ADRIAN,MI,MEDASSETS,12/19/2024,2349729836,957,0.5,CS,62.85,1.15
,,R705T1,5WUJ,UMMG NEUROLOGY PAC,1150 NW 14TH ST STE 609,MIAMI,FL,MEDASSETS,12/14/2024,2349731605,649,2.0,CS,310.18,0.0
,,R705T1,JBCP,TAMPA GENERAL HOSPITAL-SPD,1 TAMPA GENERAL CIR,TAMPA,FL,MEDASSETS,12/20/2024,2349752695,656,1.0,CS,139.9,0.0
,,R705T2,ECFX,UNIVERSITY OF ROCHESTER/STRONG (LUM,601 ELMWOOD AVE,ROCHESTER,NY,MEDASSETS,12/19/2024,2349784123,645,1.0,CS,142.10000000000002,0.0
,,R705T1,ECIA,BINGHAMTON GENERAL HOSPITAL (LUM),10-42 MITCHELL AVE,BINGHAMTON,NY,MEDASSETS,12/19/2024,2349812915,648,0.1,CS,15.5,0.0
,,R705T1,V556,STILLWATER MEDICAL CENTER,1323 W 6TH AVE,STILLWATER,OK,MEDASSETS,12/02/2024,2349859367,649,1.0,CS,155.09,0.0
,,R705T1,BAIR,WESTCHESTER MEDICAL CENTER - LUM CA,100 WOODS RD,VALHALLA,NY,MEDASSETS,12/18/2024,2349858089,946,1.0,CS,160.5,0.0
,,R705T2,ECFX,UNIVERSITY OF ROCHESTER/STRONG (LUM,601 ELMWOOD AVE,ROCHESTER,NY,MEDASSETS,12/21/2024,2349928534,646,0.1,CS,12.39,0.0
,,R705T1,ECHZ,WILSON MEMORIAL HOSPITAL (LUM),33-57 HARRISON ST,JOHNSON CITY,NY,MEDASSETS,12/20/2024,2349940565,648,1.0,CS,155.0,0.0
,,R705T2,6RYB,PROMEDICA CHARLES & VIRG HICK (LUM),5640 N ADRIAN HWY,ADRIAN,MI,MEDASSETS,12/20/2024,2349930113,957,0.4,CS,50.28,0.92
,,R705T1,BAIR,WESTCHESTER MEDICAL CENTER - LUM CA,100 WOODS RD,VALHALLA,NY,MEDASSETS,12/20/2024,2349950603,946,0.2,CS,32.1,0.0
,,R705T1,CVBH,ANN AND ROBERT H LURIE CHILDRENS,200 E SUPERIOR ST,CHICAGO,IL,MEDASSETS,12/22/2024,2349950904,648,1.0,CS,155.0,0.0
,,R705T1,BAIR,WESTCHESTER MEDICAL CENTER - LUM CA,100 WOODS RD,VALHALLA,NY,MEDASSETS,12/22/2024,2349957786,946,0.2,CS,32.1,0.0
,,R705T1,BAIR,WESTCHESTER MEDICAL CENTER - LUM CA,100 WOODS RD,VALHALLA,NY,MEDASSETS,12/20/2024,2349949073,974,0.1,CS,22.0,0.0
,,R705T1,RQL9,EMANUEL HOSPITAL,2801 N GANTENBEIN AVE,PORTLAND,OR,MEDASSETS,12/22/2024,2349960337,648,2.0,CS,310.08,0.0
,,R705T1,F0V2,NORMAN REGIONAL HOSPITAL,3300 HEALTHPLEX PKWY,NORMAN,OK,MEDASSETS,12/10/2024,2349968651,649B,2.0,CS,279.88,0.0
,,R705T2,KPN9,GRADY HEALTH SYSTEM LUM CARTS,80 JESSE HILL JR DR SE,ATLANTA,GA,MEDASSETS,12/21/2024,2349974778,648,0.4,CS,60.8,0.0
,,R705T2,KPN9,GRADY HEALTH SYSTEM LUM CARTS,80 JESSE HILL JR DR SE,ATLANTA,GA,MEDASSETS,12/20/2024,2349974715,648,0.2,CS,30.4,0.0
,,R705T2,KPN9,GRADY HEALTH SYSTEM LUM CARTS,80 JESSE HILL JR DR SE,ATLANTA,GA,MEDASSETS,12/20/2024,2349974741,648,0.4,CS,60.8,0.0
,,R705T2,R158,HIGHLAND HOSPITAL-ROCHESTER (LUM),1000 SOUTH AVE,ROCHESTER,NY,MEDASSETS,12/20/2024,2350018925,648,0.4,CS,60.8,0.0
,,R705T2,R158,HIGHLAND HOSPITAL-ROCHESTER (LUM),1000 SOUTH AVE,ROCHESTER,NY,MEDASSETS,12/21/2024,2350021322,648,0.2,CS,30.4,0.0
,,R705T1,VXE3,JOHNS HOPKINS ALL CHILDRENS HOSPITA,501 6TH AVE S,SAINT PETERSBURG,FL,MEDASSETS,12/23/2024,2350027507,645,1.0,CS,144.94,0.0
,,R705T1,BAIR,WESTCHESTER MEDICAL CENTER - LUM CA,100 WOODS RD,VALHALLA,NY,MEDASSETS,12/23/2024,2350041612,946,0.2,CS,32.1,0.0
,,R705T1,HDIH,THE UNIVERSITY OF TEXAS SW MEDICAL,6201 HARRY HINES BLVD,DALLAS,TX,MEDASSETS,12/23/2024,2350057941,956,1.0,CS,158.0,0.0
,,R705T2,ECFX,UNIVERSITY OF ROCHESTER/STRONG (LUM,601 ELMWOOD AVE,ROCHESTER,NY,MEDASSETS,12/23/2024,2350042213,648,0.1,CS,15.2,0.0
,,R705T1,XNYW,INSIGHT HOSPITAL & MED CTR COLDWATE,274 E CHICAGO ST,COLDWATER,MI,MEDASSETS,12/11/2024,2350063833,957,2.0,CS,256.42,0.0
,,R705T1,Q3S0,ABBEVILLE GENERAL HOSPITAL-VIP,118 N HOSPITAL DR,ABBEVILLE,LA,MEDASSETS,12/23/2024,2350070641,648,0.4,CS,62.04,0.0
,,R705T2,LCAC,UNIV CINCINNATI-WESTCHESTER (LUM),7700 UNIVERSITY DR,WEST CHESTER,OH,MEDASSETS,12/20/2024,2350072099,974,1.0,CS,215.7,0.0
,,R705T2,WEZO,PMR WILDWOOD,2865 N REYNOLDS RD STE 170,TOLEDO,OH,MEDASSETS,12/16/2024,2350092043,957,4.0,CS,502.8,9.2
,,R705T2,R152,UNIVERSITY OF ROCHESTER/STRONG (BUL,601 ELMWOOD AVE,ROCHESTER,NY,MEDASSETS,12/23/2024,2350085561,648,1.0,CS,152.0,0.0
,,R705T2,R152,UNIVERSITY OF ROCHESTER/STRONG (BUL,601 ELMWOOD AVE,ROCHESTER,NY,MEDASSETS,12/23/2024,2350085564,648,0.2,CS,30.4,0.0
,,R705T1,XU8I,UNIV OF KANSAS HS-CAMBRIDGE DOCK,3801 EATON ST,KANSAS CITY,KS,MEDASSETS,12/23/2024,2350114750,956,2.0,CS,316.0,0.0
,,R705T2,R152,UNIVERSITY OF ROCHESTER/STRONG (BUL,601 ELMWOOD AVE,ROCHESTER,NY,MEDASSETS,12/22/2024,2350085527,648,0.5,CS,76.0,0.0
,,R705T2,ECFX,UNIVERSITY OF ROCHESTER/STRONG (LUM,601 ELMWOOD AVE,ROCHESTER,NY,MEDASSETS,12/23/2024,2350171252,646,0.1,CS,12.39,0.0
,,R705T2,ECFX,UNIVERSITY OF ROCHESTER/STRONG (LUM,601 ELMWOOD AVE,ROCHESTER,NY,MEDASSETS,12/24/2024,2350173903,648,0.4,CS,60.8,0.0
,,R705T1,W5ZF,VANDERBILT IMAGING (BULK),2000 RICHARD JONES RD STE 270,NASHVILLE,TN,MEDASSETS,12/19/2024,2350185577,656,1.0,CS,139.89,0.0
,,R705T1,X75V,PANOLA MEDICAL CENTER,303 MEDICAL CENTER DR,BATESVILLE,MS,MEDASSETS,12/24/2024,2350187755,648,0.2,CS,31.02,0.0
,,R705T1,ECHZ,WILSON MEMORIAL HOSPITAL (LUM),33-57 HARRISON ST,JOHNSON CITY,NY,MEDASSETS,12/23/2024,2350168723,648,0.1,CS,15.5,0.0
,,R705T1,MKSO,BELLIN MEMORIAL HOSPITAL INC,905 CASS ST,GREEN BAY,WI,MEDASSETS,12/23/2024,2350207187,648,1.0,CS,155.04,0.0
,,R705T1,Q7QB,WMC - LUM ON PALLETS,100 WOODS RD,VALHALLA,NY,MEDASSETS,12/23/2024,2350215673,974,1.0,CS,220.01,0.0
,,R705T2,RBBA,PROMEDICA TOLEDO HOSPITAL (LUM),2142 N COVE BLVD,TOLEDO,OH,MEDASSETS,12/23/2024,2350206696,957,0.3,CS,37.71,0.69
,,R705T2,Q542,MIAMI VALLEY HOSPITAL,1 WYOMING ST,DAYTON,OH,MEDASSETS,12/23/2024,2350224823,648,1.0,CS,152.0,0.0
,,R705T1,OLWT,WILSON HEALTH,915 W MICHIGAN ST,SIDNEY,OH,MEDASSETS,12/23/2024,2350236328,974,0.1,CS,22.0,0.0
,,R705T2,DT9K,UNIVERSITY OF CINCINNATI - UCMC,331 ALBERT SABIN WAY,CINCINNATI,OH,MEDASSETS,12/23/2024,2350239821,974,4.0,CS,862.8,0.0
,,R705T2,Q358,PROMEDICA MONROE REGIONAL (LUM),718 N MACOMB ST,MONROE,MI,MEDASSETS,12/23/2024,2350219914,648,0.2,CS,30.4,0.0
,,R705T1,U890,DOCTORS MEMORIAL HOSPITAL,333 N BYRON BUTLER PKWY,PERRY,FL,MEDASSETS,12/05/2024,2350226866,647,1.0,CS,154.84,0.0
,,R705T2,R152,UNIVERSITY OF ROCHESTER/STRONG (BUL,601 ELMWOOD AVE,ROCHESTER,NY,MEDASSETS,12/24/2024,2350239942,648,0.2,CS,30.4,0.0
,,R705T1,573P,INSPIRA IMAGING CTR-TOMLIN STATION,201 TOMLIN STATION RD,MULLICA HILL,NJ,MEDASSETS,12/23/2024,2350240310,957,4.0,CS,512.84,0.0
,,R705T1,Q911,BRYN MAWR HOSPITAL,130 S BRYN MAWR AVE,BRYN MAWR,PA,MEDASSETS,11/19/2024,2350274041,956,1.0,CS,158.0,0.0
,,R705T1,BAIR,WESTCHESTER MEDICAL CENTER - LUM CA,100 WOODS RD,VALHALLA,NY,MEDASSETS,12/24/2024,2350278823,946,0.3,CS,48.150000000000006,0.0
,,R705T1,HFNW,CHILDRENS NATIONAL HOSPITAL(LUM),111 MICHIGAN AVE NW,WASHINGTON,DC,MEDASSETS,12/24/2024,2350350195,648,0.3,CS,46.5,0.0
,,R705T1,R998,SILVER CROSS HOSPITAL,1900 SILVER CROSS BLVD,NEW LENOX,IL,MEDASSETS,12/24/2024,2350346166,648,1.0,CS,155.04,0.0
,,R705T1,BAIR,WESTCHESTER MEDICAL CENTER - LUM CA,100 WOODS RD,VALHALLA,NY,MEDASSETS,12/24/2024,2350360858,946,0.1,CS,16.05,0.0
,,R705T2,R152,UNIVERSITY OF ROCHESTER/STRONG (BUL,601 ELMWOOD AVE,ROCHESTER,NY,MEDASSETS,12/24/2024,2350357829,648,0.2,CS,30.4,0.0
,,R705T2,ECFX,UNIVERSITY OF ROCHESTER/STRONG (LUM,601 ELMWOOD AVE,ROCHESTER,NY,MEDASSETS,12/24/2024,2350375706,648,0.5,CS,76.0,0.0
,,R705T1,K48F,EXCELSIOR SPRINGS MEDICAL CENTER,1700 RAINBOW BLVD,EXCELSIOR SPRINGS,MO,MEDASSETS,12/24/2024,2350385879,646,0.1,CS,12.64,0.0
,,R705T1,MLBP,PHOEBE PUTNEY MEMORIAL HOSPITAL,1008 N MONROE ST,ALBANY,GA,MEDASSETS,11/06/2024,2350412790,957,1.0,CS,128.21,0.0
,,R705T2,R152,UNIVERSITY OF ROCHESTER/STRONG (BUL,601 ELMWOOD AVE,ROCHESTER,NY,MEDASSETS,12/26/2024,2350421995,648,0.2,CS,30.4,0.0
,,R705T1,R702,PAOLI MEMORIAL HOSPITAL,255 W LANCASTER AVE,PAOLI,PA,MEDASSETS,12/26/2024,2350415720,648,4.0,CS,620.16,0.0
,,R705T2,LCAC,UNIV CINCINNATI-WESTCHESTER,7700 UNIVERSITY DR,WEST CHESTER,OH,MEDASSETS,12/24/2024,2350442499,656,1.0,CS,137.15,1.85
,,R705T2,RBBA,PROMEDICA TOLEDO HOSPITAL (LUM),2142 N COVE BLVD,TOLEDO,OH,MEDASSETS,12/25/2024,2350478418,946,0.3,CS,47.22,0.0
,,R705T2,ECFX,UNIVERSITY OF ROCHESTER/STRONG (LUM,601 ELMWOOD AVE,ROCHESTER,NY,MEDASSETS,12/26/2024,2350536697,648,0.6,CS,91.19999999999999,0.0
,,R705T2,ECFX,UNIVERSITY OF ROCHESTER/STRONG (LUM,601 ELMWOOD AVE,ROCHESTER,NY,MEDASSETS,12/27/2024,2350545148,648,0.1,CS,15.2,0.0
,,R705T2,XSIU,ATRIUM MEDICAL CENTER (LUM),1 MEDICAL CENTER DR,MIDDLETOWN,OH,MEDASSETS,12/26/2024,2350526581,647,1.0,CS,151.8,0.0
,,R705T2,LCAC,UNIV CINCINNATI-WESTCHESTER (LUM),7700 UNIVERSITY DR,WEST CHESTER,OH,MEDASSETS,12/26/2024,2350552615,974,0.2,CS,43.14,0.0
,,R705T2,6RYB,PROMEDICA CHARLES & VIRG HICK (LUM),5640 N ADRIAN HWY,ADRIAN,MI,MEDASSETS,12/26/2024,2350557603,957,0.2,CS,25.14,0.46
,,R705T1,BAIR,WESTCHESTER MEDICAL CENTER - LUM CA,100 WOODS RD,VALHALLA,NY,MEDASSETS,12/26/2024,2350631554,946,0.3,CS,48.150000000000006,0.0
,,R705T1,ECHZ,WILSON MEMORIAL HOSPITAL (LUM),33-57 HARRISON ST,JOHNSON CITY,NY,MEDASSETS,12/26/2024,2350639574,648,0.4,CS,62.04,0.0
,,R705T1,ECHZ,WILSON MEMORIAL HOSPITAL (LUM),33-57 HARRISON ST,JOHNSON CITY,NY,MEDASSETS,12/26/2024,2350639518,648,0.5,CS,77.5,0.0
,,R705T1,BAIR,WESTCHESTER MEDICAL CENTER - LUM CA,100 WOODS RD,VALHALLA,NY,MEDASSETS,12/26/2024,2350631554,974,0.1,CS,22.0,0.0
,,R705T2,ECFX,UNIVERSITY OF ROCHESTER/STRONG (LUM,601 ELMWOOD AVE,ROCHESTER,NY,MEDASSETS,12/28/2024,2350695830,645,0.1,CS,14.21,0.0
,,R705T2,ECFX,UNIVERSITY OF ROCHESTER/STRONG (LUM,601 ELMWOOD AVE,ROCHESTER,NY,MEDASSETS,12/28/2024,2350695851,646,0.3,CS,37.17,0.0
,,R705T1,HFNW,CHILDRENS NATIONAL HOSPITAL(LUM),111 MICHIGAN AVE NW,WASHINGTON,DC,MEDASSETS,12/28/2024,2350695280,648,0.5,CS,77.5,0.0
,,R705T1,BAIR,WESTCHESTER MEDICAL CENTER - LUM CA,100 WOODS RD,VALHALLA,NY,MEDASSETS,12/27/2024,2350720189,946,0.3,CS,48.150000000000006,0.0
,,R705T1,BAIR,WESTCHESTER MEDICAL CENTER - LUM CA,100 WOODS RD,VALHALLA,NY,MEDASSETS,12/27/2024,2350720186,974,0.1,CS,22.0,0.0
,,R705T2,RBBA,PROMEDICA TOLEDO HOSPITAL (LUM),2142 N COVE BLVD,TOLEDO,OH,MEDASSETS,12/29/2024,2350735120,946,0.4,CS,62.96,0.0
,,R705T1,5K02,CURE 4 THE KIDS FOUNDATION,1 BREAKTHROUGH WAY STE 300,LAS VEGAS,NV,MEDASSETS,12/27/2024,2350730397,646,3.0,CS,379.14,0.0
,,R705T2,R152,UNIVERSITY OF ROCHESTER/STRONG (BUL,601 ELMWOOD AVE,ROCHESTER,NY,MEDASSETS,12/28/2024,2350712991,648,0.5,CS,76.0,0.0
,,R705T1,BAIR,WESTCHESTER MEDICAL CENTER - LUM CA,100 WOODS RD,VALHALLA,NY,MEDASSETS,12/29/2024,2350727906,946,0.1,CS,16.05,0.0
,,R705T2,KPN9,GRADY HEALTH SYSTEM LUM CARTS,80 JESSE HILL JR DR SE,ATLANTA,GA,MEDASSETS,12/27/2024,2350740157,648,0.2,CS,30.4,0.0
,,R705T2,KPN9,GRADY HEALTH SYSTEM LUM CARTS,80 JESSE HILL JR DR SE,ATLANTA,GA,MEDASSETS,12/28/2024,2350744713,648,0.2,CS,30.4,0.0
,,R705T1,RQL9,EMANUEL HOSPITAL,2801 N GANTENBEIN AVE,PORTLAND,OR,MEDASSETS,12/28/2024,2350738485,646,2.0,CS,252.76,0.0
,,R705T2,RBBA,PROMEDICA TOLEDO HOSPITAL (LUM),2142 N COVE BLVD,TOLEDO,OH,MEDASSETS,12/29/2024,2350731897,957,0.6,CS,75.42,1.38
,,R705T2,Q641,PROMEDICA FLOWER HOSPITAL (LUM),5200 HARROUN RD,SYLVANIA,OH,MEDASSETS,12/29/2024,2350733744,946,0.1,CS,15.74,0.0
,,R705T2,RBBA,PROMEDICA TOLEDO HOSPITAL (LUM),2142 N COVE BLVD,TOLEDO,OH,MEDASSETS,12/29/2024,2350731894,946,0.4,CS,62.96,0.0
,,R705T1,JKFF,NCH MD-HEALTHCARE SYSTEM,350 7TH ST N,NAPLES,FL,MEDASSETS,12/30/2024,2350803255,648,1.0,CS,155.04,0.0
,,R705T1,VXE3,JOHNS HOPKINS ALL CHILDRENS HOSPITA,501 6TH AVE S,SAINT PETERSBURG,FL,MEDASSETS,12/30/2024,2350805172,645,1.0,CS,144.94,0.0
,,R705T2,R158,HIGHLAND HOSPITAL-ROCHESTER (LUM),1000 SOUTH AVE,ROCHESTER,NY,MEDASSETS,12/26/2024,2350797613,648,0.4,CS,60.8,0.0
,,R705T2,RBBA,PROMEDICA TOLEDO HOSPITAL (LUM),2142 N COVE BLVD,TOLEDO,OH,MEDASSETS,12/27/2024,2350825707,957,0.2,CS,25.14,0.46
,,R705T2,ECFX,UNIVERSITY OF ROCHESTER/STRONG (LUM,601 ELMWOOD AVE,ROCHESTER,NY,MEDASSETS,12/30/2024,2350805279,648,0.3,CS,45.599999999999994,0.0
,,R705T1,BAIR,WESTCHESTER MEDICAL CENTER - LUM CA,100 WOODS RD,VALHALLA,NY,MEDASSETS,12/27/2024,2350843805,946,0.4,CS,64.2,0.0
,,R705T1,HDIH,THE UNIVERSITY OF TEXAS SW MEDICAL,6201 HARRY HINES BLVD,DALLAS,TX,MEDASSETS,12/27/2024,2350860962,648,2.0,CS,310.08,0.0
,,R705T1,Q911,BRYN MAWR HOSPITAL,130 S BRYN MAWR AVE,BRYN MAWR,PA,MEDASSETS,12/27/2024,2350895676,648,0.2,CS,31.02,0.0
,,R705T1,UOL7,ARNOT-OGDEN MEDICAL CENTER,600 ROE AVE,ELMIRA,NY,MEDASSETS,12/31/2024,2350900718,649,1.0,CS,155.09,0.0
,,R705T1,6GZ9,PARKLAND HEALTH (SCDC),10880 GOODNIGHT LN,DALLAS,TX,MEDASSETS,12/30/2024,2350914064,946,2.0,CS,321.0,0.0
,,R705T1,CR7T,TGH BHP EMERGENCY CENTER,10740 PALM RIVER RD,TAMPA,FL,MEDASSETS,12/30/2024,2350902716,656,1.0,CS,139.9,0.0
,,R705T1,HETB,CAPITAL REGION MEDICAL CNTR,901 N HARRY S TRUMAN DR,LARGO,MD,MEDASSETS,12/30/2024,2350910673,648,6.0,CS,930.24,0.0
,,R705T1,KGJM,UNIVER OF MD-ST JOSEPH MED CTR-TRIA,7601 OSLER DR,TOWSON,MD,MEDASSETS,12/30/2024,2350909722,656,1.0,CS,139.89,0.0
,,R705T1,BAIR,WESTCHESTER MEDICAL CENTER - LUM CA,100 WOODS RD,VALHALLA,NY,MEDASSETS,12/30/2024,2350919076,974,0.1,CS,22.0,0.0
,,R705T2,Q554,PROMEDICA FOSTORIA COMMUNITY HOSPIT,501 VAN BUREN ST,FOSTORIA,OH,MEDASSETS,12/28/2024,2350929210,957,1.0,CS,125.7,2.3
,,R705T2,Q542,MIAMI VALLEY HOSPITAL,1 WYOMING ST,DAYTON,OH,MEDASSETS,12/30/2024,2350929510,648,1.0,CS,152.0,0.0
,,R705T1,BAIR,WESTCHESTER MEDICAL CENTER - LUM CA,100 WOODS RD,VALHALLA,NY,MEDASSETS,12/30/2024,2350919076,946,0.1,CS,16.05,0.0
,,R705T1,HHNU,CHILDRENS HOSPITAL OF WISCONSIN,6740 W WASHINGTON ST,WEST ALLIS,WI,MEDASSETS,12/30/2024,2350942265,649B,2.0,CS,279.88,0.0
,,R705T2,Q641,PROMEDICA FLOWER HOSPITAL (LUM),5200 HARROUN RD,SYLVANIA,OH,MEDASSETS,12/30/2024,2350954785,946,0.1,CS,15.74,0.0
,,R705T2,6RYB,PROMEDICA CHARLES & VIRG HICK (LUM),5640 N ADRIAN HWY,ADRIAN,MI,MEDASSETS,12/30/2024,2350957235,957,0.1,CS,12.57,0.23
,,R705T1,BAIR,WESTCHESTER MEDICAL CENTER - LUM CA,100 WOODS RD,VALHALLA,NY,MEDASSETS,12/30/2024,2351024954,946,0.5,CS,80.25,0.0
,,R705T2,TP6L,WILMINGTON MATERNAL-FETAL MEDICINE,2212 DELANEY AVENUE ,WILMINGTON,NC,MEDASSETS,11/30/2024,73048882,650,1.0,CS,132.75,1.25
,,R705T2,X161,CONCORD ORTHOPAEDICS,264 PLEASANT ST ,CONCORD,NH,MEDASSETS,12/04/2024,73184662,957,3.0,CS,377.1,3.9
,,R705T2,W1VK,DERRY MEDICAL  CENTER PA,PO BOX 347 ,DERRY,NH,MEDASSETS,12/04/2024,73161909,957B,1.0,CS,106.7,1.3
,,R705T2,DGVF,OLD DOMINION UNIVERSITY,4401 POWHATAN AVE STE 11 PROCUREMENT SERVICES,NORFOLK,VA,MEDASSETS,12/03/2024,22982124,650,1.0,CS,132.75,1.25
,,R705T2,Y13O,ALTOONA MRI LP,2950 FAIRWAY DRIVE ,ALTOONA,PA,MEDASSETS,12/06/2024,73254895,957,3.0,CS,377.1,3.9
,,R705T2,UYF4,CEDAR VALLEY MED SPECIALIST PC,PO BOX 2758 ,WATERLOO,IA,MEDASSETS,12/08/2024,73290922,957,1.0,CS,125.7,1.3
,,R705T2,JEOQ,"THE EMORY CLINIC, INC.",PO BOX 54407 ACCOUNTS PAYABLE,ATLANTA,GA,MEDASSETS,12/05/2024,73216392,650,1.0,CS,132.75,1.25
,,R705T2,D67R,UNIVERSITY OF MIAMI,PO BOX 248066 ATTN: ACCOUNTS PAYABLE,CORAL GABLES,FL,MEDASSETS,12/11/2024,73391089,650,1.0,CS,132.75,1.25
,,R705T2,FV3G,PEDIATRIX MEDICAL GROUP,1304 CONCORDE TERRACE ,SUNRISE,FL,MEDASSETS,12/18/2024,73665337,650,1.0,CS,132.75,1.25
,,R705T2,D67R,UNIVERSITY OF MIAMI,PO BOX 248066 ATTN: ACCOUNTS PAYABLE,CORAL GABLES,FL,MEDASSETS,12/16/2024,73539660,650,1.0,CS,132.75,1.25
,,R705T2,Y13O,ALTOONA MRI LP,2950 FAIRWAY DRIVE ,ALTOONA,PA,MEDASSETS,12/24/2024,73798837,957,3.0,CS,377.1,3.9
,,R705T2,DSDC,ATLANTA PERINATAL CONS ACCTS PAYABLE,5780 PEACHTREE DUNWOODY RD SUITE 380,ATLANTA,GA,MEDASSETS,12/22/2024,73747920,650,1.0,CS,132.75,1.25
,,R705T2,DGVF,OLD DOMINION UNIVERSITY,4401 POWHATAN AVE STE 11 PROCUREMENT SERVICES,NORFOLK,VA,MEDASSETS,12/22/2024,23077868,650,2.0,CS,265.5,2.5
,,R705T2,X161,CONCORD ORTHOPAEDICS,264 PLEASANT ST ,CONCORD,NH,MEDASSETS,12/20/2024,73722245,957,3.0,CS,377.1,3.9
,,R705T2,X161,CONCORD ORTHOPAEDICS,264 PLEASANT ST ,CONCORD,NH,MEDASSETS,12/20/2024,73722277,957,1.0,CS,125.7,1.3
,,R705T2,X161,CONCORD ORTHOPAEDICS,264 PLEASANT ST ,CONCORD,NH,MEDASSETS,12/20/2024,73722281,957,6.0,CS,754.2,7.8
,,R705T2,JJQQ,RADY CHILDREN'S HOSPITAL- SAN DIEGO,3020 CHILDRENS WAY MC5001 ATTN ACCOUNTS PAYABLE,SAN DIEGO,CA,MEDASSETS,12/27/2024,73865508,650,1.0,CS,132.75,1.25
,,R705T2,UYF4,CEDAR VALLEY MED SPECIALIST PC,PO BOX 2758 ,WATERLOO,IA,MEDASSETS,12/28/2024,73879755,957,1.0,CS,125.7,1.3
,,R705T2,UYF4,CEDAR VALLEY MED SPECIALIST PC,PO BOX 2758 ,WATERLOO,IA,MEDASSETS,12/28/2024,73882419,957,1.0,CS,125.7,1.3
,,R705T2,6NOD,SHREWSBURY DIAGNOSTIC IMAGING,1131 BROAD ST STE 110 ,SHREWSBURY,NJ,MEDASSETS,01/02/2025,73991838,650,2.0,CS,265.5,2.5
,,R705T2,JQFL,UNIVERSITY CENTER IMAGING,1800 W HIBISCUS BLVD STE 100 ,MELBOURNE,FL,MEDASSETS,01/01/2025,73964841,957,1.0,CS,125.7,1.3
,,R705T1,XOJW,YAVAPAI REG MEDICAL CTR- WEST,1003 WILLOW CREEK RD,PRESCOTT,AZ,MEDASSETS,12/31/2024,2351070002,649B,1.0,CS,139.94,0.0
,,R705T2,KPN9,GRADY HEALTH SYSTEM LUM CARTS,80 JESSE HILL JR DR SE,ATLANTA,GA,MEDASSETS,12/31/2024,2351104700,648,0.6,CS,91.19999999999999,0.0
,,R705T1,5LRQ,AKRON CHILDRENS HOSPITAL,1 PERKINS SQ,AKRON,OH,MEDASSETS,12/31/2024,2351154139,646,2.0,CS,252.76,0.0
,,R705T1,BAIR,WESTCHESTER MEDICAL CENTER - LUM CA,100 WOODS RD,VALHALLA,NY,MEDASSETS,01/02/2025,2351183525,974,0.1,CS,22.0,0.0
,,R705T1,BAIR,WESTCHESTER MEDICAL CENTER - LUM CA,100 WOODS RD,VALHALLA,NY,MEDASSETS,01/02/2025,2351183568,946,0.4,CS,64.2,0.0
,,R705T1,BAIR,WESTCHESTER MEDICAL CENTER - LUM CA,100 WOODS RD,VALHALLA,NY,MEDASSETS,12/31/2024,2351163645,946,0.5,CS,80.25,0.0
,,R705T2,SUBS,UNIV CINCINNATI-BCW,3200 BURNET AVE,CINCINNATI,OH,MEDASSETS,12/31/2024,2351174595,974,5.0,CS,1078.5,0.0
,,R705T1,BAIR,WESTCHESTER MEDICAL CENTER - LUM CA,100 WOODS RD,VALHALLA,NY,MEDASSETS,12/31/2024,2351183501,974,1.0,CS,220.0,0.0
,,R705T2,ECFX,UNIVERSITY OF ROCHESTER/STRONG (LUM,601 ELMWOOD AVE,ROCHESTER,NY,MEDASSETS,12/30/2024,2351069973,646,0.1,CS,12.39,0.0
,,R705T2,RBBA,PROMEDICA TOLEDO HOSPITAL (LUM),2142 N COVE BLVD,TOLEDO,OH,MEDASSETS,12/31/2024,2351278937,946,0.2,CS,31.48,0.0
,,R705T1,JZ5Y,CHS-ST FRANCIS HOSPITAL,100 PORT WASHINGTON BLVD,ROSLYN,NY,MEDASSETS,01/03/2025,2351385863,648,1.0,CS,155.04,0.0
,,R705T2,R152,UNIVERSITY OF ROCHESTER/STRONG (BUL,601 ELMWOOD AVE,ROCHESTER,NY,MEDASSETS,01/02/2025,2351420137,648,0.1,CS,15.2,0.0
,,R705T1,HFNW,CHILDRENS NATIONAL HOSPITAL(LUM),111 MICHIGAN AVE NW,WASHINGTON,DC,MEDASSETS,01/02/2025,2351434591,646,0.8,CS,101.12,0.0
,,R705T1,HFNW,CHILDRENS NATIONAL HOSPITAL(LUM),111 MICHIGAN AVE NW,WASHINGTON,DC,MEDASSETS,01/02/2025,2351434550,646,4.0,CS,505.6,0.0
,,R705T2,ECFX,UNIVERSITY OF ROCHESTER/STRONG (LUM,601 ELMWOOD AVE,ROCHESTER,NY,MEDASSETS,01/03/2025,2351414510,648,0.2,CS,30.4,0.0
,,R705T1,XOEL,KECK HOSPITAL OF USC (BULK),1500 SAN PABLO ST,LOS ANGELES,CA,MEDASSETS,01/02/2025,2351459753,956,1.0,CS,158.0,0.0
,,R705T1,MF5W,GOOD SAMARITAN HOSPITAL,1015 NW 22ND AVE,PORTLAND,OR,MEDASSETS,01/01/2025,2351463810,648,1.0,CS,155.04,0.0
,,R705T1,TYYA,LANKENAU HOSPITAL,100 E LANCASTER AVE,WYNNEWOOD,PA,MEDASSETS,01/02/2025,2351471598,648,1.2,CS,186.0,0.0
,,R705T1,XOEL,KECK HOSPITAL OF USC (BULK),1500 SAN PABLO ST,LOS ANGELES,CA,MEDASSETS,01/02/2025,2351459778,956,2.0,CS,316.0,0.0
,,R705T1,JY7Z,LEGACY SALMON CREEK HOSPITAL,2211 NE 139TH ST,VANCOUVER,WA,MEDASSETS,01/01/2025,2351459568,648,2.0,CS,310.08,0.0
,,R705T2,KPN9,GRADY HEALTH SYSTEM LUM CARTS,80 JESSE HILL JR DR SE,ATLANTA,GA,MEDASSETS,12/23/2024,2351510901,648,2.0,CS,304.0,0.0
,,R705T2,KPN9,GRADY HEALTH SYSTEM LUM CARTS,80 JESSE HILL JR DR SE,ATLANTA,GA,MEDASSETS,01/02/2025,2351510986,648,0.1,CS,15.2,0.0
,,R705T2,ECFX,UNIVERSITY OF ROCHESTER/STRONG (LUM,601 ELMWOOD AVE,ROCHESTER,NY,MEDASSETS,01/04/2025,2351574520,646,0.1,CS,12.39,0.0
,,R705T1,HFNW,CHILDRENS NATIONAL HOSPITAL(LUM),111 MICHIGAN AVE NW,WASHINGTON,DC,MEDASSETS,01/03/2025,2351588407,645,0.8,CS,115.92,0.0
,,R705T2,XMYH,FF THOMPSON HEALTH SYSTEM INC (BULK,350 PARRISH ST,CANANDAIGUA,NY,MEDASSETS,01/03/2025,2351610579,648,1.0,CS,152.0,0.0
,,R705T1,S156,RUSH COPLEY MEDICAL CENTER,2000 OGDEN AVE,AURORA,IL,MEDASSETS,01/03/2025,2351617676,957,1.0,CS,128.21,0.0
,,R705T1,XOEL,KECK HOSPITAL OF USC (BULK),1500 SAN PABLO ST,LOS ANGELES,CA,MEDASSETS,01/03/2025,2351626432,956,1.0,CS,158.0,0.0
,,R705T2,RBBA,PROMEDICA TOLEDO HOSPITAL (LUM),2142 N COVE BLVD,TOLEDO,OH,MEDASSETS,01/05/2025,2351642595,946,0.3,CS,47.22,0.0
,,R705T1,BAIR,WESTCHESTER MEDICAL CENTER - LUM CA,100 WOODS RD,VALHALLA,NY,MEDASSETS,01/02/2025,2351637919,946,1.0,CS,160.5,0.0
,,R705T2,Q542,MIAMI VALLEY HOSPITAL,1 WYOMING ST,DAYTON,OH,MEDASSETS,01/03/2025,2351638001,648,1.0,CS,152.0,0.0
,,R705T1,DYQE,GENESIS HEALTHCARE SYSTEM,2951 MAPLE AVE,ZANESVILLE,OH,MEDASSETS,01/03/2025,2351641171,648,1.0,CS,155.04,0.0
,,R705T2,RBBA,PROMEDICA TOLEDO HOSPITAL (LUM),2142 N COVE BLVD,TOLEDO,OH,MEDASSETS,01/05/2025,2351645306,957,0.6,CS,75.42,1.38
,,R705T1,BAIR,WESTCHESTER MEDICAL CENTER - LUM CA,100 WOODS RD,VALHALLA,NY,MEDASSETS,01/05/2025,2351665800,946,0.3,CS,48.150000000000006,0.0
,,R705T2,KPN9,GRADY HEALTH SYSTEM LUM CARTS,80 JESSE HILL JR DR SE,ATLANTA,GA,MEDASSETS,01/03/2025,2351663668,646,0.1,CS,12.39,0.0
,,R705T2,KPN9,GRADY HEALTH SYSTEM LUM CARTS,80 JESSE HILL JR DR SE,ATLANTA,GA,MEDASSETS,01/04/2025,2351663689,648,0.2,CS,30.4,0.0
,,R705T1,BAIR,WESTCHESTER MEDICAL CENTER - LUM CA,100 WOODS RD,VALHALLA,NY,MEDASSETS,01/05/2025,2351665800,974,0.1,CS,22.0,0.0
,,R705T2,KPN9,GRADY HEALTH SYSTEM LUM CARTS,80 JESSE HILL JR DR SE,ATLANTA,GA,MEDASSETS,01/05/2025,2351666245,648,0.2,CS,30.4,0.0
,,R705T2,KPN9,GRADY HEALTH SYSTEM LUM CARTS,80 JESSE HILL JR DR SE,ATLANTA,GA,MEDASSETS,01/03/2025,2351663635,648,0.2,CS,30.4,0.0
,,R705T1,BAIR,WESTCHESTER MEDICAL CENTER - LUM CA,100 WOODS RD,VALHALLA,NY,MEDASSETS,01/05/2025,2351665815,974,0.1,CS,22.0,0.0
,,R705T1,JZ5Y,CHS-ST FRANCIS HOSPITAL,100 PORT WASHINGTON BLVD,ROSLYN,NY,MEDASSETS,01/06/2025,2351735045,648,1.0,CS,155.04,0.0
,,R705T1,X917,COREWELL HEALTH FARMINGTON HILLS HO,28050 GRAND RIVER AVE,FARMINGTON HILLS,MI,MEDASSETS,01/03/2025,2351752053,656,2.0,CS,279.78,0.0
,,R705T2,R152,UNIVERSITY OF ROCHESTER/STRONG (BUL,601 ELMWOOD AVE,ROCHESTER,NY,MEDASSETS,01/06/2025,2351762530,648,0.5,CS,76.0,0.0
,,R705T2,LCAC,UNIV CINCINNATI-WESTCHESTER (LUM),7700 UNIVERSITY DR,WEST CHESTER,OH,MEDASSETS,01/03/2025,2351778881,974,0.2,CS,43.14,0.0
,,R705T2,RBBA,PROMEDICA TOLEDO HOSPITAL (LUM),2142 N COVE BLVD,TOLEDO,OH,MEDASSETS,01/03/2025,2351737673,957,0.3,CS,37.71,0.69
,,R705T1,JZ5Z,CHS-GOOD SAMARITAN HOSPITAL / A90,1000 MONTAUK HWY,WEST ISLIP,NY,MEDASSETS,01/06/2025,2351739225,648,1.0,CS,155.04,0.0
,,R705T2,R152,UNIVERSITY OF ROCHESTER/STRONG (BUL,601 ELMWOOD AVE,ROCHESTER,NY,MEDASSETS,01/05/2025,2351761378,648,0.5,CS,76.0,0.0
,,R705T2,LCAC,UNIV CINCINNATI-WESTCHESTER (LUM),7700 UNIVERSITY DR,WEST CHESTER,OH,MEDASSETS,01/03/2025,2351778860,974,0.4,CS,86.28,0.0
,,R705T1,67BR,CCP TASS INC,6 WELLNESS WAY STE 201,LATHAM,NY,MEDASSETS,12/11/2024,2351769772,648B,1.0,CS,139.94,0.0
,,R705T1,6UVO,CANCER PREVENTION CENTER (BULK),1155 PRESSLER ST,HOUSTON,TX,MEDASSETS,01/06/2025,2351863387,646,1.0,CS,126.38,0.0
,,R705T1,W5EQ,INSPIRA MCH (BULK),700 MULLICA HILL RD,MULLICA HILL,NJ,MEDASSETS,01/04/2025,2351800642,648,2.0,CS,310.08,0.0
,,R705T1,R326,CAYUGA MEDICAL CENTER-AT ITHACA,101 DATES DR,ITHACA,NY,MEDASSETS,01/03/2025,2351823602,649,1.0,CS,155.09,0.0
,,R705T1,6D93,UMUC AT ABERDEEN,660 MCHENRY RD,ABERDEEN,MD,MEDASSETS,01/06/2025,2351862444,648,1.0,CS,155.04,0.0
,,R705T1,6UVO,CANCER PREVENTION CENTER (BULK),1155 PRESSLER ST,HOUSTON,TX,MEDASSETS,01/06/2025,2351863387,649,1.0,CS,155.09,0.0
,,R705T1,XQI2,THE CENTER FOR NEUROSCIENCES,2450 E RIVER RD,TUCSON,AZ,MEDASSETS,01/07/2025,2351871828,648,0.4,CS,62.0,0.0
,,R705T1,BAIR,WESTCHESTER MEDICAL CENTER - LUM CA,100 WOODS RD,VALHALLA,NY,MEDASSETS,01/06/2025,2351882341,946,0.1,CS,16.05,0.0
,,R705T1,BAIR,WESTCHESTER MEDICAL CENTER - LUM CA,100 WOODS RD,VALHALLA,NY,MEDASSETS,01/06/2025,2351882391,946,0.1,CS,16.05,0.0
,,R705T1,BAIR,WESTCHESTER MEDICAL CENTER - LUM CA,100 WOODS RD,VALHALLA,NY,MEDASSETS,01/06/2025,2351882358,974,0.1,CS,22.0,0.0
,,R705T2,ECFX,UNIVERSITY OF ROCHESTER/STRONG (LUM,601 ELMWOOD AVE,ROCHESTER,NY,MEDASSETS,01/06/2025,2351888574,648,0.4,CS,60.8,0.0
,,R705T1,Q7QB,WMC - LUM ON PALLETS,100 WOODS RD,VALHALLA,NY,MEDASSETS,01/06/2025,2351933634,974,1.0,CS,220.01,0.0
,,R705T2,ECFX,UNIVERSITY OF ROCHESTER/STRONG (LUM,601 ELMWOOD AVE,ROCHESTER,NY,MEDASSETS,01/06/2025,2351903482,646,0.1,CS,12.39,0.0
,,R705T1,S780,ENGLEWOOD HOSPITAL,350 ENGLE ST,ENGLEWOOD,NJ,MEDASSETS,01/07/2025,2351940534,645,1.0,CS,144.94,0.0
,,R705T2,R152,UNIVERSITY OF ROCHESTER/STRONG (BUL,601 ELMWOOD AVE,ROCHESTER,NY,MEDASSETS,01/06/2025,2351972145,656,1.0,CS,137.15,1.85
,,R705T1,YAZK,THEDACARE REG MED CTR-APPLETON(LUM),1818 N MEADE ST,APPLETON,WI,MEDASSETS,01/06/2025,2351951390,956,1.0,CS,158.0,0.0
,,R705T2,LCAC,UNIV CINCINNATI-WESTCHESTER,7700 UNIVERSITY DR,WEST CHESTER,OH,MEDASSETS,01/06/2025,2351979020,656,2.0,CS,274.3,3.7
,,R705T2,WEZO,PMR WILDWOOD,2865 N REYNOLDS RD STE 170,TOLEDO,OH,MEDASSETS,01/07/2025,2351972855,957,10.0,CS,1257.0,23.0
,,R705T1,HDIH,THE UNIVERSITY OF TEXAS SW MEDICAL,6201 HARRY HINES BLVD,DALLAS,TX,MEDASSETS,01/07/2025,2351999072,648,2.0,CS,310.08,0.0
,,R705T1,JBCP,TAMPA GENERAL HOSPITAL-SPD,1 TAMPA GENERAL CIR,TAMPA,FL,MEDASSETS,01/07/2025,2352004044,656,0.5,CS,69.95,0.0
,,R705T2,RBBA,PROMEDICA TOLEDO HOSPITAL,2142 N COVE BLVD,TOLEDO,OH,MEDASSETS,01/06/2025,2352002050,956,1.0,CS,154.9,0.6
,,R705T2,W479,UPPER VALLEY MEDICAL CENTER,3130 N COUNTY ROAD 25A,TROY,OH,MEDASSETS,01/03/2025,2351984857,957,2.0,CS,251.4,4.6
,,R705T1,5LRQ,AKRON CHILDRENS HOSPITAL,1 PERKINS SQ,AKRON,OH,MEDASSETS,01/06/2025,2351989326,646,2.0,CS,252.76,0.0
,,R705T1,XOEL,KECK HOSPITAL OF USC (BULK),1500 SAN PABLO ST,LOS ANGELES,CA,MEDASSETS,01/06/2025,2351994751,956,1.0,CS,158.0,0.0
,,R705T1,HDIH,THE UNIVERSITY OF TEXAS SW MEDICAL,6201 HARRY HINES BLVD,DALLAS,TX,MEDASSETS,01/08/2025,2352071580,648,1.0,CS,155.04,0.0
,,R705T2,XSIU,ATRIUM MEDICAL CENTER (LUM),1 MEDICAL CENTER DR,MIDDLETOWN,OH,MEDASSETS,01/08/2025,2352097496,647,1.0,CS,151.8,0.0
,,R705T2,RBBA,PROMEDICA TOLEDO HOSPITAL (LUM),2142 N COVE BLVD,TOLEDO,OH,MEDASSETS,01/07/2025,2352101632,946,0.4,CS,62.96,0.0
,,R705T1,JBCP,TAMPA GENERAL HOSPITAL-SPD,1 TAMPA GENERAL CIR,TAMPA,FL,MEDASSETS,01/08/2025,2352076506,656,0.5,CS,69.95,0.0
,,R705T2,LCAC,UNIV CINCINNATI-WESTCHESTER (LUM),7700 UNIVERSITY DR,WEST CHESTER,OH,MEDASSETS,01/07/2025,2352105315,946,1.0,CS,157.35,0.0
,,R705T2,6RYB,PROMEDICA CHARLES & VIRG HICK (LUM),5640 N ADRIAN HWY,ADRIAN,MI,MEDASSETS,01/07/2025,2352117604,957,0.5,CS,62.85,1.15
,,R705T2,LCAC,UNIV CINCINNATI-WESTCHESTER (LUM),7700 UNIVERSITY DR,WEST CHESTER,OH,MEDASSETS,01/07/2025,2352102084,974,0.2,CS,43.14,0.0
,,R705T1,S186,KENT - LUM ON UBOAT (LUM),455 TOLL GATE RD,WARWICK,RI,MEDASSETS,01/07/2025,2352115545,648,0.8,CS,124.0,0.0
,,R705T1,IT3I,CHS-ST CATHERINE OF SIENA MED CTR/A,50 ROUTE 25A,SMITHTOWN,NY,MEDASSETS,01/07/2025,2352102205,648,1.0,CS,155.04,0.0
,,R705T1,VXE3,JOHNS HOPKINS ALL CHILDRENS HOSPITA,501 6TH AVE S,SAINT PETERSBURG,FL,MEDASSETS,01/07/2025,2352113760,645,2.0,CS,289.88,0.0
,,R705T2,R158,HIGHLAND HOSPITAL-ROCHESTER (LUM),1000 SOUTH AVE,ROCHESTER,NY,MEDASSETS,01/08/2025,2352141042,648,0.2,CS,30.4,0.0
,,R705T2,KPN9,GRADY HEALTH SYSTEM LUM CARTS,80 JESSE HILL JR DR SE,ATLANTA,GA,MEDASSETS,01/06/2025,2352162605,646,0.1,CS,12.39,0.0
,,R705T2,ECFX,UNIVERSITY OF ROCHESTER/STRONG (LUM,601 ELMWOOD AVE,ROCHESTER,NY,MEDASSETS,01/08/2025,2352157842,648,0.2,CS,30.4,0.0
,,R705T2,ECFX,UNIVERSITY OF ROCHESTER/STRONG (LUM,601 ELMWOOD AVE,ROCHESTER,NY,MEDASSETS,01/08/2025,2352157823,648,0.6,CS,91.19999999999999,0.0
,,R705T1,V57S,MERCY MEDICAL CENTER,701 10TH ST SE,CEDAR RAPIDS,IA,MEDASSETS,01/07/2025,2352178421,648,1.0,CS,155.04,0.0
,,R705T1,V57S,MERCY MEDICAL CENTER,701 10TH ST SE,CEDAR RAPIDS,IA,MEDASSETS,01/08/2025,2352178426,646,0.4,CS,50.56,0.0
,,R705T1,BAIR,WESTCHESTER MEDICAL CENTER - LUM CA,100 WOODS RD,VALHALLA,NY,MEDASSETS,01/07/2025,2352200158,946,0.1,CS,16.05,0.0
,,R705T1,BAIR,WESTCHESTER MEDICAL CENTER - LUM CA,100 WOODS RD,VALHALLA,NY,MEDASSETS,01/07/2025,2352200158,974,0.1,CS,22.0,0.0
,,R705T2,R152,UNIVERSITY OF ROCHESTER/STRONG (BUL,601 ELMWOOD AVE,ROCHESTER,NY,MEDASSETS,01/08/2025,2352196179,648,1.0,CS,152.0,0.0
,,R705T1,BAIR,WESTCHESTER MEDICAL CENTER - LUM CA,100 WOODS RD,VALHALLA,NY,MEDASSETS,01/07/2025,2352200173,974,0.1,CS,22.0,0.0
,,R705T1,HFNW,CHILDRENS NATIONAL HOSPITAL(LUM),111 MICHIGAN AVE NW,WASHINGTON,DC,MEDASSETS,01/07/2025,2352228826,648,0.5,CS,77.5,0.0
,,R705T1,RQL9,EMANUEL HOSPITAL,2801 N GANTENBEIN AVE,PORTLAND,OR,MEDASSETS,01/08/2025,2352232775,646,2.0,CS,252.76,0.0
,,R705T2,KPN9,GRADY HEALTH SYSTEM LUM CARTS,80 JESSE HILL JR DR SE,ATLANTA,GA,MEDASSETS,01/07/2025,2352280395,648,0.2,CS,30.4,0.0
,,R705T2,ECFX,UNIVERSITY OF ROCHESTER/STRONG (LUM,601 ELMWOOD AVE,ROCHESTER,NY,MEDASSETS,01/09/2025,2352289319,648,0.4,CS,60.8,0.0
,,R705T1,P035,FORREST COUNTY GENERAL HOSPITAL,6051 U S HIGHWAY 49,HATTIESBURG,MS,MEDASSETS,01/07/2025,2352237387,956,1.0,CS,158.0,0.0
,,R705T2,ECFX,UNIVERSITY OF ROCHESTER/STRONG (LUM,601 ELMWOOD AVE,ROCHESTER,NY,MEDASSETS,01/08/2025,2352273171,646,0.3,CS,37.17,0.0
,,R705T2,KPN9,GRADY HEALTH SYSTEM LUM CARTS,80 JESSE HILL JR DR SE,ATLANTA,GA,MEDASSETS,01/08/2025,2352286942,646,0.4,CS,49.56,0.0
,,R705T2,WCV2,NICHOLAS H NOYES HOSPITAL,111 CLARA BARTON ST,DANSVILLE,NY,MEDASSETS,01/08/2025,2352322180,648,0.3,CS,45.599999999999994,0.0
,,R705T2,XSIU,ATRIUM MEDICAL CENTER (LUM),1 MEDICAL CENTER DR,MIDDLETOWN,OH,MEDASSETS,01/08/2025,2352340025,956,1.0,CS,154.9,0.6
,,R705T2,Q542,MIAMI VALLEY HOSPITAL,1 WYOMING ST,DAYTON,OH,MEDASSETS,01/08/2025,2352372956,656,2.0,CS,274.3,3.7
,,R705T1,BAIR,WESTCHESTER MEDICAL CENTER - LUM CA,100 WOODS RD,VALHALLA,NY,MEDASSETS,01/08/2025,2352361673,946,0.3,CS,48.150000000000006,0.0
,,R705T1,BAIR,WESTCHESTER MEDICAL CENTER - LUM CA,100 WOODS RD,VALHALLA,NY,MEDASSETS,01/09/2025,2352385483,946,0.2,CS,32.1,0.0
,,R705T1,KXS0,TAMPA GENERAL HOSPITAL CRYSTAL RIVE,6201 N SUNCOAST BLVD,CRYSTAL RIVER,FL,MEDASSETS,01/08/2025,2352421214,648,1.0,CS,155.04,0.0
,,R705T2,Q358,PROMEDICA MONROE REGIONAL (LUM),718 N MACOMB ST,MONROE,MI,MEDASSETS,01/08/2025,2352412023,946,0.2,CS,31.48,0.0
,,R705T2,ECFX,UNIVERSITY OF ROCHESTER/STRONG (LUM,601 ELMWOOD AVE,ROCHESTER,NY,MEDASSETS,01/09/2025,2352469392,645,0.4,CS,56.84,0.0
,,R705T1,BAIR,WESTCHESTER MEDICAL CENTER - LUM CA,100 WOODS RD,VALHALLA,NY,MEDASSETS,01/10/2025,2352493689,946,0.1,CS,16.05,0.0
,,R705T1,BAIR,WESTCHESTER MEDICAL CENTER - LUM CA,100 WOODS RD,VALHALLA,NY,MEDASSETS,01/10/2025,2352493698,974,0.1,CS,22.0,0.0
,,R705T1,HFNW,CHILDRENS NATIONAL HOSPITAL(LUM),111 MICHIGAN AVE NW,WASHINGTON,DC,MEDASSETS,01/09/2025,2352524623,648,0.5,CS,77.5,0.0
,,R705T1,ZNJ2,DNU*ROGER WILLIAMS MEDICAL CENTER,825 CHALKSTONE AVE,PROVIDENCE,RI,MEDASSETS,01/09/2025,2352562454,648,1.0,CS,155.04,0.0
,,R705T2,KPN9,GRADY HEALTH SYSTEM LUM CARTS,80 JESSE HILL JR DR SE,ATLANTA,GA,MEDASSETS,01/09/2025,2352596974,648,0.2,CS,30.4,0.0
,,R705T2,Q542,MIAMI VALLEY HOSPITAL,1 WYOMING ST,DAYTON,OH,MEDASSETS,01/09/2025,2352608994,648,1.0,CS,152.0,0.0
,,R705T1,UUIU,LIMA MEMORIAL HOSPITAL,1001 BELLEFONTAINE AVE,LIMA,OH,MEDASSETS,01/10/2025,2352638984,648,1.0,CS,155.04,0.0
,,R705T1,Q911,BRYN MAWR HOSPITAL,130 S BRYN MAWR AVE,BRYN MAWR,PA,MEDASSETS,01/09/2025,2352656034,656,4.0,CS,559.56,0.0
,,R705T1,BAIR,WESTCHESTER MEDICAL CENTER - LUM CA,100 WOODS RD,VALHALLA,NY,MEDASSETS,01/12/2025,2352651768,974,0.1,CS,22.0,0.0
,,R705T1,BAIR,WESTCHESTER MEDICAL CENTER - LUM CA,100 WOODS RD,VALHALLA,NY,MEDASSETS,01/12/2025,2352651778,974,0.3,CS,66.0,0.0
,,R705T1,BAIR,WESTCHESTER MEDICAL CENTER - LUM CA,100 WOODS RD,VALHALLA,NY,MEDASSETS,01/12/2025,2352651778,946,0.1,CS,16.05,0.0
,,R705T1,HFNW,CHILDRENS NATIONAL HOSPITAL(LUM),111 MICHIGAN AVE NW,WASHINGTON,DC,MEDASSETS,01/10/2025,2352649658,646,4.0,CS,505.6,0.0
,,R705T2,KPN9,GRADY HEALTH SYSTEM LUM CARTS,80 JESSE HILL JR DR SE,ATLANTA,GA,MEDASSETS,01/11/2025,2352713466,648,0.2,CS,30.4,0.0
,,R705T2,KPN9,GRADY HEALTH SYSTEM LUM CARTS,80 JESSE HILL JR DR SE,ATLANTA,GA,MEDASSETS,01/12/2025,2352713492,648,0.2,CS,30.4,0.0
,,R705T1,RQXM,MIDHUDSON REGIONAL HOSPITAL LUM,241 NORTH RD,POUGHKEEPSIE,NY,MEDASSETS,01/12/2025,2352677264,946,0.1,CS,16.05,0.0
,,R705T2,KPN9,GRADY HEALTH SYSTEM LUM CARTS,80 JESSE HILL JR DR SE,ATLANTA,GA,MEDASSETS,01/10/2025,2352710562,648,0.6,CS,91.19999999999999,0.0
,,R705T2,R158,HIGHLAND HOSPITAL-ROCHESTER (LUM),1000 SOUTH AVE,ROCHESTER,NY,MEDASSETS,01/11/2025,2352708833,648,0.4,CS,60.8,0.0
,,R705T2,XMYH,FF THOMPSON HEALTH SYSTEM INC (BULK,350 PARRISH ST,CANANDAIGUA,NY,MEDASSETS,01/10/2025,2352711798,648,1.0,CS,152.0,0.0
,,R705T2,KPN9,GRADY HEALTH SYSTEM LUM CARTS,80 JESSE HILL JR DR SE,ATLANTA,GA,MEDASSETS,01/13/2025,2352785098,648,2.0,CS,304.0,0.0
,,R705T2,R152,UNIVERSITY OF ROCHESTER/STRONG (BUL,601 ELMWOOD AVE,ROCHESTER,NY,MEDASSETS,01/12/2025,2352892297,648,0.5,CS,76.0,0.0
,,R705T1,RA57,SPOONER HEALTH SYSTEM INC,1280 CHANDLER DR,SPOONER,WI,MEDASSETS,01/13/2025,2352907002,645,0.1,CS,14.49,0.0
,,R705T1,YCYB,TC VANNIE COOK CHILDRENS CLINIC,101 W EXPRESSWAY 83,MCALLEN,TX,MEDASSETS,01/13/2025,2352897557,647,1.0,CS,154.84,0.0
,,R705T1,Q0WK,KENT COUNTY MEMORIAL HOSPITAL,455 TOLL GATE RD,WARWICK,RI,MEDASSETS,01/14/2025,2352946859,648,1.2,CS,186.0,0.0
,,R705T1,W5ZF,VANDERBILT IMAGING (BULK),2000 RICHARD JONES RD STE 270,NASHVILLE,TN,MEDASSETS,01/09/2025,2353004537,656,1.0,CS,139.89,0.0
,,R705T1,ZNPV,HUTCHINSON CLINIC,2211 N WALDRON ST,HUTCHINSON,KS,MEDASSETS,01/13/2025,2353053108,648,1.0,CS,155.04,0.0
,,R705T2,KPN9,GRADY HEALTH SYSTEM LUM CARTS,80 JESSE HILL JR DR SE,ATLANTA,GA,MEDASSETS,01/13/2025,2353074880,648,0.1,CS,15.2,0.0
,,R705T1,5LRQ,AKRON CHILDRENS HOSPITAL,1 PERKINS SQ,AKRON,OH,MEDASSETS,01/13/2025,2353057970,646,2.0,CS,252.76,0.0
,,R705T2,R152,UNIVERSITY OF ROCHESTER/STRONG (BUL,601 ELMWOOD AVE,ROCHESTER,NY,MEDASSETS,01/14/2025,2353078589,648,1.0,CS,152.0,0.0
,,R705T1,HFNW,CHILDRENS NATIONAL HOSPITAL(LUM),111 MICHIGAN AVE NW,WASHINGTON,DC,MEDASSETS,01/13/2025,2353096647,646,0.5,CS,63.2,0.0
,,R705T1,BAIR,WESTCHESTER MEDICAL CENTER - LUM CA,100 WOODS RD,VALHALLA,NY,MEDASSETS,01/13/2025,2353091168,946,0.1,CS,16.05,0.0
,,R705T2,WEZO,PMR WILDWOOD,2865 N REYNOLDS RD STE 170,TOLEDO,OH,MEDASSETS,01/14/2025,2353104945,957,10.0,CS,1257.0,23.0
,,R705T1,BAIR,WESTCHESTER MEDICAL CENTER - LUM CA,100 WOODS RD,VALHALLA,NY,MEDASSETS,01/14/2025,2353097741,946,0.1,CS,16.05,0.0
,,R705T1,BAIR,WESTCHESTER MEDICAL CENTER - LUM CA,100 WOODS RD,VALHALLA,NY,MEDASSETS,01/14/2025,2353097741,974,0.1,CS,22.0,0.0
,,R705T2,Q542,MIAMI VALLEY HOSPITAL,1 WYOMING ST,DAYTON,OH,MEDASSETS,01/14/2025,2353182113,648,1.0,CS,152.0,0.0
,,R705T2,RBBA,PROMEDICA TOLEDO HOSPITAL (LUM),2142 N COVE BLVD,TOLEDO,OH,MEDASSETS,01/14/2025,2353222648,957,0.3,CS,37.71,0.69
,,R705T1,KYMU,VENTURA COUNTY MEDICAL CENTER BULK,300 HILLMONT AVE,VENTURA,CA,MEDASSETS,01/14/2025,2353168039,645,1.0,CS,144.94,0.0
,,R705T2,R152,UNIVERSITY OF ROCHESTER/STRONG (BUL,601 ELMWOOD AVE,ROCHESTER,NY,MEDASSETS,01/14/2025,2353207728,656,1.0,CS,137.15,1.85
,,R705T1,RQL9,EMANUEL HOSPITAL,2801 N GANTENBEIN AVE,PORTLAND,OR,MEDASSETS,01/15/2025,2353219309,648,2.0,CS,310.08,0.0
,,R705T2,ECFX,UNIVERSITY OF ROCHESTER/STRONG (LUM,601 ELMWOOD AVE,ROCHESTER,NY,MEDASSETS,01/14/2025,2353215273,646,0.2,CS,24.78,0.0
,,R705T2,ECFX,UNIVERSITY OF ROCHESTER/STRONG (LUM,601 ELMWOOD AVE,ROCHESTER,NY,MEDASSETS,01/15/2025,2353217231,648,0.5,CS,76.0,0.0
,,R705T2,DUCM,HIGHLAND HOSPITAL,1000 SOUTH AVE,ROCHESTER,NY,MEDASSETS,01/15/2025,2353317600,648,0.2,CS,30.4,0.0
,,R705T1,MKSO,BELLIN MEMORIAL HOSPITAL INC,905 CASS ST,GREEN BAY,WI,MEDASSETS,01/15/2025,2353394813,648,1.0,CS,155.04,0.0
,,R705T1,XQI2,THE CENTER FOR NEUROSCIENCES,2450 E RIVER RD,TUCSON,AZ,MEDASSETS,01/16/2025,2353409142,648,1.0,CS,155.04,0.0
,,R705T2,Q641,PROMEDICA FLOWER HOSPITAL (LUM),5200 HARROUN RD,SYLVANIA,OH,MEDASSETS,01/16/2025,2353436712,956,1.0,CS,154.9,0.6
,,R705T1,BAIR,WESTCHESTER MEDICAL CENTER - LUM CA,100 WOODS RD,VALHALLA,NY,MEDASSETS,01/15/2025,2353488996,974,0.1,CS,22.0,0.0
,,R705T1,BAIR,WESTCHESTER MEDICAL CENTER - LUM CA,100 WOODS RD,VALHALLA,NY,MEDASSETS,01/15/2025,2353488985,946,0.2,CS,32.1,0.0
,,R705T1,BAIR,WESTCHESTER MEDICAL CENTER - LUM CA,100 WOODS RD,VALHALLA,NY,MEDASSETS,01/16/2025,2353500362,946,0.2,CS,32.1,0.0
,,R705T1,HDIH,THE UNIVERSITY OF TEXAS SW MEDICAL,6201 HARRY HINES BLVD,DALLAS,TX,MEDASSETS,01/16/2025,2353486709,648,2.0,CS,310.08,0.0
,,R705T1,BAIR,WESTCHESTER MEDICAL CENTER - LUM CA,100 WOODS RD,VALHALLA,NY,MEDASSETS,01/15/2025,2353494407,974,0.2,CS,44.0,0.0
,,R705T1,BAIR,WESTCHESTER MEDICAL CENTER - LUM CA,100 WOODS RD,VALHALLA,NY,MEDASSETS,01/16/2025,2353500393,974,0.1,CS,22.0,0.0
,,R705T1,BAIR,WESTCHESTER MEDICAL CENTER - LUM CA,100 WOODS RD,VALHALLA,NY,MEDASSETS,01/15/2025,2353494407,946,0.4,CS,64.2,0.0
,,R705T1,P035,FORREST COUNTY GENERAL HOSPITAL,6051 U S HIGHWAY 49,HATTIESBURG,MS,MEDASSETS,01/14/2025,2353493712,956,1.0,CS,158.0,0.0
,,R705T2,DUCM,HIGHLAND HOSPITAL,1000 SOUTH AVE,ROCHESTER,NY,MEDASSETS,01/16/2025,2353544148,648,0.3,CS,45.599999999999994,0.0
,,R705T2,ECFX,UNIVERSITY OF ROCHESTER/STRONG (LUM,601 ELMWOOD AVE,ROCHESTER,NY,MEDASSETS,01/16/2025,2353604416,645,0.1,CS,14.21,0.0
,,R705T2,ECFX,UNIVERSITY OF ROCHESTER/STRONG (LUM,601 ELMWOOD AVE,ROCHESTER,NY,MEDASSETS,01/17/2025,2353619007,648,0.3,CS,45.599999999999994,0.0
,,R705T1,JBCP,TAMPA GENERAL HOSPITAL-SPD,1 TAMPA GENERAL CIR,TAMPA,FL,MEDASSETS,01/17/2025,2353638202,656,0.6,CS,83.94,0.0
,,R705T1,Q7QB,WMC - LUM ON PALLETS,100 WOODS RD,VALHALLA,NY,MEDASSETS,01/16/2025,2353654052,946,2.0,CS,321.0,0.0
,,R705T2,A5JD,NORTH MIAMI VALLEY HOSPITAL,9000 N MAIN ST,ENGLEWOOD,OH,MEDASSETS,01/16/2025,2353670649,956,1.0,CS,154.9,0.6
,,R705T1,S156,RUSH COPLEY MEDICAL CENTER,2000 OGDEN AVE,AURORA,IL,MEDASSETS,01/16/2025,2353674503,957,3.0,CS,384.63,0.0
,,R705T1,NU4M,CLINIC FOR SPECIAL CHILDREN,20 COMMUNITY LN,GORDONVILLE,PA,MEDASSETS,01/16/2025,2353673089,646,0.4,CS,50.56,0.0
,,R705T2,KPN9,GRADY HEALTH SYSTEM LUM CARTS,80 JESSE HILL JR DR SE,ATLANTA,GA,MEDASSETS,01/16/2025,2353688591,648,0.1,CS,15.2,0.0
,,R705T1,BAIR,WESTCHESTER MEDICAL CENTER - LUM CA,100 WOODS RD,VALHALLA,NY,MEDASSETS,01/16/2025,2353717030,946,0.1,CS,16.05,0.0
,,R705T2,Q542,MIAMI VALLEY HOSPITAL,1 WYOMING ST,DAYTON,OH,MEDASSETS,01/16/2025,2353712441,648,1.0,CS,152.0,0.0
,,R705T1,J55T,MERIDIAN PARK HOSPITAL,19300 SW 65TH AVE,TUALATIN,OR,MEDASSETS,01/16/2025,2353741559,648,1.0,CS,155.04,0.0
,,R705T1,RQL9,EMANUEL HOSPITAL,2801 N GANTENBEIN AVE,PORTLAND,OR,MEDASSETS,01/17/2025,2353741518,646,2.0,CS,252.76,0.0
,,R705T2,R152,UNIVERSITY OF ROCHESTER/STRONG (BUL,601 ELMWOOD AVE,ROCHESTER,NY,MEDASSETS,01/18/2025,2353802515,648,0.7,CS,106.39999999999999,0.0
,,R705T1,XU8I,UNIV OF KANSAS HS-CAMBRIDGE DOCK,3801 EATON ST,KANSAS CITY,KS,MEDASSETS,01/17/2025,2353775690,956,2.0,CS,316.0,0.0
,,R705T1,M9O2,GOOD SAM HOSPITAL OF SUFFERN STOCK,255 LAFAYETTE AVE,SUFFERN,NY,MEDASSETS,01/17/2025,2353775271,974,1.0,CS,220.01,0.0
,,R705T2,A5JD,NORTH MIAMI VALLEY HOSPITAL,9000 N MAIN ST,ENGLEWOOD,OH,MEDASSETS,01/17/2025,2353785529,956,1.0,CS,154.9,0.6
,,R705T1,HFNW,CHILDRENS NATIONAL HOSPITAL(LUM),111 MICHIGAN AVE NW,WASHINGTON,DC,MEDASSETS,01/17/2025,2353812655,648,0.4,CS,62.04,0.0
,,R705T1,HFNW,CHILDRENS NATIONAL HOSPITAL(LUM),111 MICHIGAN AVE NW,WASHINGTON,DC,MEDASSETS,01/17/2025,2353812655,646,0.5,CS,63.2,0.0
,,R705T1,CVBH,ANN AND ROBERT H LURIE CHILDRENS,200 E SUPERIOR ST,CHICAGO,IL,MEDASSETS,01/18/2025,2353826547,648,1.0,CS,155.04,0.0
,,R705T2,6RYB,PROMEDICA CHARLES & VIRG HICK (LUM),5640 N ADRIAN HWY,ADRIAN,MI,MEDASSETS,01/17/2025,2353805258,957,0.3,CS,37.71,0.69
,,R705T1,5K02,CURE 4 THE KIDS FOUNDATION,1 BREAKTHROUGH WAY STE 300,LAS VEGAS,NV,MEDASSETS,01/16/2025,2353811437,646,1.0,CS,126.38,0.0
,,R705T2,KPN9,GRADY HEALTH SYSTEM LUM CARTS,80 JESSE HILL JR DR SE,ATLANTA,GA,MEDASSETS,01/17/2025,2353833769,648,0.4,CS,60.8,0.0
,,R705T2,KPN9,GRADY HEALTH SYSTEM LUM CARTS,80 JESSE HILL JR DR SE,ATLANTA,GA,MEDASSETS,01/17/2025,2353847806,648,0.8,CS,121.6,0.0
,,R705T2,KPN9,GRADY HEALTH SYSTEM LUM CARTS,80 JESSE HILL JR DR SE,ATLANTA,GA,MEDASSETS,01/18/2025,2353852805,648,0.4,CS,60.8,0.0
,,R705T1,BAIR,WESTCHESTER MEDICAL CENTER - LUM CA,100 WOODS RD,VALHALLA,NY,MEDASSETS,01/19/2025,2353858071,946,0.3,CS,48.150000000000006,0.0
,,R705T1,BAIR,WESTCHESTER MEDICAL CENTER - LUM CA,100 WOODS RD,VALHALLA,NY,MEDASSETS,01/17/2025,2353857694,974,0.1,CS,22.0,0.0
,,R705T1,BAIR,WESTCHESTER MEDICAL CENTER - LUM CA,100 WOODS RD,VALHALLA,NY,MEDASSETS,01/19/2025,2353858071,974,0.1,CS,22.0,0.0
,,R705T2,RBBA,PROMEDICA TOLEDO HOSPITAL,2142 N COVE BLVD,TOLEDO,OH,MEDASSETS,01/17/2025,2353928493,956,1.0,CS,154.9,0.6
,,R705T2,RBBA,PROMEDICA TOLEDO HOSPITAL,2142 N COVE BLVD,TOLEDO,OH,MEDASSETS,01/17/2025,2353928493,956,1.0,CS,154.9,0.6
,,R705T2,ECFX,UNIVERSITY OF ROCHESTER/STRONG (LUM,601 ELMWOOD AVE,ROCHESTER,NY,MEDASSETS,01/20/2025,2353940690,648,0.4,CS,60.8,0.0
,,R705T2,ECFX,UNIVERSITY OF ROCHESTER/STRONG (LUM,601 ELMWOOD AVE,ROCHESTER,NY,MEDASSETS,01/20/2025,2353943082,648,0.2,CS,30.4,0.0
,,R705T1,JBCP,TAMPA GENERAL HOSPITAL-SPD,1 TAMPA GENERAL CIR,TAMPA,FL,MEDASSETS,01/20/2025,2353944122,656,0.6,CS,83.94,0.0
,,R705T1,R364,GUTHRIE LOURDES HOSPITAL,169 RIVERSIDE DR,BINGHAMTON,NY,MEDASSETS,01/18/2025,2353931165,645,3.0,CS,434.82,0.0
,,R705T1,BAIR,WESTCHESTER MEDICAL CENTER - LUM CA,100 WOODS RD,VALHALLA,NY,MEDASSETS,01/20/2025,2353970064,974,0.2,CS,44.0,0.0
,,R705T1,BAIR,WESTCHESTER MEDICAL CENTER - LUM CA,100 WOODS RD,VALHALLA,NY,MEDASSETS,01/20/2025,2353970056,946,0.3,CS,48.150000000000006,0.0
,,R705T2,LCAC,UNIV CINCINNATI-WESTCHESTER (LUM),7700 UNIVERSITY DR,WEST CHESTER,OH,MEDASSETS,01/17/2025,2354024526,974,0.5,CS,107.85,0.0
,,R705T1,HDIH,THE UNIVERSITY OF TEXAS SW MEDICAL,6201 HARRY HINES BLVD,DALLAS,TX,MEDASSETS,01/20/2025,2354034503,648,2.0,CS,310.08,0.0
,,R705T1,HFNW,CHILDRENS NATIONAL HOSPITAL(LUM),111 MICHIGAN AVE NW,WASHINGTON,DC,MEDASSETS,01/20/2025,2354113359,646,4.0,CS,505.6,0.0
,,R705T2,WEZO,PMR WILDWOOD,2865 N REYNOLDS RD STE 170,TOLEDO,OH,MEDASSETS,01/21/2025,2354083672,957,8.0,CS,1005.6,18.4
,,R705T1,JY7Z,LEGACY SALMON CREEK HOSPITAL,2211 NE 139TH ST,VANCOUVER,WA,MEDASSETS,01/20/2025,2354085049,648,2.0,CS,310.08,0.0
,,R705T2,KPN9,GRADY HEALTH SYSTEM LUM CARTS,80 JESSE HILL JR DR SE,ATLANTA,GA,MEDASSETS,01/20/2025,2354090542,648,0.6,CS,91.19999999999999,0.0
,,R705T1,BAIR,WESTCHESTER MEDICAL CENTER - LUM CA,100 WOODS RD,VALHALLA,NY,MEDASSETS,01/21/2025,2354131752,974,0.1,CS,22.0,0.0
,,R705T2,ECFX,UNIVERSITY OF ROCHESTER/STRONG (LUM,601 ELMWOOD AVE,ROCHESTER,NY,MEDASSETS,01/20/2025,2354109102,646,0.3,CS,37.17,0.0
,,R705T2,ECFX,UNIVERSITY OF ROCHESTER/STRONG (LUM,601 ELMWOOD AVE,ROCHESTER,NY,MEDASSETS,01/21/2025,2354110679,648,0.5,CS,76.0,0.0
,,R705T2,ECFX,UNIVERSITY OF ROCHESTER/STRONG (LUM,601 ELMWOOD AVE,ROCHESTER,NY,MEDASSETS,01/21/2025,2354114192,648,0.1,CS,15.2,0.0
,,R705T1,BAIR,WESTCHESTER MEDICAL CENTER - LUM CA,100 WOODS RD,VALHALLA,NY,MEDASSETS,01/21/2025,2354131751,974,0.1,CS,22.0,0.0
,,R705T1,BAIR,WESTCHESTER MEDICAL CENTER - LUM CA,100 WOODS RD,VALHALLA,NY,MEDASSETS,01/21/2025,2354131741,946,0.3,CS,48.150000000000006,0.0
,,R705T2,R158,HIGHLAND HOSPITAL-ROCHESTER (LUM),1000 SOUTH AVE,ROCHESTER,NY,MEDASSETS,01/21/2025,2354171834,648,0.2,CS,30.4,0.0
,,R705T2,RBBA,PROMEDICA TOLEDO HOSPITAL (LUM),2142 N COVE BLVD,TOLEDO,OH,MEDASSETS,01/20/2025,2354179309,946,0.5,CS,78.7,0.0
,,R705T2,R158,HIGHLAND HOSPITAL-ROCHESTER (LUM),1000 SOUTH AVE,ROCHESTER,NY,MEDASSETS,01/21/2025,2354174616,648,0.2,CS,30.4,0.0
,,R705T1,5LRQ,AKRON CHILDRENS HOSPITAL,1 PERKINS SQ,AKRON,OH,MEDASSETS,01/20/2025,2354183326,646,1.0,CS,126.38,0.0
,,R705T2,R152,UNIVERSITY OF ROCHESTER/STRONG (BUL,601 ELMWOOD AVE,ROCHESTER,NY,MEDASSETS,01/21/2025,2354208391,648,1.1,CS,167.2,0.0
,,R705T1,Q663,FULTON COUNTY HEALTH CENTER,725 S SHOOP AVE,WAUSEON,OH,MEDASSETS,01/21/2025,2354205881,645,0.4,CS,58.0,0.0
,,R705T2,Q542,MIAMI VALLEY HOSPITAL,1 WYOMING ST,DAYTON,OH,MEDASSETS,01/20/2025,2354189809,648,1.0,CS,152.0,0.0
,,R705T1,BAIR,WESTCHESTER MEDICAL CENTER - LUM CA,100 WOODS RD,VALHALLA,NY,MEDASSETS,01/21/2025,2354278319,946,0.1,CS,16.05,0.0
,,R705T1,MF5W,GOOD SAMARITAN HOSPITAL,1015 NW 22ND AVE,PORTLAND,OR,MEDASSETS,01/20/2025,2354231486,648,1.0,CS,155.04,0.0
,,R705T1,X917,COREWELL HEALTH FARMINGTON HILLS HO,28050 GRAND RIVER AVE,FARMINGTON HILLS,MI,MEDASSETS,01/21/2025,2354275670,656,1.0,CS,139.89,0.0
,,R705T1,BAIR,WESTCHESTER MEDICAL CENTER - LUM CA,100 WOODS RD,VALHALLA,NY,MEDASSETS,01/22/2025,2354279645,974,0.1,CS,22.0,0.0
,,R705T1,BAIR,WESTCHESTER MEDICAL CENTER - LUM CA,100 WOODS RD,VALHALLA,NY,MEDASSETS,01/22/2025,2354279658,974,0.1,CS,22.0,0.0
,,R705T2,ECFX,UNIVERSITY OF ROCHESTER/STRONG (LUM,601 ELMWOOD AVE,ROCHESTER,NY,MEDASSETS,01/21/2025,2354282478,646,0.1,CS,12.39,0.0
,,R705T1,X917,COREWELL HEALTH FARMINGTON HILLS HO,28050 GRAND RIVER AVE,FARMINGTON HILLS,MI,MEDASSETS,01/21/2025,2354275658,656,1.0,CS,139.89,0.0
,,R705T2,R152,UNIVERSITY OF ROCHESTER/STRONG (BUL,601 ELMWOOD AVE,ROCHESTER,NY,MEDASSETS,01/21/2025,2354295162,656,1.0,CS,137.15,1.85
,,R705T1,ECHZ,WILSON MEMORIAL HOSPITAL (LUM),33-57 HARRISON ST,JOHNSON CITY,NY,MEDASSETS,01/21/2025,2354302371,648,1.0,CS,155.0,0.0
,,R705T1,BAIR,WESTCHESTER MEDICAL CENTER - LUM CA,100 WOODS RD,VALHALLA,NY,MEDASSETS,01/22/2025,2354283373,974,0.1,CS,22.0,0.0
,,R705T1,BAIR,WESTCHESTER MEDICAL CENTER - LUM CA,100 WOODS RD,VALHALLA,NY,MEDASSETS,01/22/2025,2354279645,946,0.4,CS,64.2,0.0
,,R705T1,BAIR,WESTCHESTER MEDICAL CENTER - LUM CA,100 WOODS RD,VALHALLA,NY,MEDASSETS,01/22/2025,2354279672,974,0.1,CS,22.0,0.0
,,R705T2,6RYB,PROMEDICA CHARLES & VIRG HICK (LUM),5640 N ADRIAN HWY,ADRIAN,MI,MEDASSETS,01/21/2025,2354329770,957,0.2,CS,25.14,0.46
,,R705T1,KAIR,CHS-ST JOSEPHS HOSPITAL,4295 HEMPSTEAD TPKE,BETHPAGE,NY,MEDASSETS,01/22/2025,2354343089,648,1.0,CS,155.04,0.0
,,R705T1,R998,SILVER CROSS HOSPITAL,1900 SILVER CROSS BLVD,NEW LENOX,IL,MEDASSETS,01/21/2025,2354338648,648,1.0,CS,155.04,0.0
,,R705T1,S780,ENGLEWOOD HOSPITAL,350 ENGLE ST,ENGLEWOOD,NJ,MEDASSETS,01/22/2025,2354361046,645,1.0,CS,144.94,0.0
,,R705T1,JBCP,TAMPA GENERAL HOSPITAL-SPD,1 TAMPA GENERAL CIR,TAMPA,FL,MEDASSETS,01/22/2025,2354356420,656,0.6,CS,83.94,0.0
,,R705T2,XSIU,ATRIUM MEDICAL CENTER (LUM),1 MEDICAL CENTER DR,MIDDLETOWN,OH,MEDASSETS,01/22/2025,2354365054,956,1.0,CS,154.9,0.6
,,R705T2,KPN9,GRADY HEALTH SYSTEM LUM CARTS,80 JESSE HILL JR DR SE,ATLANTA,GA,MEDASSETS,01/22/2025,2354398858,648,3.0,CS,456.0,0.0
,,R705T2,Q542,MIAMI VALLEY HOSPITAL,1 WYOMING ST,DAYTON,OH,MEDASSETS,01/22/2025,2354415348,648,1.0,CS,152.0,0.0
,,R705T1,N5MF,HENRY FORD MACOMB HOSPITAL- CLINTON,15855 19 MILE RD,CLINTON TOWNSHIP,MI,MEDASSETS,01/23/2025,2354465096,648,1.0,CS,155.0,0.0
,,R705T2,6RYB,PROMEDICA CHARLES & VIRG HICK (LUM),5640 N ADRIAN HWY,ADRIAN,MI,MEDASSETS,01/22/2025,2354478380,957,0.3,CS,37.71,0.69
,,R705T2,W479,UPPER VALLEY MEDICAL CENTER,3130 N COUNTY ROAD 25A,TROY,OH,MEDASSETS,01/20/2025,2354406558,957,3.0,CS,377.1,6.9
,,R705T2,ECFX,UNIVERSITY OF ROCHESTER/STRONG (LUM,601 ELMWOOD AVE,ROCHESTER,NY,MEDASSETS,01/22/2025,2354469542,646,0.2,CS,24.78,0.0
,,R705T2,ECFX,UNIVERSITY OF ROCHESTER/STRONG (LUM,601 ELMWOOD AVE,ROCHESTER,NY,MEDASSETS,01/23/2025,2354477900,648,0.2,CS,30.4,0.0
,,R705T1,IIE5,USC UNIVERSITY AND RESEARCH,1640 MARENGO ST STE 300,LOS ANGELES,CA,MEDASSETS,01/23/2025,2354474654,648,1.0,CS,155.04,0.0
,,R705T1,JZ5Z,CHS-GOOD SAMARITAN HOSPITAL / A90,1000 MONTAUK HWY,WEST ISLIP,NY,MEDASSETS,01/23/2025,2354525675,648,1.0,CS,155.04,0.0
,,R705T1,5LRQ,AKRON CHILDRENS HOSPITAL,1 PERKINS SQ,AKRON,OH,MEDASSETS,01/22/2025,2354545610,646,2.0,CS,252.76,0.0
,,R705T1,BAIR,WESTCHESTER MEDICAL CENTER - LUM CA,100 WOODS RD,VALHALLA,NY,MEDASSETS,01/22/2025,2354574179,946,0.1,CS,16.05,0.0
,,R705T1,Q7QB,WMC - LUM ON PALLETS,100 WOODS RD,VALHALLA,NY,MEDASSETS,01/22/2025,2354541590,974,2.0,CS,440.02,0.0
,,R705T2,R152,UNIVERSITY OF ROCHESTER/STRONG (BUL,601 ELMWOOD AVE,ROCHESTER,NY,MEDASSETS,01/23/2025,2354564554,648,0.4,CS,60.8,0.0
,,R705T1,BAIR,WESTCHESTER MEDICAL CENTER - LUM CA,100 WOODS RD,VALHALLA,NY,MEDASSETS,01/23/2025,2354582559,974,0.1,CS,22.0,0.0
,,R705T2,R152,UNIVERSITY OF ROCHESTER/STRONG (BUL,601 ELMWOOD AVE,ROCHESTER,NY,MEDASSETS,01/23/2025,2354564598,648,0.4,CS,60.8,0.0
,,R705T1,Q911,BRYN MAWR HOSPITAL,130 S BRYN MAWR AVE,BRYN MAWR,PA,MEDASSETS,01/22/2025,2354589626,656,2.0,CS,279.78,0.0
,,R705T1,BAIR,WESTCHESTER MEDICAL CENTER - LUM CA,100 WOODS RD,VALHALLA,NY,MEDASSETS,01/23/2025,2354580660,974,0.1,CS,22.0,0.0
,,R705T1,BAIR,WESTCHESTER MEDICAL CENTER - LUM CA,100 WOODS RD,VALHALLA,NY,MEDASSETS,01/23/2025,2354582559,946,0.4,CS,64.2,0.0
,,R705T2,RBBA,PROMEDICA TOLEDO HOSPITAL,2142 N COVE BLVD,TOLEDO,OH,MEDASSETS,01/23/2025,2354680154,946,1.0,CS,157.35,0.0
,,R705T1,ZWHS,UM CHARLES REGIONAL MED CENTER,5 GARRETT AVE PO BOX 1070,LA PLATA,MD,MEDASSETS,01/23/2025,2354661221,648,1.0,CS,155.04,0.0
,,R705T1,JKFF,NCH MD-HEALTHCARE SYSTEM,350 7TH ST N,NAPLES,FL,MEDASSETS,01/24/2025,2354633196,648,1.0,CS,155.04,0.0
,,R705T2,6RYB,PROMEDICA CHARLES & VIRG HICK (LUM),5640 N ADRIAN HWY,ADRIAN,MI,MEDASSETS,01/23/2025,2354664815,957,0.5,CS,62.85,1.15
,,R705T2,KPN9,GRADY HEALTH SYSTEM LUM CARTS,80 JESSE HILL JR DR SE,ATLANTA,GA,MEDASSETS,01/23/2025,2354684381,648,0.1,CS,15.2,0.0
,,R705T1,VZK4,MT HOOD MEDICAL CENTER,24800 SE STARK ST,GRESHAM,OR,MEDASSETS,01/23/2025,2354710104,648,1.0,CS,155.04,0.0
,,R705T2,SUBS,UNIV CINCINNATI-BCW,3200 BURNET AVE,CINCINNATI,OH,MEDASSETS,01/23/2025,2354689337,974,4.0,CS,862.8,0.0
,,R705T1,Q611,FISHER TITUS MEDICAL CENTER,272 BENEDICT AVE,NORWALK,OH,MEDASSETS,01/23/2025,2354681302,957,1.0,CS,128.21,0.0
,,R705T2,KPN9,GRADY HEALTH SYSTEM LUM CARTS,80 JESSE HILL JR DR SE,ATLANTA,GA,MEDASSETS,01/23/2025,2354697719,648,0.6,CS,91.19999999999999,0.0
,,R705T1,HFNW,CHILDRENS NATIONAL HOSPITAL(BULK),111 MICHIGAN AVE NW,WASHINGTON,DC,MEDASSETS,01/23/2025,2354717839,646,1.0,CS,126.38,0.0
,,R705T2,ECFX,UNIVERSITY OF ROCHESTER/STRONG (LUM,601 ELMWOOD AVE,ROCHESTER,NY,MEDASSETS,01/23/2025,2354730637,646,0.3,CS,37.17,0.0
,,R705T2,LCAC,UNIV CINCINNATI-WESTCHESTER (LUM),7700 UNIVERSITY DR,WEST CHESTER,OH,MEDASSETS,01/23/2025,2354747113,974,0.5,CS,107.85,0.0
,,R705T1,X917,COREWELL HEALTH FARMINGTON HILLS HO,28050 GRAND RIVER AVE,FARMINGTON HILLS,MI,MEDASSETS,01/22/2025,2354758199,656,1.0,CS,139.89,0.0
,,R705T2,RBBA,PROMEDICA TOLEDO HOSPITAL (LUM),2142 N COVE BLVD,TOLEDO,OH,MEDASSETS,01/23/2025,2354777010,957,0.3,CS,37.71,0.69
,,R705T1,HFNW,CHILDRENS NATIONAL HOSPITAL(LUM),111 MICHIGAN AVE NW,WASHINGTON,DC,MEDASSETS,01/22/2025,2354780954,648,0.3,CS,46.5,0.0
,,R705T1,BAIR,WESTCHESTER MEDICAL CENTER - LUM CA,100 WOODS RD,VALHALLA,NY,MEDASSETS,01/24/2025,2354787515,946,0.2,CS,32.1,0.0
,,R705T1,BAIR,WESTCHESTER MEDICAL CENTER - LUM CA,100 WOODS RD,VALHALLA,NY,MEDASSETS,01/24/2025,2354787522,974,0.1,CS,22.0,0.0
,,R705T2,R152,UNIVERSITY OF ROCHESTER/STRONG (BUL,601 ELMWOOD AVE,ROCHESTER,NY,MEDASSETS,01/23/2025,2354783591,645,0.8,CS,113.68,0.0
,,R705T1,JZ5Y,CHS-ST FRANCIS HOSPITAL,100 PORT WASHINGTON BLVD,ROSLYN,NY,MEDASSETS,01/24/2025,2354826042,648,1.0,CS,155.04,0.0
,,R705T2,ECFX,UNIVERSITY OF ROCHESTER/STRONG (LUM,601 ELMWOOD AVE,ROCHESTER,NY,MEDASSETS,01/25/2025,2354819022,646,0.2,CS,24.78,0.0
,,R705T2,ECFX,UNIVERSITY OF ROCHESTER/STRONG (LUM,601 ELMWOOD AVE,ROCHESTER,NY,MEDASSETS,01/25/2025,2354816986,646,0.4,CS,49.56,0.0
,,R705T1,BAIR,WESTCHESTER MEDICAL CENTER - LUM CA,100 WOODS RD,VALHALLA,NY,MEDASSETS,01/24/2025,2354844418,946,0.1,CS,16.05,0.0
,,R705T1,HFNW,CHILDRENS NATIONAL HOSPITAL(LUM),111 MICHIGAN AVE NW,WASHINGTON,DC,MEDASSETS,01/24/2025,2354838637,648,0.5,CS,77.5,0.0
,,R705T2,KPN9,GRADY HEALTH SYSTEM LUM CARTS,80 JESSE HILL JR DR SE,ATLANTA,GA,MEDASSETS,01/24/2025,2354850529,648,0.2,CS,30.4,0.0
,,R705T2,RBBA,PROMEDICA TOLEDO HOSPITAL (LUM),2142 N COVE BLVD,TOLEDO,OH,MEDASSETS,01/24/2025,2354857288,946,0.2,CS,31.48,0.0
,,R705T2,KPN9,GRADY HEALTH SYSTEM LUM CARTS,80 JESSE HILL JR DR SE,ATLANTA,GA,MEDASSETS,01/25/2025,2354887831,648,0.2,CS,30.4,0.0
,,R705T1,BAIR,WESTCHESTER MEDICAL CENTER - LUM CA,100 WOODS RD,VALHALLA,NY,MEDASSETS,01/26/2025,2354890075,946,0.4,CS,64.2,0.0
,,R705T1,BAIR,WESTCHESTER MEDICAL CENTER - LUM CA,100 WOODS RD,VALHALLA,NY,MEDASSETS,01/26/2025,2354888859,974,0.1,CS,22.0,0.0
,,R705T1,RQL9,EMANUEL HOSPITAL,2801 N GANTENBEIN AVE,PORTLAND,OR,MEDASSETS,01/25/2025,2354878366,648,2.0,CS,310.08,0.0
,,R705T1,BAIR,WESTCHESTER MEDICAL CENTER - LUM CA,100 WOODS RD,VALHALLA,NY,MEDASSETS,01/26/2025,2354885953,974,0.1,CS,22.0,0.0
,,R705T1,F0V2,NORMAN REGIONAL HOSPITAL,3300 HEALTHPLEX PKWY,NORMAN,OK,MEDASSETS,12/23/2024,2354933012,649B,2.0,CS,279.88,0.0
,,R705T2,ECFX,UNIVERSITY OF ROCHESTER/STRONG (LUM,601 ELMWOOD AVE,ROCHESTER,NY,MEDASSETS,01/27/2025,2354950304,648,0.1,CS,15.2,0.0
,,R705T2,R152,UNIVERSITY OF ROCHESTER/STRONG (BUL,601 ELMWOOD AVE,ROCHESTER,NY,MEDASSETS,01/26/2025,2354975812,648,1.0,CS,152.0,0.0
,,R705T2,DUCM,HIGHLAND HOSPITAL,1000 SOUTH AVE,ROCHESTER,NY,MEDASSETS,01/27/2025,2354992201,648,0.2,CS,30.4,0.0
,,R705T1,BAIR,WESTCHESTER MEDICAL CENTER - LUM CA,100 WOODS RD,VALHALLA,NY,MEDASSETS,01/27/2025,2354982078,974,0.2,CS,44.0,0.0
,,R705T1,BAIR,WESTCHESTER MEDICAL CENTER - LUM CA,100 WOODS RD,VALHALLA,NY,MEDASSETS,01/27/2025,2354982098,946,0.5,CS,80.25,0.0
,,R705T1,BAIR,WESTCHESTER MEDICAL CENTER - LUM CA,100 WOODS RD,VALHALLA,NY,MEDASSETS,01/27/2025,2354982098,974,0.1,CS,22.0,0.0
,,R705T2,RBBA,PROMEDICA TOLEDO HOSPITAL (LUM),2142 N COVE BLVD,TOLEDO,OH,MEDASSETS,01/26/2025,2355011472,946,0.2,CS,31.48,0.0
,,R705T2,LCAC,UNIV CINCINNATI-WESTCHESTER (LUM),7700 UNIVERSITY DR,WEST CHESTER,OH,MEDASSETS,01/24/2025,2355017935,974,1.0,CS,215.7,0.0
,,R705T2,WEZO,PMR WILDWOOD,2865 N REYNOLDS RD STE 170,TOLEDO,OH,MEDASSETS,01/28/2025,2355085430,957,1.0,CS,125.7,2.3
,,R705T2,Q542,MIAMI VALLEY HOSPITAL,1 WYOMING ST,DAYTON,OH,MEDASSETS,01/28/2025,2355093288,648,1.0,CS,152.0,0.0
,,R705T2,SUBS,UNIV CINCINNATI-BCW,3200 BURNET AVE,CINCINNATI,OH,MEDASSETS,01/27/2025,2355115242,656,2.0,CS,274.3,3.7
,,R705T1,6D93,UMUC AT ABERDEEN,660 MCHENRY RD,ABERDEEN,MD,MEDASSETS,01/27/2025,2355098351,648,1.0,CS,155.04,0.0
,,R705T2,LCAC,UNIV CINCINNATI-WESTCHESTER,7700 UNIVERSITY DR,WEST CHESTER,OH,MEDASSETS,01/27/2025,2355104399,974,1.0,CS,215.7,0.0
,,R705T2,LCAC,UNIV CINCINNATI-WESTCHESTER,7700 UNIVERSITY DR,WEST CHESTER,OH,MEDASSETS,01/27/2025,2355104399,656,4.0,CS,548.6,7.4
,,R705T1,R998,SILVER CROSS HOSPITAL,1900 SILVER CROSS BLVD,NEW LENOX,IL,MEDASSETS,01/27/2025,2355132265,648,1.0,CS,155.04,0.0
,,R705T1,S156,RUSH COPLEY MEDICAL CENTER,2000 OGDEN AVE,AURORA,IL,MEDASSETS,01/27/2025,2355186198,956,1.0,CS,158.0,0.0
,,R705T2,ECFX,UNIVERSITY OF ROCHESTER/STRONG (LUM,601 ELMWOOD AVE,ROCHESTER,NY,MEDASSETS,01/28/2025,2355184331,648,0.1,CS,15.2,0.0
,,R705T2,ECFX,UNIVERSITY OF ROCHESTER/STRONG (LUM,601 ELMWOOD AVE,ROCHESTER,NY,MEDASSETS,01/28/2025,2355184366,648,0.2,CS,30.4,0.0
,,R705T2,R158,HIGHLAND HOSPITAL-ROCHESTER (LUM),1000 SOUTH AVE,ROCHESTER,NY,MEDASSETS,01/28/2025,2355187509,648,0.2,CS,30.4,0.0
,,R705T1,V57S,MERCY MEDICAL CENTER,701 10TH ST SE,CEDAR RAPIDS,IA,MEDASSETS,01/27/2025,2355187678,648,1.0,CS,155.04,0.0
,,R705T1,BAIR,WESTCHESTER MEDICAL CENTER - LUM CA,100 WOODS RD,VALHALLA,NY,MEDASSETS,01/28/2025,2355221073,974,0.2,CS,44.0,0.0
,,R705T1,BAIR,WESTCHESTER MEDICAL CENTER - LUM CA,100 WOODS RD,VALHALLA,NY,MEDASSETS,01/28/2025,2355221073,946,0.4,CS,64.2,0.0
,,R705T2,RBBA,PROMEDICA TOLEDO HOSPITAL (LUM),2142 N COVE BLVD,TOLEDO,OH,MEDASSETS,01/28/2025,2355229175,957,0.3,CS,37.71,0.69
,,R705T2,RBBA,PROMEDICA TOLEDO HOSPITAL (LUM),2142 N COVE BLVD,TOLEDO,OH,MEDASSETS,01/28/2025,2355233101,946,0.4,CS,62.96,0.0
,,R705T1,RQL9,EMANUEL HOSPITAL,2801 N GANTENBEIN AVE,PORTLAND,OR,MEDASSETS,01/29/2025,2355300436,646,2.0,CS,252.76,0.0
,,R705T1,HDIH,THE UNIVERSITY OF TEXAS SW MEDICAL,6201 HARRY HINES BLVD,DALLAS,TX,MEDASSETS,01/29/2025,2355285895,956,1.0,CS,158.0,0.0
,,R705T1,HDIH,THE UNIVERSITY OF TEXAS SW MEDICAL,6201 HARRY HINES BLVD,DALLAS,TX,MEDASSETS,01/29/2025,2355285895,648,2.0,CS,310.08,0.0
,,R705T1,ECHZ,WILSON MEMORIAL HOSPITAL (LUM),33-57 HARRISON ST,JOHNSON CITY,NY,MEDASSETS,01/28/2025,2355305276,648,0.1,CS,15.5,0.0
,,R705T2,ECFX,UNIVERSITY OF ROCHESTER/STRONG (LUM,601 ELMWOOD AVE,ROCHESTER,NY,MEDASSETS,01/25/2025,2355311660,646,0.1,CS,12.39,0.0
,,R705T2,ECFX,UNIVERSITY OF ROCHESTER/STRONG (LUM,601 ELMWOOD AVE,ROCHESTER,NY,MEDASSETS,01/29/2025,2355325853,648,0.6,CS,91.19999999999999,0.0
,,R705T1,DAJU,COOSA VALLEY MEDICAL CENTER,315 W HICKORY ST,SYLACAUGA,AL,MEDASSETS,01/29/2025,2355318142,648,1.0,CS,155.04,0.0
,,R705T2,ECFX,UNIVERSITY OF ROCHESTER/STRONG (LUM,601 ELMWOOD AVE,ROCHESTER,NY,MEDASSETS,01/28/2025,2355321417,645,1.2,CS,170.52,0.0
,,R705T2,ECFX,UNIVERSITY OF ROCHESTER/STRONG (LUM,601 ELMWOOD AVE,ROCHESTER,NY,MEDASSETS,01/29/2025,2355321445,648,0.1,CS,15.2,0.0
,,R705T1,X917,COREWELL HEALTH FARMINGTON HILLS HO,28050 GRAND RIVER AVE,FARMINGTON HILLS,MI,MEDASSETS,01/28/2025,2355362913,656,1.0,CS,139.89,0.0
,,R705T1,X917,COREWELL HEALTH FARMINGTON HILLS HO,28050 GRAND RIVER AVE,FARMINGTON HILLS,MI,MEDASSETS,01/29/2025,2355362917,656,1.0,CS,139.89,0.0
,,R705T1,BAIR,WESTCHESTER MEDICAL CENTER - LUM CA,100 WOODS RD,VALHALLA,NY,MEDASSETS,01/29/2025,2355386050,946,0.4,CS,64.2,0.0
,,R705T1,JBCP,TAMPA GENERAL HOSPITAL-SPD,1 TAMPA GENERAL CIR,TAMPA,FL,MEDASSETS,01/29/2025,2355394089,656,0.6,CS,83.94,0.0
,,R705T1,HFNW,CHILDRENS NATIONAL HOSPITAL(LUM),111 MICHIGAN AVE NW,WASHINGTON,DC,MEDASSETS,01/28/2025,2355424302,646,0.8,CS,101.12,0.0
,,R705T1,HFNW,CHILDRENS NATIONAL HOSPITAL(LUM),111 MICHIGAN AVE NW,WASHINGTON,DC,MEDASSETS,01/28/2025,2355424302,646,0.8,CS,101.12,0.0
,,R705T1,HFNW,CHILDRENS NATIONAL HOSPITAL(LUM),111 MICHIGAN AVE NW,WASHINGTON,DC,MEDASSETS,01/28/2025,2355424302,646,0.8,CS,101.12,0.0
,,R705T1,5LRQ,AKRON CHILDRENS HOSPITAL,1 PERKINS SQ,AKRON,OH,MEDASSETS,01/28/2025,2355429630,646,2.0,CS,252.76,0.0
,,R705T1,R723,RIDDLE MEMORIAL HOSPITAL,1068 W BALTIMORE PIKE,MEDIA,PA,MEDASSETS,01/28/2025,2355481113,656,1.0,CS,139.89,0.0
,,R705T1,TYYA,LANKENAU HOSPITAL,100 E LANCASTER AVE,WYNNEWOOD,PA,MEDASSETS,01/28/2025,2355482769,648,0.1,CS,15.5,0.0
,,R705T2,KPN9,GRADY HEALTH SYSTEM LUM CARTS,80 JESSE HILL JR DR SE,ATLANTA,GA,MEDASSETS,01/29/2025,2355499377,648,0.1,CS,15.2,0.0
,,R705T2,R152,UNIVERSITY OF ROCHESTER/STRONG (BUL,601 ELMWOOD AVE,ROCHESTER,NY,MEDASSETS,01/29/2025,2355506138,656,1.0,CS,137.15,1.85
,,R705T2,ECFX,UNIVERSITY OF ROCHESTER/STRONG (LUM,601 ELMWOOD AVE,ROCHESTER,NY,MEDASSETS,01/30/2025,2355477763,648,0.5,CS,76.0,0.0
,,R705T2,RBBA,PROMEDICA TOLEDO HOSPITAL (LUM),2142 N COVE BLVD,TOLEDO,OH,MEDASSETS,01/29/2025,2355494848,957,0.3,CS,37.71,0.69
,,R705T2,6RYB,PROMEDICA CHARLES & VIRG HICK (LUM),5640 N ADRIAN HWY,ADRIAN,MI,MEDASSETS,01/29/2025,2355503293,957,0.3,CS,37.71,0.69
,,R705T2,RBBA,PROMEDICA TOLEDO HOSPITAL (LUM),2142 N COVE BLVD,TOLEDO,OH,MEDASSETS,01/29/2025,2355499033,946,0.4,CS,62.96,0.0
,,R705T2,KPN9,GRADY HEALTH SYSTEM LUM CARTS,80 JESSE HILL JR DR SE,ATLANTA,GA,MEDASSETS,01/29/2025,2355497216,648,0.1,CS,15.2,0.0
,,R705T1,JKFF,NCH MD-HEALTHCARE SYSTEM,350 7TH ST N,NAPLES,FL,MEDASSETS,01/30/2025,2355535859,648,1.0,CS,155.04,0.0
,,R705T1,YFZS,NEUROSCIENCE GROUP,1305 W AMERICAN DR,NEENAH,WI,MEDASSETS,01/29/2025,2355541614,648,3.0,CS,465.12,0.0
,,R705T1,MKSO,BELLIN MEMORIAL HOSPITAL INC,905 CASS ST,GREEN BAY,WI,MEDASSETS,01/29/2025,2355561616,648,1.0,CS,155.04,0.0
,,R705T2,V888,BON SECOURS ST FRANCIS,2095 HENRY TECKLENBURG DR,CHARLESTON,SC,MEDASSETS,01/10/2025,7183910446,656,2.0,CS,274.3,0.0
,,R705T2,V888,BON SECOURS ST FRANCIS,2095 HENRY TECKLENBURG DR,CHARLESTON,SC,MEDASSETS,01/08/2025,7183813427,656,1.0,CS,137.15,0.0
,,R705T2,V888,BON SECOURS ST FRANCIS,2095 HENRY TECKLENBURG DR,CHARLESTON,SC,MEDASSETS,01/30/2025,7184648464,656,1.0,CS,137.15,0.0
,,R705T2,V888,BON SECOURS ST FRANCIS,2095 HENRY TECKLENBURG DR,CHARLESTON,SC,MEDASSETS,01/15/2025,7184087133,656,2.0,CS,274.3,0.0
,,R705T2,ZSGA,MOUNT PLEASANT HOSPITAL,3500 N HIGHWAY 17,MOUNT PLEASANT,SC,MEDASSETS,01/09/2025,7183869952,956,2.0,CS,309.8,0.0
,,R705T2,V889,ROPER HOSPITAL,316 CALHOUN ST,CHARLESTON,SC,MEDASSETS,01/01/2025,7183587454,956,1.0,CS,154.9,0.0
,,R705T2,V889,ROPER HOSPITAL,316 CALHOUN ST,CHARLESTON,SC,MEDASSETS,01/15/2025,7184087141,974,1.0,CS,215.7,0.0
,,R705T2,ZE3F,ROPER ST FRANCIS BERKELEY HOSP,100 CALLEN BLVD,SUMMERVILLE,SC,MEDASSETS,01/15/2025,7184097266,656,1.0,CS,137.15,0.0
,,R705T2,V889,ROPER HOSPITAL,316 CALHOUN ST,CHARLESTON,SC,MEDASSETS,01/28/2025,7184545568,974,1.0,CS,215.7,0.0
,,R705T2,8Y0D,PRECISION IMAGING CENTERS,1540 BUSINESS CENTER DR STE B,FLEMING ISLAND,FL,MEDASSETS,01/07/2025,74149253,957,5.0,CS,628.5,6.5
,,R705T2,13P4,OBSTETRIX MED GRP OF HOU-WOODLANDS POB2,1301 CONCORDE TERRACE SUNRISE ,TAMARAC,FL,MEDASSETS,01/08/2025,74183254,650,1.0,CS,132.75,1.25
,,R705T2,DJ9F,DERRY MEDICAL  CENTER PA,PO BOX 347 ,DERRY,NH,MEDASSETS,01/07/2025,74116774,957B,2.0,CS,213.4,2.6
,,R705T2,DJ9F,DERRY MEDICAL  CENTER PA,PO BOX 347 ,DERRY,NH,MEDASSETS,01/07/2025,74116773,957B,1.0,CS,106.7,1.3
,,R705T2,DJ9F,DERRY MEDICAL  CENTER PA,PO BOX 347 ,DERRY,NH,MEDASSETS,01/07/2025,74116760,957B,1.0,CS,106.7,1.3
,,R705T2,DJ9F,DERRY MEDICAL  CENTER PA,PO BOX 347 ,DERRY,NH,MEDASSETS,01/07/2025,74116822,957B,4.0,CS,426.8,5.2
,,R705T2,NNRO,"CROUSE MEDICAL PRACTICE, PLLC",730 S CROUSE AVE DBA INTERNIST ASSOCIATES OF CNY,SYRACUSE,NY,MEDASSETS,12/30/2024,73913856,650,0.5,CS,66.35,0.65
,,R705T2,DSVE,"UNITED MEDICAL IMAGING, INC",10436 SANTA MONICA BLVD SUITE 400 ,LOS ANGELES,CA,MEDASSETS,01/07/2025,74120821,957,1.0,CS,125.7,1.3
,,R705T2,UVAN,NEWPORT DIAGNOSTIC CENTER,1605 AVOCADO AVE ,NEWPORT BEACH,CA,MEDASSETS,01/07/2025,74120635,957,1.0,CS,125.7,1.3
,,R705T2,DSVE,"UNITED MEDICAL IMAGING, INC",10436 SANTA MONICA BLVD SUITE 400 ,LOS ANGELES,CA,MEDASSETS,01/02/2025,74004074,957,1.0,CS,125.7,1.3
,,R705T2,EXK7,PERINATAL ASSOC. OF NM LTD.,201 CEDAR ST SE STE 405 ,ALBUQUERQUE,NM,MEDASSETS,01/15/2025,74397392,650,2.0,CS,265.5,2.5
,,R705T2,GP1G,"TLC PERINATAL, RICHARD BROTH MD PA",10801 LOCKWOD DR STE 300 ,SILVER SPRING,MD,MEDASSETS,01/15/2025,74438870,650,3.0,CS,398.25,3.75
,,R705T2,DJ9F,DERRY MEDICAL  CENTER PA,PO BOX 347 ,DERRY,NH,MEDASSETS,01/10/2025,74250299,957B,4.0,CS,426.8,5.2
,,R705T2,AJ9L,"ARFAI, KIUMARS MD INC",19871 NORDHOFF ST DBA NORTHRIDGE SPECIALTY IMAGING CENTER,NORTHRIDGE,CA,MEDASSETS,01/14/2025,74361825,957B,5.0,CS,533.5,6.5
,,R705T2,DSVE,"UNITED MEDICAL IMAGING, INC",10436 SANTA MONICA BLVD SUITE 400 ,LOS ANGELES,CA,MEDASSETS,01/10/2025,74263688,957,2.0,CS,251.4,2.6
,,R705T2,KTDU,UF HEALTH WOMEN'S CENTER - MEDICAL PLAZA,PO BOX 100383 ,GAINESVILLE,FL,MEDASSETS,01/14/2025,23172343,650,1.0,CS,132.75,1.25
,,R705T2,KTDU,UF HEALTH WOMEN'S CENTER - MEDICAL PLAZA,PO BOX 100383 ,GAINESVILLE,FL,MEDASSETS,01/13/2025,23165018,650,1.0,CS,132.75,1.25
,,R705T2,GP1G,"TLC PERINATAL, RICHARD BROTH MD PA",10801 LOCKWOD DR STE 300 ,SILVER SPRING,MD,MEDASSETS,01/16/2025,74457595,650,1.0,CS,132.75,1.25
